Executing action: all (aliases: build)
Running ninja in directory /workspaces/PR-ESPIDFCodebase/build
Executing "ninja all"...
[1/2107] Generating /workspaces/PR-ESPIDFCodebase/build/esp-idf/esp_system/ld/memory.ld linker script...
[2/2107] Generating /workspaces/PR-ESPIDFCodebase/build/esp-idf/esp_system/ld/sections.ld.in linker script...
[3/2107] Building C object esp-idf/mbedtls/mbedtls/3rdparty/everest/CMakeFiles/everest.dir/library/x25519.c.obj
[4/2107] Building C object esp-idf/mbedtls/mbedtls/library/CMakeFiles/mbedcrypto.dir/bignum_mod.c.obj
[5/2107] Building C object esp-idf/mbedtls/mbedtls/library/CMakeFiles/mbedcrypto.dir/aesni.c.obj
[6/2107] Building C object esp-idf/mbedtls/mbedtls/3rdparty/everest/CMakeFiles/everest.dir/library/Hacl_Curve25519_joined.c.obj
[7/2107] Building C object esp-idf/mbedtls/mbedtls/3rdparty/everest/CMakeFiles/everest.dir/library/everest.c.obj
[8/2107] Building C object esp-idf/mbedtls/mbedtls/library/CMakeFiles/mbedcrypto.dir/asn1parse.c.obj
[9/2107] Building C object esp-idf/mbedtls/mbedtls/library/CMakeFiles/mbedcrypto.dir/aria.c.obj
[10/2107] Building C object esp-idf/mbedtls/mbedtls/library/CMakeFiles/mbedcrypto.dir/base64.c.obj
[11/2107] Building C object esp-idf/mbedtls/mbedtls/library/CMakeFiles/mbedcrypto.dir/aes.c.obj
[12/2107] Building C object esp-idf/mbedtls/mbedtls/3rdparty/p256-m/CMakeFiles/p256m.dir/p256-m/p256-m.c.obj
[13/2107] Building C object esp-idf/mbedtls/mbedtls/library/CMakeFiles/mbedcrypto.dir/bignum_core.c.obj
[14/2107] Building C object esp-idf/mbedtls/mbedtls/library/CMakeFiles/mbedcrypto.dir/bignum_mod_raw.c.obj
[15/2107] Building C object esp-idf/mbedtls/mbedtls/library/CMakeFiles/mbedcrypto.dir/block_cipher.c.obj
[16/2107] Building C object esp-idf/mbedtls/mbedtls/library/CMakeFiles/mbedcrypto.dir/camellia.c.obj
[17/2107] Building C object esp-idf/mbedtls/mbedtls/library/CMakeFiles/mbedcrypto.dir/asn1write.c.obj
[18/2107] Building C object esp-idf/mbedtls/mbedtls/library/CMakeFiles/mbedcrypto.dir/chacha20.c.obj
[19/2107] Building C object esp-idf/mbedtls/mbedtls/library/CMakeFiles/mbedcrypto.dir/chachapoly.c.obj
[20/2107] Building C object esp-idf/mbedtls/mbedtls/library/CMakeFiles/mbedcrypto.dir/ccm.c.obj
[21/2107] Building C object esp-idf/mbedtls/mbedtls/library/CMakeFiles/mbedcrypto.dir/aesce.c.obj
[22/2107] Building C object esp-idf/mbedtls/mbedtls/library/CMakeFiles/mbedcrypto.dir/bignum.c.obj
[23/2107] Building C object esp-idf/mbedtls/mbedtls/library/CMakeFiles/mbedcrypto.dir/des.c.obj
[24/2107] Building C object esp-idf/mbedtls/mbedtls/3rdparty/p256-m/CMakeFiles/p256m.dir/p256-m_driver_entrypoints.c.obj
[25/2107] Building C object esp-idf/mbedtls/mbedtls/library/CMakeFiles/mbedcrypto.dir/constant_time.c.obj
[26/2107] Building C object esp-idf/mbedtls/mbedtls/library/CMakeFiles/mbedcrypto.dir/cipher.c.obj
[27/2107] Building C object esp-idf/mbedtls/mbedtls/library/CMakeFiles/mbedcrypto.dir/ctr_drbg.c.obj
[28/2107] Building C object esp-idf/mbedtls/mbedtls/library/CMakeFiles/mbedcrypto.dir/cipher_wrap.c.obj
[29/2107] Building C object esp-idf/mbedtls/mbedtls/library/CMakeFiles/mbedcrypto.dir/ecjpake.c.obj
[30/2107] Building C object esp-idf/mbedtls/mbedtls/library/CMakeFiles/mbedcrypto.dir/ecdh.c.obj
[31/2107] Building C object esp-idf/mbedtls/mbedtls/library/CMakeFiles/mbedcrypto.dir/ecdsa.c.obj
[32/2107] Building C object esp-idf/mbedtls/mbedtls/library/CMakeFiles/mbedcrypto.dir/ecp_curves_new.c.obj
[33/2107] Building C object esp-idf/mbedtls/mbedtls/library/CMakeFiles/mbedcrypto.dir/dhm.c.obj
[34/2107] Building C object esp-idf/mbedtls/mbedtls/library/CMakeFiles/mbedcrypto.dir/ecp.c.obj
[35/2107] Building C object esp-idf/mbedtls/mbedtls/library/CMakeFiles/mbedcrypto.dir/cmac.c.obj
[36/2107] Building C object esp-idf/mbedtls/mbedtls/library/CMakeFiles/mbedcrypto.dir/ecp_curves.c.obj
[37/2107] Building C object esp-idf/mbedtls/mbedtls/library/CMakeFiles/mbedcrypto.dir/entropy.c.obj
[38/2107] Building C object esp-idf/mbedtls/mbedtls/library/CMakeFiles/mbedcrypto.dir/entropy_poll.c.obj
[39/2107] Building C object esp-idf/mbedtls/mbedtls/library/CMakeFiles/mbedcrypto.dir/hkdf.c.obj
[40/2107] Building C object esp-idf/mbedtls/mbedtls/library/CMakeFiles/mbedcrypto.dir/hmac_drbg.c.obj
[41/2107] Building C object esp-idf/mbedtls/mbedtls/library/CMakeFiles/mbedcrypto.dir/md5.c.obj
[42/2107] Building C object esp-idf/mbedtls/mbedtls/library/CMakeFiles/mbedcrypto.dir/error.c.obj
[43/2107] Building C object esp-idf/mbedtls/mbedtls/library/CMakeFiles/mbedcrypto.dir/padlock.c.obj
[44/2107] Building C object esp-idf/mbedtls/mbedtls/library/CMakeFiles/mbedcrypto.dir/md.c.obj
[45/2107] Building C object esp-idf/mbedtls/mbedtls/library/CMakeFiles/mbedcrypto.dir/gcm.c.obj
[46/2107] Building C object esp-idf/mbedtls/mbedtls/library/CMakeFiles/mbedcrypto.dir/lmots.c.obj
[47/2107] Building C object esp-idf/mbedtls/mbedtls/library/CMakeFiles/mbedcrypto.dir/pk_ecc.c.obj
[48/2107] Building C object esp-idf/mbedtls/mbedtls/library/CMakeFiles/mbedcrypto.dir/pem.c.obj
[49/2107] Building C object esp-idf/mbedtls/mbedtls/library/CMakeFiles/mbedcrypto.dir/nist_kw.c.obj
[50/2107] Building C object esp-idf/mbedtls/mbedtls/library/CMakeFiles/mbedcrypto.dir/memory_buffer_alloc.c.obj
[51/2107] Building C object esp-idf/mbedtls/mbedtls/library/CMakeFiles/mbedcrypto.dir/oid.c.obj
[52/2107] Building C object esp-idf/mbedtls/mbedtls/library/CMakeFiles/mbedcrypto.dir/pk.c.obj
[53/2107] Building C object esp-idf/mbedtls/mbedtls/library/CMakeFiles/mbedcrypto.dir/pk_wrap.c.obj
[54/2107] Building C object esp-idf/mbedtls/mbedtls/library/CMakeFiles/mbedcrypto.dir/platform_util.c.obj
[55/2107] Building C object esp-idf/mbedtls/mbedtls/library/CMakeFiles/mbedcrypto.dir/pkcs12.c.obj
[56/2107] Building C object esp-idf/mbedtls/mbedtls/library/CMakeFiles/mbedcrypto.dir/platform.c.obj
[57/2107] Building C object esp-idf/mbedtls/mbedtls/library/CMakeFiles/mbedcrypto.dir/lms.c.obj
[58/2107] Building C object esp-idf/mbedtls/mbedtls/library/CMakeFiles/mbedcrypto.dir/pkwrite.c.obj
[59/2107] Building C object esp-idf/mbedtls/mbedtls/library/CMakeFiles/mbedcrypto.dir/pkparse.c.obj
[60/2107] Building C object esp-idf/mbedtls/mbedtls/library/CMakeFiles/mbedcrypto.dir/poly1305.c.obj
[61/2107] Building C object esp-idf/mbedtls/mbedtls/library/CMakeFiles/mbedcrypto.dir/psa_crypto_cipher.c.obj
[62/2107] Building C object esp-idf/mbedtls/mbedtls/library/CMakeFiles/mbedcrypto.dir/psa_crypto_driver_wrappers_no_static.c.obj
[63/2107] Building C object esp-idf/mbedtls/mbedtls/library/CMakeFiles/mbedcrypto.dir/psa_crypto_aead.c.obj
[64/2107] Building C object esp-idf/mbedtls/mbedtls/library/CMakeFiles/mbedcrypto.dir/psa_crypto_mac.c.obj
[65/2107] Building C object esp-idf/mbedtls/mbedtls/library/CMakeFiles/mbedcrypto.dir/psa_crypto_se.c.obj
[66/2107] Building C object esp-idf/mbedtls/mbedtls/library/CMakeFiles/mbedcrypto.dir/psa_crypto_ecp.c.obj
[67/2107] Building C object esp-idf/mbedtls/mbedtls/library/CMakeFiles/mbedcrypto.dir/psa_crypto_hash.c.obj
[68/2107] Building C object esp-idf/mbedtls/mbedtls/library/CMakeFiles/mbedcrypto.dir/psa_crypto_ffdh.c.obj
[69/2107] Building C object esp-idf/mbedtls/mbedtls/library/CMakeFiles/mbedcrypto.dir/psa_crypto_rsa.c.obj
[70/2107] Building C object esp-idf/mbedtls/mbedtls/library/CMakeFiles/mbedcrypto.dir/psa_crypto.c.obj
[71/2107] Building C object esp-idf/mbedtls/mbedtls/library/CMakeFiles/mbedcrypto.dir/pkcs5.c.obj
[72/2107] Building C object esp-idf/mbedtls/mbedtls/library/CMakeFiles/mbedcrypto.dir/ripemd160.c.obj
[73/2107] Building C object esp-idf/mbedtls/mbedtls/library/CMakeFiles/mbedcrypto.dir/psa_crypto_pake.c.obj
[74/2107] Building C object esp-idf/mbedtls/mbedtls/library/CMakeFiles/mbedcrypto.dir/psa_crypto_storage.c.obj
[75/2107] Building C object esp-idf/mbedtls/mbedtls/library/CMakeFiles/mbedcrypto.dir/psa_its_file.c.obj
[76/2107] Building C object esp-idf/mbedtls/mbedtls/library/CMakeFiles/mbedcrypto.dir/psa_crypto_client.c.obj
[77/2107] Building C object esp-idf/mbedtls/mbedtls/library/CMakeFiles/mbedcrypto.dir/psa_util.c.obj
[78/2107] Building C object esp-idf/mbedtls/mbedtls/library/CMakeFiles/mbedcrypto.dir/psa_crypto_slot_management.c.obj
[79/2107] Building C object esp-idf/mbedtls/mbedtls/library/CMakeFiles/mbedcrypto.dir/sha1.c.obj
[80/2107] Building C object esp-idf/mbedtls/mbedtls/library/CMakeFiles/mbedcrypto.dir/sha3.c.obj
[81/2107] Building C object esp-idf/mbedtls/mbedtls/library/CMakeFiles/mbedcrypto.dir/rsa.c.obj
[82/2107] Building C object esp-idf/mbedtls/mbedtls/library/CMakeFiles/mbedcrypto.dir/version.c.obj
[83/2107] Building C object esp-idf/mbedtls/mbedtls/library/CMakeFiles/mbedcrypto.dir/sha512.c.obj
[84/2107] Building C object esp-idf/mbedtls/mbedtls/library/CMakeFiles/mbedcrypto.dir/rsa_alt_helpers.c.obj
[85/2107] Building C object esp-idf/mbedtls/mbedtls/library/CMakeFiles/mbedcrypto.dir/opt/esp/idf/components/mbedtls/port/esp_mem.c.obj
[86/2107] Building C object esp-idf/mbedtls/mbedtls/library/CMakeFiles/mbedcrypto.dir/opt/esp/idf/components/mbedtls/port/esp_hardware.c.obj
[87/2107] Building C object esp-idf/mbedtls/mbedtls/library/CMakeFiles/mbedcrypto.dir/sha256.c.obj
[88/2107] Building C object esp-idf/mbedtls/mbedtls/library/CMakeFiles/mbedcrypto.dir/timing.c.obj
[89/2107] Building C object esp-idf/mbedtls/mbedtls/library/CMakeFiles/mbedcrypto.dir/opt/esp/idf/components/mbedtls/port/esp_timing.c.obj
[90/2107] Building C object esp-idf/mbedtls/mbedtls/library/CMakeFiles/mbedcrypto.dir/opt/esp/idf/components/mbedtls/port/aes/esp_aes_xts.c.obj
[91/2107] Building C object esp-idf/mbedtls/mbedtls/library/CMakeFiles/mbedcrypto.dir/threading.c.obj
[92/2107] Building C object esp-idf/mbedtls/mbedtls/library/CMakeFiles/mbedcrypto.dir/version_features.c.obj
[93/2107] Building C object esp-idf/mbedtls/mbedtls/library/CMakeFiles/mbedcrypto.dir/opt/esp/idf/components/mbedtls/port/aes/esp_aes_common.c.obj
[94/2107] Building C object esp-idf/mbedtls/mbedtls/library/CMakeFiles/mbedcrypto.dir/opt/esp/idf/components/mbedtls/port/sha/parallel_engine/esp_sha512.c.obj
[95/2107] Building C object esp-idf/mbedtls/mbedtls/library/CMakeFiles/mbedcrypto.dir/opt/esp/idf/components/mbedtls/port/sha/parallel_engine/esp_sha256.c.obj
[96/2107] Building C object esp-idf/mbedtls/mbedtls/library/CMakeFiles/mbedcrypto.dir/opt/esp/idf/components/mbedtls/port/bignum/bignum_alt.c.obj
[97/2107] Building C object esp-idf/mbedtls/mbedtls/library/CMakeFiles/mbedcrypto.dir/opt/esp/idf/components/mbedtls/port/aes/block/esp_aes.c.obj
[98/2107] Building C object esp-idf/mbedtls/mbedtls/library/CMakeFiles/mbedcrypto.dir/opt/esp/idf/components/mbedtls/port/sha/parallel_engine/sha.c.obj
[99/2107] Building C object esp-idf/mbedtls/mbedtls/library/CMakeFiles/mbedcrypto.dir/opt/esp/idf/components/mbedtls/port/aes/esp_aes_gcm.c.obj
[100/2107] Building C object esp-idf/mbedtls/mbedtls/library/CMakeFiles/mbedcrypto.dir/opt/esp/idf/components/mbedtls/port/md/esp_md.c.obj
[101/2107] Building C object esp-idf/mbedtls/mbedtls/library/CMakeFiles/mbedcrypto.dir/opt/esp/idf/components/mbedtls/port/bignum/esp_bignum.c.obj
[102/2107] Building C object esp-idf/mbedtls/mbedtls/library/CMakeFiles/mbedcrypto.dir/opt/esp/idf/components/mbedtls/port/sha/parallel_engine/esp_sha1.c.obj
[103/2107] Building C object esp-idf/mbedtls/mbedtls/library/CMakeFiles/mbedcrypto.dir/opt/esp/idf/components/mbedtls/port/sha/esp_sha.c.obj
[104/2107] Building C object esp-idf/mbedtls/mbedtls/library/CMakeFiles/mbedx509.dir/x509_crl.c.obj
[105/2107] Building C object esp-idf/mbedtls/mbedtls/library/CMakeFiles/mbedtls.dir/mps_trace.c.obj
[106/2107] Building C object esp-idf/mbedtls/mbedtls/library/CMakeFiles/mbedtls.dir/mps_reader.c.obj
[107/2107] Building C object esp-idf/mbedtls/mbedtls/library/CMakeFiles/mbedx509.dir/pkcs7.c.obj
[108/2107] Building C object esp-idf/mbedtls/mbedtls/library/CMakeFiles/mbedx509.dir/x509_create.c.obj
[109/2107] Building C object esp-idf/mbedtls/mbedtls/library/CMakeFiles/mbedx509.dir/x509.c.obj
[110/2107] Building C object esp-idf/mbedtls/mbedtls/library/CMakeFiles/mbedx509.dir/x509write.c.obj
[111/2107] Building C object esp-idf/mbedtls/mbedtls/library/CMakeFiles/mbedtls.dir/debug.c.obj
[112/2107] Building C object esp-idf/mbedtls/mbedtls/library/CMakeFiles/mbedx509.dir/x509write_csr.c.obj
[113/2107] Building C object esp-idf/mbedtls/mbedtls/library/CMakeFiles/mbedx509.dir/x509write_crt.c.obj
[114/2107] Building C object esp-idf/mbedtls/mbedtls/library/CMakeFiles/mbedx509.dir/x509_csr.c.obj
[115/2107] Building C object esp-idf/mbedtls/mbedtls/library/CMakeFiles/mbedtls.dir/ssl_tls13_keys.c.obj
[116/2107] Building C object esp-idf/mbedtls/mbedtls/library/CMakeFiles/mbedtls.dir/ssl_ciphersuites.c.obj
[117/2107] Building C object esp-idf/mbedtls/mbedtls/library/CMakeFiles/mbedtls.dir/ssl_debug_helpers_generated.c.obj
[118/2107] Building C object esp-idf/mbedtls/mbedtls/library/CMakeFiles/mbedtls.dir/ssl_client.c.obj
[119/2107] Building C object esp-idf/mbedtls/mbedtls/library/CMakeFiles/mbedtls.dir/ssl_tls13_generic.c.obj
[120/2107] Building C object esp-idf/mbedtls/mbedtls/library/CMakeFiles/mbedtls.dir/ssl_cookie.c.obj
[121/2107] Building C object esp-idf/mbedtls/mbedtls/library/CMakeFiles/mbedtls.dir/ssl_ticket.c.obj
[122/2107] Building C object esp-idf/mbedtls/mbedtls/library/CMakeFiles/mbedx509.dir/x509_crt.c.obj
[123/2107] Building C object esp-idf/mbedtls/mbedtls/library/CMakeFiles/mbedtls.dir/ssl_tls13_server.c.obj
[124/2107] Building C object esp-idf/mbedtls/mbedtls/library/CMakeFiles/mbedtls.dir/ssl_tls12_server.c.obj
[125/2107] Building C object esp-idf/mbedtls/mbedtls/library/CMakeFiles/mbedtls.dir/ssl_tls13_client.c.obj
[126/2107] Building C object esp-idf/mbedtls/mbedtls/library/CMakeFiles/mbedtls.dir/ssl_msg.c.obj
[127/2107] Building C object esp-idf/mbedtls/mbedtls/library/CMakeFiles/mbedtls.dir/opt/esp/idf/components/mbedtls/port/esp_platform_time.c.obj
[128/2107] Building C object esp-idf/app_update/CMakeFiles/__idf_app_update.dir/esp_ota_app_desc.c.obj
[129/2107] Building C object esp-idf/mbedtls/mbedtls/library/CMakeFiles/mbedtls.dir/ssl_tls12_client.c.obj
[130/2107] Building C object esp-idf/efuse/CMakeFiles/__idf_efuse.dir/esp32/esp_efuse_table.c.obj
[131/2107] Building C object esp-idf/mbedtls/mbedtls/library/CMakeFiles/mbedtls.dir/ssl_tls.c.obj
[132/2107] Building C object esp-idf/esp_partition/CMakeFiles/__idf_esp_partition.dir/partition.c.obj
[133/2107] Building C object esp-idf/esp_bootloader_format/CMakeFiles/__idf_esp_bootloader_format.dir/esp_bootloader_desc.c.obj
[134/2107] Building C object esp-idf/efuse/CMakeFiles/__idf_efuse.dir/esp32/esp_efuse_fields.c.obj
[135/2107] Building C object esp-idf/efuse/CMakeFiles/__idf_efuse.dir/esp32/esp_efuse_utility.c.obj
[136/2107] Building C object esp-idf/app_update/CMakeFiles/__idf_app_update.dir/esp_ota_ops.c.obj
[137/2107] Building C object esp-idf/esp_partition/CMakeFiles/__idf_esp_partition.dir/partition_target.c.obj
[138/2107] Building C object esp-idf/mbedtls/mbedtls/library/CMakeFiles/mbedtls.dir/opt/esp/idf/components/mbedtls/port/mbedtls_debug.c.obj
[139/2107] Building C object esp-idf/efuse/CMakeFiles/__idf_efuse.dir/src/esp_efuse_fields.c.obj
[140/2107] Building C object esp-idf/efuse/CMakeFiles/__idf_efuse.dir/src/efuse_controller/keys/without_key_purposes/three_key_blocks/esp_efuse_api_key.c.obj
[141/2107] Building C object esp-idf/efuse/CMakeFiles/__idf_efuse.dir/src/esp_efuse_utility.c.obj
[142/2107] Building C object esp-idf/efuse/CMakeFiles/__idf_efuse.dir/src/esp_efuse_api.c.obj
[143/2107] Building C object esp-idf/efuse/CMakeFiles/__idf_efuse.dir/src/esp_efuse_startup.c.obj
[144/2107] Building C object esp-idf/mbedtls/mbedtls/library/CMakeFiles/mbedtls.dir/ssl_cache.c.obj
[145/2107] Building C object esp-idf/esp_app_format/CMakeFiles/__idf_esp_app_format.dir/esp_app_desc.c.obj
[146/2107] Building C object esp-idf/bootloader_support/CMakeFiles/__idf_bootloader_support.dir/src/bootloader_efuse.c.obj
[147/2107] Building C object esp-idf/mbedtls/mbedtls/library/CMakeFiles/mbedtls.dir/opt/esp/idf/components/mbedtls/port/net_sockets.c.obj
[148/2107] Building C object esp-idf/bootloader_support/CMakeFiles/__idf_bootloader_support.dir/src/bootloader_common.c.obj
[149/2107] Building C object esp-idf/bootloader_support/CMakeFiles/__idf_bootloader_support.dir/src/bootloader_common_loader.c.obj
[150/2107] Building C object esp-idf/bootloader_support/CMakeFiles/__idf_bootloader_support.dir/src/bootloader_clock_init.c.obj
[151/2107] Building C object esp-idf/bootloader_support/CMakeFiles/__idf_bootloader_support.dir/src/flash_encrypt.c.obj
[152/2107] Building C object esp-idf/bootloader_support/CMakeFiles/__idf_bootloader_support.dir/src/secure_boot.c.obj
[153/2107] Building C object esp-idf/bootloader_support/CMakeFiles/__idf_bootloader_support.dir/bootloader_flash/src/bootloader_flash.c.obj
[154/2107] Building C object esp-idf/bootloader_support/CMakeFiles/__idf_bootloader_support.dir/src/bootloader_mem.c.obj
[155/2107] Building C object esp-idf/bootloader_support/CMakeFiles/__idf_bootloader_support.dir/src/bootloader_random.c.obj
[156/2107] Building C object esp-idf/bootloader_support/CMakeFiles/__idf_bootloader_support.dir/bootloader_flash/src/flash_qio_mode.c.obj
[157/2107] Building C object esp-idf/esp_mm/CMakeFiles/__idf_esp_mm.dir/port/esp32/ext_mem_layout.c.obj
[158/2107] Building C object esp-idf/bootloader_support/CMakeFiles/__idf_bootloader_support.dir/src/esp32/secure_boot_secure_features.c.obj
[159/2107] Building C object esp-idf/bootloader_support/CMakeFiles/__idf_bootloader_support.dir/src/flash_partitions.c.obj
[160/2107] Building C object esp-idf/bootloader_support/CMakeFiles/__idf_bootloader_support.dir/src/bootloader_random_esp32.c.obj
[161/2107] Building C object esp-idf/spi_flash/CMakeFiles/__idf_spi_flash.dir/flash_brownout_hook.c.obj
[162/2107] Building C object esp-idf/bootloader_support/CMakeFiles/__idf_bootloader_support.dir/src/bootloader_sha.c.obj
[163/2107] Building C object esp-idf/esp_mm/CMakeFiles/__idf_esp_mm.dir/cache_esp32.c.obj
[164/2107] Building C object esp-idf/spi_flash/CMakeFiles/__idf_spi_flash.dir/spi_flash_chip_drivers.c.obj
[165/2107] Building C object esp-idf/spi_flash/CMakeFiles/__idf_spi_flash.dir/spi_flash_chip_issi.c.obj
[166/2107] Building C object esp-idf/bootloader_support/CMakeFiles/__idf_bootloader_support.dir/bootloader_flash/src/bootloader_flash_config_esp32.c.obj
[167/2107] Building C object esp-idf/esp_mm/CMakeFiles/__idf_esp_mm.dir/esp_cache_utils.c.obj
[168/2107] Building C object esp-idf/esp_mm/CMakeFiles/__idf_esp_mm.dir/esp_cache_msync.c.obj
[169/2107] Building C object esp-idf/bootloader_support/CMakeFiles/__idf_bootloader_support.dir/src/bootloader_utility.c.obj
[170/2107] Building C object esp-idf/bootloader_support/CMakeFiles/__idf_bootloader_support.dir/src/esp_image_format.c.obj
[171/2107] Building C object esp-idf/spi_flash/CMakeFiles/__idf_spi_flash.dir/spi_flash_chip_mxic.c.obj
[172/2107] Building C object esp-idf/spi_flash/CMakeFiles/__idf_spi_flash.dir/spi_flash_chip_gd.c.obj
[173/2107] Building C object esp-idf/spi_flash/CMakeFiles/__idf_spi_flash.dir/spi_flash_chip_generic.c.obj
[174/2107] Building C object esp-idf/esp_mm/CMakeFiles/__idf_esp_mm.dir/esp_mmu_map.c.obj
[175/2107] Building C object esp-idf/esp_mm/CMakeFiles/__idf_esp_mm.dir/heap_align_hw.c.obj
[176/2107] Building C object esp-idf/spi_flash/CMakeFiles/__idf_spi_flash.dir/spi_flash_chip_th.c.obj
[177/2107] Building C object esp-idf/spi_flash/CMakeFiles/__idf_spi_flash.dir/spi_flash_chip_winbond.c.obj
[178/2107] Building C object esp-idf/spi_flash/CMakeFiles/__idf_spi_flash.dir/spi_flash_chip_mxic_opi.c.obj
[179/2107] Building C object esp-idf/spi_flash/CMakeFiles/__idf_spi_flash.dir/spi_flash_wrap.c.obj
[180/2107] Building C object esp-idf/spi_flash/CMakeFiles/__idf_spi_flash.dir/spi_flash_chip_boya.c.obj
[181/2107] Building C object esp-idf/spi_flash/CMakeFiles/__idf_spi_flash.dir/memspi_host_driver.c.obj
[182/2107] Building C object esp-idf/spi_flash/CMakeFiles/__idf_spi_flash.dir/flash_mmap.c.obj
[183/2107] Building C object esp-idf/esp_system/CMakeFiles/__idf_esp_system.dir/esp_err.c.obj
[184/2107] Building C object esp-idf/esp_system/CMakeFiles/__idf_esp_system.dir/esp_system_console.c.obj
[185/2107] Building C object esp-idf/spi_flash/CMakeFiles/__idf_spi_flash.dir/flash_ops.c.obj
[186/2107] Building C object esp-idf/spi_flash/CMakeFiles/__idf_spi_flash.dir/spi_flash_os_func_noos.c.obj
[187/2107] Building C object esp-idf/spi_flash/CMakeFiles/__idf_spi_flash.dir/spi_flash_os_func_app.c.obj
[188/2107] Building C object esp-idf/spi_flash/CMakeFiles/__idf_spi_flash.dir/cache_utils.c.obj
[189/2107] Building C object esp-idf/esp_system/CMakeFiles/__idf_esp_system.dir/crosscore_int.c.obj
[190/2107] Building C object esp-idf/esp_system/CMakeFiles/__idf_esp_system.dir/panic.c.obj
[191/2107] Building C object esp-idf/esp_system/CMakeFiles/__idf_esp_system.dir/esp_system.c.obj
[192/2107] Building C object esp-idf/esp_system/CMakeFiles/__idf_esp_system.dir/esp_ipc.c.obj
[193/2107] Building C object esp-idf/esp_system/CMakeFiles/__idf_esp_system.dir/stack_check.c.obj
[194/2107] Building C object esp-idf/esp_system/CMakeFiles/__idf_esp_system.dir/system_time.c.obj
[195/2107] Building C object esp-idf/esp_system/CMakeFiles/__idf_esp_system.dir/startup.c.obj
[196/2107] Building C object esp-idf/spi_flash/CMakeFiles/__idf_spi_flash.dir/esp_flash_spi_init.c.obj
[197/2107] Building C object esp-idf/esp_system/CMakeFiles/__idf_esp_system.dir/ubsan.c.obj
[198/2107] Building C object esp-idf/spi_flash/CMakeFiles/__idf_spi_flash.dir/esp_flash_api.c.obj
[199/2107] Building C object esp-idf/esp_system/CMakeFiles/__idf_esp_system.dir/xt_wdt.c.obj
[200/2107] Building C object esp-idf/esp_system/CMakeFiles/__idf_esp_system.dir/port/panic_handler.c.obj
[201/2107] Building C object esp-idf/esp_system/CMakeFiles/__idf_esp_system.dir/port/image_process.c.obj
[202/2107] Building C object esp-idf/esp_system/CMakeFiles/__idf_esp_system.dir/int_wdt.c.obj
[203/2107] Building C object esp-idf/esp_system/CMakeFiles/__idf_esp_system.dir/freertos_hooks.c.obj
[204/2107] Building ASM object esp-idf/esp_system/CMakeFiles/__idf_esp_system.dir/port/arch/xtensa/esp_ipc_isr_routines.S.obj
[205/2107] Building C object esp-idf/esp_system/CMakeFiles/__idf_esp_system.dir/port/arch/xtensa/esp_ipc_isr_port.c.obj
[206/2107] Building ASM object esp-idf/esp_system/CMakeFiles/__idf_esp_system.dir/port/arch/xtensa/panic_handler_asm.S.obj
[207/2107] Building ASM object esp-idf/esp_system/CMakeFiles/__idf_esp_system.dir/port/arch/xtensa/esp_ipc_isr_handler.S.obj
[208/2107] Building C object esp-idf/esp_system/CMakeFiles/__idf_esp_system.dir/startup_funcs.c.obj
[209/2107] Building C object esp-idf/esp_system/CMakeFiles/__idf_esp_system.dir/task_wdt/task_wdt.c.obj
[210/2107] Building C object esp-idf/esp_system/CMakeFiles/__idf_esp_system.dir/port/cpu_start.c.obj
[211/2107] Building C object esp-idf/esp_system/CMakeFiles/__idf_esp_system.dir/port/esp_system_chip.c.obj
[212/2107] Building C object esp-idf/esp_system/CMakeFiles/__idf_esp_system.dir/task_wdt/task_wdt_impl_timergroup.c.obj
[213/2107] Building C object esp-idf/esp_system/CMakeFiles/__idf_esp_system.dir/port/arch/xtensa/trax.c.obj
[214/2107] Building C object esp-idf/esp_system/CMakeFiles/__idf_esp_system.dir/port/arch/xtensa/panic_arch.c.obj
[215/2107] Building C object esp-idf/esp_system/CMakeFiles/__idf_esp_system.dir/port/arch/xtensa/debug_stubs.c.obj
[216/2107] Building C object esp-idf/esp_system/CMakeFiles/__idf_esp_system.dir/port/arch/xtensa/expression_with_stack.c.obj
[217/2107] Building ASM object esp-idf/esp_system/CMakeFiles/__idf_esp_system.dir/port/soc/esp32/highint_hdl.S.obj
[218/2107] Building C object esp-idf/esp_system/CMakeFiles/__idf_esp_system.dir/port/esp_ipc_isr.c.obj
[219/2107] Building C object esp-idf/esp_system/CMakeFiles/__idf_esp_system.dir/port/arch/xtensa/debug_helpers.c.obj
[220/2107] Building ASM object esp-idf/esp_rom/CMakeFiles/__idf_esp_rom.dir/patches/esp_rom_longjmp.S.obj
[221/2107] Building C object esp-idf/esp_rom/CMakeFiles/__idf_esp_rom.dir/patches/esp_rom_print.c.obj
[222/2107] Building C object esp-idf/esp_rom/CMakeFiles/__idf_esp_rom.dir/patches/esp_rom_efuse.c.obj
[223/2107] Building C object esp-idf/hal/CMakeFiles/__idf_hal.dir/hal_utils.c.obj
[224/2107] Building C object esp-idf/esp_rom/CMakeFiles/__idf_esp_rom.dir/patches/esp_rom_sys.c.obj
[225/2107] Building C object esp-idf/esp_system/CMakeFiles/__idf_esp_system.dir/port/soc/esp32/reset_reason.c.obj
[226/2107] Building C object esp-idf/hal/CMakeFiles/__idf_hal.dir/mpu_hal.c.obj
[227/2107] Building C object esp-idf/esp_rom/CMakeFiles/__idf_esp_rom.dir/patches/esp_rom_uart.c.obj
[228/2107] Building C object esp-idf/hal/CMakeFiles/__idf_hal.dir/esp32/cache_hal_esp32.c.obj
[229/2107] Building C object esp-idf/hal/CMakeFiles/__idf_hal.dir/mmu_hal.c.obj
[230/2107] Building C object esp-idf/esp_system/CMakeFiles/__idf_esp_system.dir/port/soc/esp32/clk.c.obj
[231/2107] Building C object esp-idf/esp_system/CMakeFiles/__idf_esp_system.dir/port/soc/esp32/cache_err_int.c.obj
[232/2107] Building C object esp-idf/esp_system/CMakeFiles/__idf_esp_system.dir/port/soc/esp32/system_internal.c.obj
[233/2107] Building C object esp-idf/hal/CMakeFiles/__idf_hal.dir/efuse_hal.c.obj
[234/2107] Building C object esp-idf/hal/CMakeFiles/__idf_hal.dir/color_hal.c.obj
[235/2107] Building C object esp-idf/hal/CMakeFiles/__idf_hal.dir/spi_flash_encrypt_hal_iram.c.obj
[236/2107] Building C object esp-idf/hal/CMakeFiles/__idf_hal.dir/uart_hal.c.obj
[237/2107] Building C object esp-idf/esp_rom/CMakeFiles/__idf_esp_rom.dir/patches/esp_rom_spiflash.c.obj
[238/2107] Building C object esp-idf/hal/CMakeFiles/__idf_hal.dir/esp32/efuse_hal.c.obj
[239/2107] Building C object esp-idf/esp_rom/CMakeFiles/__idf_esp_rom.dir/patches/esp_rom_gpio.c.obj
[240/2107] Building C object esp-idf/hal/CMakeFiles/__idf_hal.dir/wdt_hal_iram.c.obj
[241/2107] Building C object esp-idf/hal/CMakeFiles/__idf_hal.dir/spi_flash_hal_iram.c.obj
[242/2107] Building C object esp-idf/hal/CMakeFiles/__idf_hal.dir/uart_hal_iram.c.obj
[243/2107] Building C object esp-idf/hal/CMakeFiles/__idf_hal.dir/rtc_io_hal.c.obj
[244/2107] Building C object esp-idf/hal/CMakeFiles/__idf_hal.dir/gpio_hal.c.obj
[245/2107] Building C object esp-idf/hal/CMakeFiles/__idf_hal.dir/ledc_hal_iram.c.obj
[246/2107] Building C object esp-idf/hal/CMakeFiles/__idf_hal.dir/timer_hal.c.obj
[247/2107] Building C object esp-idf/hal/CMakeFiles/__idf_hal.dir/spi_flash_hal.c.obj
[248/2107] Building C object esp-idf/hal/CMakeFiles/__idf_hal.dir/i2c_hal.c.obj
[249/2107] Building C object esp-idf/hal/CMakeFiles/__idf_hal.dir/sdm_hal.c.obj
[250/2107] Building C object esp-idf/hal/CMakeFiles/__idf_hal.dir/esp32/clk_tree_hal.c.obj
[251/2107] Building C object esp-idf/hal/CMakeFiles/__idf_hal.dir/ledc_hal.c.obj
[252/2107] Building C object esp-idf/hal/CMakeFiles/__idf_hal.dir/rmt_hal.c.obj
[253/2107] Building C object esp-idf/hal/CMakeFiles/__idf_hal.dir/mcpwm_hal.c.obj
[254/2107] Building C object esp-idf/hal/CMakeFiles/__idf_hal.dir/twai_hal_sja1000.c.obj
[255/2107] Building C object esp-idf/hal/CMakeFiles/__idf_hal.dir/i2s_hal.c.obj
[256/2107] Building C object esp-idf/hal/CMakeFiles/__idf_hal.dir/emac_hal.c.obj
[257/2107] Building C object esp-idf/hal/CMakeFiles/__idf_hal.dir/sdmmc_hal.c.obj
[258/2107] Building C object esp-idf/hal/CMakeFiles/__idf_hal.dir/i2c_hal_iram.c.obj
[259/2107] Building C object esp-idf/hal/CMakeFiles/__idf_hal.dir/pcnt_hal.c.obj
[260/2107] Building C object esp-idf/hal/CMakeFiles/__idf_hal.dir/adc_hal_common.c.obj
[261/2107] Building C object esp-idf/hal/CMakeFiles/__idf_hal.dir/mpi_hal.c.obj
[262/2107] Building C object esp-idf/esp_common/CMakeFiles/__idf_esp_common.dir/src/esp_err_to_name.c.obj
[263/2107] Building C object esp-idf/hal/CMakeFiles/__idf_hal.dir/sha_hal.c.obj
[264/2107] Building C object esp-idf/hal/CMakeFiles/__idf_hal.dir/brownout_hal.c.obj
[265/2107] Building C object esp-idf/hal/CMakeFiles/__idf_hal.dir/adc_hal.c.obj
[266/2107] Building C object esp-idf/hal/CMakeFiles/__idf_hal.dir/aes_hal.c.obj
[267/2107] Building C object esp-idf/hal/CMakeFiles/__idf_hal.dir/spi_hal.c.obj
[268/2107] Building C object esp-idf/hal/CMakeFiles/__idf_hal.dir/esp32/touch_sensor_hal.c.obj
[269/2107] Building C object esp-idf/hal/CMakeFiles/__idf_hal.dir/spi_slave_hal.c.obj
[270/2107] Building C object esp-idf/hal/CMakeFiles/__idf_hal.dir/adc_oneshot_hal.c.obj
[271/2107] Building C object esp-idf/hal/CMakeFiles/__idf_hal.dir/spi_slave_hal_iram.c.obj
[272/2107] Building C object esp-idf/hal/CMakeFiles/__idf_hal.dir/touch_sensor_hal.c.obj
[273/2107] Building C object esp-idf/hal/CMakeFiles/__idf_hal.dir/touch_sens_hal.c.obj
[274/2107] Building C object esp-idf/log/CMakeFiles/__idf_log.dir/src/util.c.obj
[275/2107] Building C object esp-idf/log/CMakeFiles/__idf_log.dir/src/buffer/log_buffers.c.obj
[276/2107] Building C object esp-idf/hal/CMakeFiles/__idf_hal.dir/esp32/gpio_hal_workaround.c.obj
[277/2107] Building C object esp-idf/log/CMakeFiles/__idf_log.dir/src/os/log_timestamp.c.obj
[278/2107] Building C object esp-idf/log/CMakeFiles/__idf_log.dir/src/log_level/log_level.c.obj
[279/2107] Building C object esp-idf/hal/CMakeFiles/__idf_hal.dir/spi_hal_iram.c.obj
[280/2107] Building C object esp-idf/log/CMakeFiles/__idf_log.dir/src/log_format_text.c.obj
[281/2107] Building C object esp-idf/log/CMakeFiles/__idf_log.dir/src/log_level/tag_log_level/tag_log_level.c.obj
[282/2107] Building C object esp-idf/log/CMakeFiles/__idf_log.dir/src/log_timestamp_common.c.obj
[283/2107] Building C object esp-idf/log/CMakeFiles/__idf_log.dir/src/os/util.c.obj
[284/2107] Building C object esp-idf/log/CMakeFiles/__idf_log.dir/src/log.c.obj
[285/2107] Building C object esp-idf/hal/CMakeFiles/__idf_hal.dir/sdio_slave_hal.c.obj
[286/2107] Building C object esp-idf/log/CMakeFiles/__idf_log.dir/src/os/log_write.c.obj
[287/2107] Building C object esp-idf/log/CMakeFiles/__idf_log.dir/src/log_level/tag_log_level/cache/log_binary_heap.c.obj
[288/2107] Building C object esp-idf/log/CMakeFiles/__idf_log.dir/src/log_print.c.obj
[289/2107] Building C object esp-idf/heap/CMakeFiles/__idf_heap.dir/port/esp32/memory_layout.c.obj
[290/2107] Building C object esp-idf/soc/CMakeFiles/__idf_soc.dir/dport_access_common.c.obj
[291/2107] Building C object esp-idf/heap/CMakeFiles/__idf_heap.dir/tlsf/tlsf.c.obj
[292/2107] Building C object esp-idf/log/CMakeFiles/__idf_log.dir/src/log_level/tag_log_level/linked_list/log_linked_list.c.obj
[293/2107] Building C object esp-idf/soc/CMakeFiles/__idf_soc.dir/esp32/gpio_periph.c.obj
[294/2107] Building C object esp-idf/log/CMakeFiles/__idf_log.dir/src/os/log_lock.c.obj
[295/2107] Building C object esp-idf/soc/CMakeFiles/__idf_soc.dir/esp32/dport_access.c.obj
[296/2107] Building C object esp-idf/soc/CMakeFiles/__idf_soc.dir/esp32/uart_periph.c.obj
[297/2107] Building C object esp-idf/heap/CMakeFiles/__idf_heap.dir/heap_caps_base.c.obj
[298/2107] Building C object esp-idf/heap/CMakeFiles/__idf_heap.dir/heap_caps.c.obj
[299/2107] Building C object esp-idf/heap/CMakeFiles/__idf_heap.dir/multi_heap.c.obj
[300/2107] Building C object esp-idf/soc/CMakeFiles/__idf_soc.dir/esp32/spi_periph.c.obj
[301/2107] Building C object esp-idf/heap/CMakeFiles/__idf_heap.dir/heap_caps_init.c.obj
[302/2107] Building C object esp-idf/heap/CMakeFiles/__idf_heap.dir/port/memory_layout_utils.c.obj
[303/2107] Building C object esp-idf/soc/CMakeFiles/__idf_soc.dir/esp32/emac_periph.c.obj
[304/2107] Building C object esp-idf/soc/CMakeFiles/__idf_soc.dir/esp32/sdm_periph.c.obj
[305/2107] Building C object esp-idf/soc/CMakeFiles/__idf_soc.dir/esp32/pcnt_periph.c.obj
[306/2107] Building C object esp-idf/soc/CMakeFiles/__idf_soc.dir/esp32/adc_periph.c.obj
[307/2107] Building C object esp-idf/soc/CMakeFiles/__idf_soc.dir/esp32/rmt_periph.c.obj
[308/2107] Building C object esp-idf/soc/CMakeFiles/__idf_soc.dir/esp32/i2c_periph.c.obj
[309/2107] Building C object esp-idf/soc/CMakeFiles/__idf_soc.dir/esp32/i2s_periph.c.obj
[310/2107] Building C object esp-idf/soc/CMakeFiles/__idf_soc.dir/esp32/timer_periph.c.obj
[311/2107] Building C object esp-idf/soc/CMakeFiles/__idf_soc.dir/esp32/twai_periph.c.obj
[312/2107] Building C object esp-idf/soc/CMakeFiles/__idf_soc.dir/esp32/ledc_periph.c.obj
[313/2107] Building C object esp-idf/soc/CMakeFiles/__idf_soc.dir/esp32/dac_periph.c.obj
[314/2107] Building C object esp-idf/soc/CMakeFiles/__idf_soc.dir/esp32/sdmmc_periph.c.obj
[315/2107] Building C object esp-idf/soc/CMakeFiles/__idf_soc.dir/esp32/mcpwm_periph.c.obj
[316/2107] Building C object esp-idf/esp_security/CMakeFiles/__idf_esp_security.dir/src/esp_crypto_lock.c.obj
[317/2107] Building C object esp-idf/soc/CMakeFiles/__idf_soc.dir/esp32/mpi_periph.c.obj
[318/2107] Building C object esp-idf/soc/CMakeFiles/__idf_soc.dir/esp32/rtc_io_periph.c.obj
[319/2107] Building C object esp-idf/soc/CMakeFiles/__idf_soc.dir/esp32/wdt_periph.c.obj
[320/2107] Building C object esp-idf/esp_security/CMakeFiles/__idf_esp_security.dir/src/esp_crypto_periph_clk.c.obj
[321/2107] Building C object esp-idf/esp_hw_support/CMakeFiles/__idf_esp_hw_support.dir/port/esp32/esp_cpu_intr.c.obj
[322/2107] Building C object esp-idf/soc/CMakeFiles/__idf_soc.dir/esp32/lcd_periph.c.obj
[323/2107] Building C object esp-idf/soc/CMakeFiles/__idf_soc.dir/esp32/sdio_slave_periph.c.obj
[324/2107] Building C object esp-idf/esp_security/CMakeFiles/__idf_esp_security.dir/src/init.c.obj
[325/2107] Building C object esp-idf/esp_hw_support/CMakeFiles/__idf_esp_hw_support.dir/esp_memory_utils.c.obj
[326/2107] Building C object esp-idf/esp_hw_support/CMakeFiles/__idf_esp_hw_support.dir/hw_random.c.obj
[327/2107] Building C object esp-idf/esp_hw_support/CMakeFiles/__idf_esp_hw_support.dir/revision.c.obj
[328/2107] Building C object esp-idf/esp_hw_support/CMakeFiles/__idf_esp_hw_support.dir/esp_gpio_reserve.c.obj
[329/2107] Building C object esp-idf/esp_hw_support/CMakeFiles/__idf_esp_hw_support.dir/port/esp32/cpu_region_protect.c.obj
[330/2107] Building C object esp-idf/esp_hw_support/CMakeFiles/__idf_esp_hw_support.dir/mac_addr.c.obj
[331/2107] Building C object esp-idf/esp_hw_support/CMakeFiles/__idf_esp_hw_support.dir/port/esp32/io_mux.c.obj
[332/2107] Building C object esp-idf/esp_hw_support/CMakeFiles/__idf_esp_hw_support.dir/rtc_module.c.obj
[333/2107] Building C object esp-idf/esp_hw_support/CMakeFiles/__idf_esp_hw_support.dir/clk_ctrl_os.c.obj
[334/2107] Building C object esp-idf/esp_hw_support/CMakeFiles/__idf_esp_hw_support.dir/dma/gdma_link.c.obj
[335/2107] Building C object esp-idf/esp_hw_support/CMakeFiles/__idf_esp_hw_support.dir/dma/esp_dma_utils.c.obj
[336/2107] Building C object esp-idf/esp_hw_support/CMakeFiles/__idf_esp_hw_support.dir/cpu.c.obj
[337/2107] Building C object esp-idf/esp_hw_support/CMakeFiles/__idf_esp_hw_support.dir/port/esp32/esp_clk_tree.c.obj
[338/2107] Building C object esp-idf/esp_hw_support/CMakeFiles/__idf_esp_hw_support.dir/sar_periph_ctrl_common.c.obj
[339/2107] Building C object esp-idf/esp_hw_support/CMakeFiles/__idf_esp_hw_support.dir/sleep_usb.c.obj
[340/2107] Building C object esp-idf/esp_hw_support/CMakeFiles/__idf_esp_hw_support.dir/spi_bus_lock.c.obj
[341/2107] Building C object esp-idf/esp_hw_support/CMakeFiles/__idf_esp_hw_support.dir/periph_ctrl.c.obj
[342/2107] Building C object esp-idf/esp_hw_support/CMakeFiles/__idf_esp_hw_support.dir/regi2c_ctrl.c.obj
[343/2107] Building C object esp-idf/esp_hw_support/CMakeFiles/__idf_esp_hw_support.dir/sleep_console.c.obj
[344/2107] Building C object esp-idf/esp_hw_support/CMakeFiles/__idf_esp_hw_support.dir/sleep_modem.c.obj
[345/2107] Building C object esp-idf/esp_hw_support/CMakeFiles/__idf_esp_hw_support.dir/clk_utils.c.obj
[346/2107] Building C object esp-idf/esp_hw_support/CMakeFiles/__idf_esp_hw_support.dir/esp_clk.c.obj
[347/2107] Building C object esp-idf/esp_hw_support/CMakeFiles/__idf_esp_hw_support.dir/spi_share_hw_ctrl.c.obj
[348/2107] Building C object esp-idf/esp_hw_support/CMakeFiles/__idf_esp_hw_support.dir/port/esp_clk_tree_common.c.obj
[349/2107] Building C object esp-idf/esp_hw_support/CMakeFiles/__idf_esp_hw_support.dir/adc_share_hw_ctrl.c.obj
[350/2107] Building C object esp-idf/esp_hw_support/CMakeFiles/__idf_esp_hw_support.dir/rtc_wdt.c.obj
[351/2107] Building C object esp-idf/esp_hw_support/CMakeFiles/__idf_esp_hw_support.dir/intr_alloc.c.obj
[352/2107] Building C object esp-idf/esp_hw_support/CMakeFiles/__idf_esp_hw_support.dir/sleep_event.c.obj
[353/2107] Building C object esp-idf/esp_hw_support/CMakeFiles/__idf_esp_hw_support.dir/mspi_timing_tuning/mspi_timing_tuning.c.obj
[354/2107] Building C object esp-idf/esp_hw_support/CMakeFiles/__idf_esp_hw_support.dir/port/esp32/rtc_init.c.obj
[355/2107] Building C object esp-idf/esp_hw_support/CMakeFiles/__idf_esp_hw_support.dir/port/esp32/chip_info.c.obj
[356/2107] Building C object esp-idf/freertos/CMakeFiles/__idf_freertos.dir/heap_idf.c.obj
[357/2107] Building C object esp-idf/esp_hw_support/CMakeFiles/__idf_esp_hw_support.dir/sleep_gpio.c.obj
[358/2107] Building C object esp-idf/esp_hw_support/CMakeFiles/__idf_esp_hw_support.dir/port/esp32/rtc_sleep.c.obj
[359/2107] Building C object esp-idf/esp_hw_support/CMakeFiles/__idf_esp_hw_support.dir/sleep_wake_stub.c.obj
[360/2107] Building C object esp-idf/esp_hw_support/CMakeFiles/__idf_esp_hw_support.dir/sleep_modes.c.obj
[361/2107] Building C object esp-idf/esp_hw_support/CMakeFiles/__idf_esp_hw_support.dir/port/esp32/rtc_clk_init.c.obj
[362/2107] Building C object esp-idf/esp_hw_support/CMakeFiles/__idf_esp_hw_support.dir/port/esp32/rtc_time.c.obj
[363/2107] Building C object esp-idf/esp_hw_support/CMakeFiles/__idf_esp_hw_support.dir/esp_clock_output.c.obj
[364/2107] Building C object esp-idf/freertos/CMakeFiles/__idf_freertos.dir/port_common.c.obj
[365/2107] Building C object esp-idf/freertos/CMakeFiles/__idf_freertos.dir/port_systick.c.obj
[366/2107] Building C object esp-idf/esp_hw_support/CMakeFiles/__idf_esp_hw_support.dir/port/esp32/rtc_clk.c.obj
[367/2107] Building C object esp-idf/freertos/CMakeFiles/__idf_freertos.dir/FreeRTOS-Kernel/list.c.obj
[368/2107] Building C object esp-idf/freertos/CMakeFiles/__idf_freertos.dir/FreeRTOS-Kernel/queue.c.obj
[369/2107] Building ASM object esp-idf/freertos/CMakeFiles/__idf_freertos.dir/FreeRTOS-Kernel/portable/xtensa/portasm.S.obj
[370/2107] Building C object esp-idf/esp_hw_support/CMakeFiles/__idf_esp_hw_support.dir/port/esp32/cache_sram_mmu.c.obj
[371/2107] Building C object esp-idf/freertos/CMakeFiles/__idf_freertos.dir/FreeRTOS-Kernel/portable/xtensa/xtensa_init.c.obj
[372/2107] Building C object esp-idf/freertos/CMakeFiles/__idf_freertos.dir/FreeRTOS-Kernel/portable/xtensa/port.c.obj
[373/2107] Building C object esp-idf/freertos/CMakeFiles/__idf_freertos.dir/FreeRTOS-Kernel/timers.c.obj
[374/2107] Building C object esp-idf/freertos/CMakeFiles/__idf_freertos.dir/FreeRTOS-Kernel/stream_buffer.c.obj
[375/2107] Building C object esp-idf/freertos/CMakeFiles/__idf_freertos.dir/FreeRTOS-Kernel/tasks.c.obj
[376/2107] Building C object esp-idf/freertos/CMakeFiles/__idf_freertos.dir/esp_additions/idf_additions_event_groups.c.obj
[377/2107] Building C object esp-idf/freertos/CMakeFiles/__idf_freertos.dir/esp_additions/freertos_compatibility.c.obj
[378/2107] Building C object esp-idf/freertos/CMakeFiles/__idf_freertos.dir/FreeRTOS-Kernel/event_groups.c.obj
[379/2107] Building C object esp-idf/freertos/CMakeFiles/__idf_freertos.dir/FreeRTOS-Kernel/portable/xtensa/xtensa_overlay_os_hook.c.obj
[380/2107] Building C object esp-idf/freertos/CMakeFiles/__idf_freertos.dir/app_startup.c.obj
[381/2107] Building C object esp-idf/freertos/CMakeFiles/__idf_freertos.dir/esp_additions/idf_additions.c.obj
[382/2107] Building C object esp-idf/newlib/CMakeFiles/__idf_newlib.dir/src/init.c.obj
[383/2107] Building C object esp-idf/newlib/CMakeFiles/__idf_newlib.dir/src/heap.c.obj
[384/2107] Building C object esp-idf/esp_hw_support/CMakeFiles/__idf_esp_hw_support.dir/port/esp32/sar_periph_ctrl.c.obj
[385/2107] Building C object esp-idf/newlib/CMakeFiles/__idf_newlib.dir/src/poll.c.obj
[386/2107] Building C object esp-idf/newlib/CMakeFiles/__idf_newlib.dir/src/abort.c.obj
[387/2107] Building C object esp-idf/newlib/CMakeFiles/__idf_newlib.dir/src/termios.c.obj
[388/2107] Building C object esp-idf/newlib/CMakeFiles/__idf_newlib.dir/src/getentropy.c.obj
[389/2107] Building C object esp-idf/newlib/CMakeFiles/__idf_newlib.dir/src/random.c.obj
[390/2107] Building C object esp-idf/newlib/CMakeFiles/__idf_newlib.dir/src/assert.c.obj
[391/2107] Building C object esp-idf/newlib/CMakeFiles/__idf_newlib.dir/src/locks.c.obj
[392/2107] Building C object esp-idf/newlib/CMakeFiles/__idf_newlib.dir/src/realpath.c.obj
[393/2107] Building C object esp-idf/newlib/CMakeFiles/__idf_newlib.dir/src/flockfile.c.obj
[394/2107] Building C object esp-idf/newlib/CMakeFiles/__idf_newlib.dir/src/stdatomic.c.obj
[395/2107] Building C object esp-idf/newlib/CMakeFiles/__idf_newlib.dir/src/pthread.c.obj
[396/2107] Building C object esp-idf/newlib/CMakeFiles/__idf_newlib.dir/src/scandir.c.obj
[397/2107] Building C object esp-idf/newlib/CMakeFiles/__idf_newlib.dir/src/reent_init.c.obj
[398/2107] Building C object esp-idf/newlib/CMakeFiles/__idf_newlib.dir/src/time.c.obj
[399/2107] Building C object esp-idf/newlib/CMakeFiles/__idf_newlib.dir/src/sysconf.c.obj
[400/2107] Building C object esp-idf/newlib/CMakeFiles/__idf_newlib.dir/src/syscalls.c.obj
[401/2107] Building C object esp-idf/newlib/CMakeFiles/__idf_newlib.dir/src/reent_syscalls.c.obj
[402/2107] Building C object esp-idf/newlib/CMakeFiles/__idf_newlib.dir/src/port/esp_time_impl.c.obj
[403/2107] Building C object esp-idf/pthread/CMakeFiles/__idf_pthread.dir/pthread_cond_var.c.obj
[404/2107] Building C object esp-idf/pthread/CMakeFiles/__idf_pthread.dir/pthread.c.obj
[405/2107] Building CXX object esp-idf/cxx/CMakeFiles/__idf_cxx.dir/cxx_exception_stubs.cpp.obj
[406/2107] Building C object esp-idf/esp_hw_support/CMakeFiles/__idf_esp_hw_support.dir/power_supply/brownout.c.obj
[407/2107] Building C object esp-idf/pthread/CMakeFiles/__idf_pthread.dir/pthread_local_storage.c.obj
[408/2107] Building C object esp-idf/pthread/CMakeFiles/__idf_pthread.dir/pthread_rwlock.c.obj
[409/2107] Building C object esp-idf/newlib/CMakeFiles/__idf_newlib.dir/src/newlib_init.c.obj
[410/2107] Building C object esp-idf/esp_timer/CMakeFiles/__idf_esp_timer.dir/src/system_time.c.obj
[411/2107] Building C object esp-idf/pthread/CMakeFiles/__idf_pthread.dir/pthread_semaphore.c.obj
[412/2107] Building C object esp-idf/esp_timer/CMakeFiles/__idf_esp_timer.dir/src/esp_timer_init.c.obj
[413/2107] Building C object esp-idf/esp_timer/CMakeFiles/__idf_esp_timer.dir/src/ets_timer_legacy.c.obj
[414/2107] Building C object esp-idf/esp_timer/CMakeFiles/__idf_esp_timer.dir/src/esp_timer.c.obj
[415/2107] Building CXX object esp-idf/cxx/CMakeFiles/__idf_cxx.dir/cxx_init.cpp.obj
[416/2107] Building C object esp-idf/esp_timer/CMakeFiles/__idf_esp_timer.dir/src/esp_timer_impl_common.c.obj
[417/2107] Building C object esp-idf/esp_driver_gptimer/CMakeFiles/__idf_esp_driver_gptimer.dir/src/gptimer_common.c.obj
[418/2107] Building C object esp-idf/esp_ringbuf/CMakeFiles/__idf_esp_ringbuf.dir/ringbuf.c.obj
[419/2107] Building C object esp-idf/esp_timer/CMakeFiles/__idf_esp_timer.dir/src/esp_timer_impl_lac.c.obj
[420/2107] Building C object esp-idf/esp_driver_gptimer/CMakeFiles/__idf_esp_driver_gptimer.dir/src/gptimer.c.obj
[421/2107] Building C object esp-idf/esp_driver_uart/CMakeFiles/__idf_esp_driver_uart.dir/src/uart_wakeup.c.obj
[422/2107] Building C object esp-idf/esp_event/CMakeFiles/__idf_esp_event.dir/esp_event_private.c.obj
[423/2107] Building C object esp-idf/esp_event/CMakeFiles/__idf_esp_event.dir/esp_event.c.obj
[424/2107] Building C object esp-idf/esp_event/CMakeFiles/__idf_esp_event.dir/default_event_loop.c.obj
[425/2107] Building C object esp-idf/esp_driver_uart/CMakeFiles/__idf_esp_driver_uart.dir/src/uart_vfs.c.obj
[426/2107] Building CXX object esp-idf/cxx/CMakeFiles/__idf_cxx.dir/cxx_guards.cpp.obj
[427/2107] Building C object esp-idf/esp_driver_uart/CMakeFiles/__idf_esp_driver_uart.dir/src/uart.c.obj
[428/2107] Building CXX object esp-idf/nvs_flash/CMakeFiles/__idf_nvs_flash.dir/src/nvs_partition.cpp.obj
[429/2107] Building C object esp-idf/nvs_flash/CMakeFiles/__idf_nvs_flash.dir/src/nvs_bootloader_aes.c.obj
[430/2107] Building CXX object esp-idf/nvs_flash/CMakeFiles/__idf_nvs_flash.dir/src/nvs_partition_lookup.cpp.obj
[431/2107] Building C object esp-idf/nvs_flash/CMakeFiles/__idf_nvs_flash.dir/src/nvs_bootloader_xts_aes.c.obj
[432/2107] Building CXX object esp-idf/nvs_flash/CMakeFiles/__idf_nvs_flash.dir/src/nvs_pagemanager.cpp.obj
[433/2107] Building CXX object esp-idf/nvs_flash/CMakeFiles/__idf_nvs_flash.dir/src/nvs_item_hash_list.cpp.obj
[434/2107] Building CXX object esp-idf/nvs_flash/CMakeFiles/__idf_nvs_flash.dir/src/nvs_api.cpp.obj
[435/2107] Building CXX object esp-idf/nvs_flash/CMakeFiles/__idf_nvs_flash.dir/src/nvs_page.cpp.obj
[436/2107] Building C object esp-idf/esp_phy/CMakeFiles/__idf_esp_phy.dir/src/lib_printf.c.obj
[437/2107] Building C object esp-idf/nvs_flash/CMakeFiles/__idf_nvs_flash.dir/src/nvs_bootloader.c.obj
[438/2107] Building CXX object esp-idf/nvs_flash/CMakeFiles/__idf_nvs_flash.dir/src/nvs_storage.cpp.obj
[439/2107] Building CXX object esp-idf/nvs_flash/CMakeFiles/__idf_nvs_flash.dir/src/nvs_handle_simple.cpp.obj
[440/2107] Building CXX object esp-idf/nvs_flash/CMakeFiles/__idf_nvs_flash.dir/src/nvs_platform.cpp.obj
[441/2107] Building C object esp-idf/esp_phy/CMakeFiles/__idf_esp_phy.dir/src/phy_override.c.obj
[442/2107] Building CXX object esp-idf/nvs_flash/CMakeFiles/__idf_nvs_flash.dir/src/nvs_cxx_api.cpp.obj
[443/2107] Building C object esp-idf/esp_phy/CMakeFiles/__idf_esp_phy.dir/src/phy_common.c.obj
[444/2107] Building C object esp-idf/esp_phy/CMakeFiles/__idf_esp_phy.dir/esp32/phy_init_data.c.obj
[445/2107] Building CXX object esp-idf/nvs_flash/CMakeFiles/__idf_nvs_flash.dir/src/nvs_handle_locked.cpp.obj
[446/2107] Building C object esp-idf/esp_phy/CMakeFiles/__idf_esp_phy.dir/src/btbb_init.c.obj
[447/2107] Building C object esp-idf/esp_phy/CMakeFiles/__idf_esp_phy.dir/src/phy_init.c.obj
[448/2107] Building C object esp-idf/vfs/CMakeFiles/__idf_vfs.dir/vfs_eventfd.c.obj
[449/2107] Building CXX object esp-idf/nvs_flash/CMakeFiles/__idf_nvs_flash.dir/src/nvs_types.cpp.obj
[450/2107] Building C object esp-idf/vfs/CMakeFiles/__idf_vfs.dir/vfs.c.obj
[451/2107] Building C object esp-idf/vfs/CMakeFiles/__idf_vfs.dir/nullfs.c.obj
[452/2107] Building C object esp-idf/lwip/CMakeFiles/__idf_lwip.dir/apps/sntp/sntp.c.obj
[453/2107] Building C object esp-idf/lwip/CMakeFiles/__idf_lwip.dir/lwip/src/api/err.c.obj
[454/2107] Building C object esp-idf/lwip/CMakeFiles/__idf_lwip.dir/lwip/src/api/api_lib.c.obj
[455/2107] Building C object esp-idf/lwip/CMakeFiles/__idf_lwip.dir/lwip/src/api/api_msg.c.obj
[456/2107] Building CXX object esp-idf/nvs_flash/CMakeFiles/__idf_nvs_flash.dir/src/nvs_encrypted_partition.cpp.obj
[457/2107] Building C object esp-idf/lwip/CMakeFiles/__idf_lwip.dir/lwip/src/api/netbuf.c.obj
[458/2107] Building C object esp-idf/lwip/CMakeFiles/__idf_lwip.dir/lwip/src/api/if_api.c.obj
[459/2107] Building C object esp-idf/lwip/CMakeFiles/__idf_lwip.dir/lwip/src/api/netdb.c.obj
[460/2107] Building C object esp-idf/esp_vfs_console/CMakeFiles/__idf_esp_vfs_console.dir/vfs_console.c.obj
[461/2107] Building C object esp-idf/lwip/CMakeFiles/__idf_lwip.dir/lwip/src/api/tcpip.c.obj
[462/2107] Building C object esp-idf/lwip/CMakeFiles/__idf_lwip.dir/lwip/src/apps/netbiosns/netbiosns.c.obj
[463/2107] Building C object esp-idf/lwip/CMakeFiles/__idf_lwip.dir/lwip/src/api/sockets.c.obj
[464/2107] Building C object esp-idf/lwip/CMakeFiles/__idf_lwip.dir/lwip/src/api/netifapi.c.obj
[465/2107] Building C object esp-idf/lwip/CMakeFiles/__idf_lwip.dir/lwip/src/core/dns.c.obj
[466/2107] Building C object esp-idf/lwip/CMakeFiles/__idf_lwip.dir/lwip/src/core/def.c.obj
[467/2107] Building C object esp-idf/lwip/CMakeFiles/__idf_lwip.dir/lwip/src/apps/sntp/sntp.c.obj
[468/2107] Building C object esp-idf/lwip/CMakeFiles/__idf_lwip.dir/lwip/src/core/ip.c.obj
[469/2107] Building C object esp-idf/vfs/CMakeFiles/__idf_vfs.dir/vfs_semihost.c.obj
[470/2107] Building C object esp-idf/lwip/CMakeFiles/__idf_lwip.dir/lwip/src/core/init.c.obj
[471/2107] Building C object esp-idf/lwip/CMakeFiles/__idf_lwip.dir/lwip/src/core/mem.c.obj
[472/2107] Building C object esp-idf/lwip/CMakeFiles/__idf_lwip.dir/lwip/src/core/pbuf.c.obj
[473/2107] Building C object esp-idf/lwip/CMakeFiles/__idf_lwip.dir/lwip/src/core/memp.c.obj
[474/2107] Building C object esp-idf/lwip/CMakeFiles/__idf_lwip.dir/lwip/src/core/netif.c.obj
[475/2107] Building C object esp-idf/lwip/CMakeFiles/__idf_lwip.dir/lwip/src/core/inet_chksum.c.obj
[476/2107] Building CXX object esp-idf/nvs_flash/CMakeFiles/__idf_nvs_flash.dir/src/nvs_partition_manager.cpp.obj
[477/2107] Building C object esp-idf/lwip/CMakeFiles/__idf_lwip.dir/lwip/src/core/raw.c.obj
[478/2107] Building C object esp-idf/lwip/CMakeFiles/__idf_lwip.dir/lwip/src/core/sys.c.obj
[479/2107] Building C object esp-idf/lwip/CMakeFiles/__idf_lwip.dir/lwip/src/core/stats.c.obj
[480/2107] Building C object esp-idf/lwip/CMakeFiles/__idf_lwip.dir/lwip/src/core/timeouts.c.obj
[481/2107] Building C object esp-idf/lwip/CMakeFiles/__idf_lwip.dir/lwip/src/core/tcp_in.c.obj
[482/2107] Building C object esp-idf/lwip/CMakeFiles/__idf_lwip.dir/lwip/src/core/ipv4/autoip.c.obj
[483/2107] Building C object esp-idf/lwip/CMakeFiles/__idf_lwip.dir/lwip/src/core/ipv4/etharp.c.obj
[484/2107] Building C object esp-idf/lwip/CMakeFiles/__idf_lwip.dir/lwip/src/core/udp.c.obj
[485/2107] Building C object esp-idf/lwip/CMakeFiles/__idf_lwip.dir/lwip/src/core/ipv4/igmp.c.obj
[486/2107] Building C object esp-idf/lwip/CMakeFiles/__idf_lwip.dir/lwip/src/core/ipv4/icmp.c.obj
[487/2107] Building C object esp-idf/lwip/CMakeFiles/__idf_lwip.dir/lwip/src/core/ipv4/dhcp.c.obj
[488/2107] Building C object esp-idf/lwip/CMakeFiles/__idf_lwip.dir/lwip/src/core/tcp_out.c.obj
[489/2107] Building C object esp-idf/lwip/CMakeFiles/__idf_lwip.dir/lwip/src/core/tcp.c.obj
[490/2107] Building C object esp-idf/lwip/CMakeFiles/__idf_lwip.dir/lwip/src/core/ipv4/ip4_napt.c.obj
[491/2107] Building C object esp-idf/lwip/CMakeFiles/__idf_lwip.dir/lwip/src/core/ipv4/ip4_addr.c.obj
[492/2107] Building C object esp-idf/lwip/CMakeFiles/__idf_lwip.dir/lwip/src/core/ipv6/dhcp6.c.obj
[493/2107] Building C object esp-idf/lwip/CMakeFiles/__idf_lwip.dir/lwip/src/core/ipv6/inet6.c.obj
[494/2107] Building C object esp-idf/lwip/CMakeFiles/__idf_lwip.dir/lwip/src/core/ipv4/ip4_frag.c.obj
[495/2107] Building C object esp-idf/lwip/CMakeFiles/__idf_lwip.dir/lwip/src/core/ipv6/ip6_addr.c.obj
[496/2107] Building C object esp-idf/lwip/CMakeFiles/__idf_lwip.dir/lwip/src/core/ipv6/ip6_frag.c.obj
[497/2107] Building C object esp-idf/lwip/CMakeFiles/__idf_lwip.dir/lwip/src/core/ipv6/ethip6.c.obj
[498/2107] Building C object esp-idf/lwip/CMakeFiles/__idf_lwip.dir/lwip/src/core/ipv6/ip6.c.obj
[499/2107] Building C object esp-idf/lwip/CMakeFiles/__idf_lwip.dir/lwip/src/core/ipv6/mld6.c.obj
[500/2107] Building C object esp-idf/lwip/CMakeFiles/__idf_lwip.dir/lwip/src/netif/ethernet.c.obj
[501/2107] Building C object esp-idf/lwip/CMakeFiles/__idf_lwip.dir/lwip/src/netif/bridgeif_fdb.c.obj
[502/2107] Building C object esp-idf/lwip/CMakeFiles/__idf_lwip.dir/lwip/src/netif/slipif.c.obj
[503/2107] Building C object esp-idf/lwip/CMakeFiles/__idf_lwip.dir/lwip/src/core/ipv6/icmp6.c.obj
[504/2107] Building C object esp-idf/lwip/CMakeFiles/__idf_lwip.dir/lwip/src/core/ipv6/nd6.c.obj
[505/2107] Building C object esp-idf/lwip/CMakeFiles/__idf_lwip.dir/lwip/src/netif/bridgeif.c.obj
[506/2107] Building C object esp-idf/lwip/CMakeFiles/__idf_lwip.dir/lwip/src/netif/ppp/chap-md5.c.obj
[507/2107] Building C object esp-idf/lwip/CMakeFiles/__idf_lwip.dir/lwip/src/netif/ppp/ccp.c.obj
[508/2107] Building C object esp-idf/lwip/CMakeFiles/__idf_lwip.dir/lwip/src/netif/ppp/auth.c.obj
[509/2107] Building C object esp-idf/lwip/CMakeFiles/__idf_lwip.dir/lwip/src/netif/ppp/demand.c.obj
[510/2107] Building C object esp-idf/lwip/CMakeFiles/__idf_lwip.dir/lwip/src/netif/ppp/chap_ms.c.obj
[511/2107] Building C object esp-idf/lwip/CMakeFiles/__idf_lwip.dir/lwip/src/netif/ppp/ecp.c.obj
[512/2107] Building C object esp-idf/lwip/CMakeFiles/__idf_lwip.dir/lwip/src/core/ipv4/ip4.c.obj
[513/2107] Building C object esp-idf/lwip/CMakeFiles/__idf_lwip.dir/lwip/src/netif/ppp/multilink.c.obj
[514/2107] Building C object esp-idf/lwip/CMakeFiles/__idf_lwip.dir/lwip/src/netif/ppp/eap.c.obj
[515/2107] Building C object esp-idf/lwip/CMakeFiles/__idf_lwip.dir/lwip/src/netif/ppp/fsm.c.obj
[516/2107] Building C object esp-idf/lwip/CMakeFiles/__idf_lwip.dir/lwip/src/netif/ppp/lcp.c.obj
[517/2107] Building C object esp-idf/lwip/CMakeFiles/__idf_lwip.dir/lwip/src/netif/ppp/eui64.c.obj
[518/2107] Building C object esp-idf/lwip/CMakeFiles/__idf_lwip.dir/lwip/src/netif/ppp/ppp.c.obj
[519/2107] Building C object esp-idf/lwip/CMakeFiles/__idf_lwip.dir/lwip/src/netif/ppp/chap-new.c.obj
[520/2107] Building C object esp-idf/lwip/CMakeFiles/__idf_lwip.dir/lwip/src/netif/ppp/pppapi.c.obj
[521/2107] Building C object esp-idf/lwip/CMakeFiles/__idf_lwip.dir/lwip/src/netif/ppp/mppe.c.obj
[522/2107] Building C object esp-idf/lwip/CMakeFiles/__idf_lwip.dir/lwip/src/netif/ppp/ipv6cp.c.obj
[523/2107] Building C object esp-idf/lwip/CMakeFiles/__idf_lwip.dir/lwip/src/netif/ppp/pppol2tp.c.obj
[524/2107] Building C object esp-idf/lwip/CMakeFiles/__idf_lwip.dir/lwip/src/netif/ppp/ipcp.c.obj
[525/2107] Building C object esp-idf/lwip/CMakeFiles/__idf_lwip.dir/lwip/src/netif/ppp/utils.c.obj
[526/2107] Building C object esp-idf/lwip/CMakeFiles/__idf_lwip.dir/lwip/src/netif/ppp/pppoe.c.obj
[527/2107] Building C object esp-idf/lwip/CMakeFiles/__idf_lwip.dir/lwip/src/netif/ppp/pppcrypt.c.obj
[528/2107] Building C object esp-idf/lwip/CMakeFiles/__idf_lwip.dir/lwip/src/netif/ppp/magic.c.obj
[529/2107] Building C object esp-idf/lwip/CMakeFiles/__idf_lwip.dir/lwip/src/netif/ppp/vj.c.obj
[530/2107] Building C object esp-idf/lwip/CMakeFiles/__idf_lwip.dir/lwip/src/netif/ppp/upap.c.obj
[531/2107] Building C object esp-idf/lwip/CMakeFiles/__idf_lwip.dir/port/acd_dhcp_check.c.obj
[532/2107] Building C object esp-idf/lwip/CMakeFiles/__idf_lwip.dir/lwip/src/netif/ppp/pppos.c.obj
[533/2107] Building C object esp-idf/lwip/CMakeFiles/__idf_lwip.dir/apps/ping/esp_ping.c.obj
[534/2107] Building C object esp-idf/lwip/CMakeFiles/__idf_lwip.dir/port/sockets_ext.c.obj
[535/2107] Building C object esp-idf/lwip/CMakeFiles/__idf_lwip.dir/port/hooks/tcp_isn_default.c.obj
[536/2107] Building C object esp-idf/lwip/CMakeFiles/__idf_lwip.dir/apps/ping/ping.c.obj
[537/2107] Building C object esp-idf/lwip/CMakeFiles/__idf_lwip.dir/port/if_index.c.obj
[538/2107] Building C object esp-idf/lwip/CMakeFiles/__idf_lwip.dir/port/hooks/lwip_default_hooks.c.obj
[539/2107] Building C object esp-idf/lwip/CMakeFiles/__idf_lwip.dir/port/debug/lwip_debug.c.obj
[540/2107] Building C object esp-idf/lwip/CMakeFiles/__idf_lwip.dir/lwip/src/netif/ppp/polarssl/sha1.c.obj
[541/2107] Building C object esp-idf/esp_netif/CMakeFiles/__idf_esp_netif.dir/esp_netif_handlers.c.obj
[542/2107] Building C object esp-idf/esp_netif/CMakeFiles/__idf_esp_netif.dir/esp_netif_objects.c.obj
[543/2107] Building C object esp-idf/lwip/CMakeFiles/__idf_lwip.dir/lwip/src/netif/ppp/polarssl/arc4.c.obj
[544/2107] Building C object esp-idf/esp_netif/CMakeFiles/__idf_esp_netif.dir/esp_netif_defaults.c.obj
[545/2107] Building C object esp-idf/lwip/CMakeFiles/__idf_lwip.dir/port/esp32xx/vfs_lwip.c.obj
[546/2107] Building C object esp-idf/lwip/CMakeFiles/__idf_lwip.dir/port/freertos/sys_arch.c.obj
[547/2107] Building C object esp-idf/lwip/CMakeFiles/__idf_lwip.dir/lwip/src/netif/ppp/polarssl/md4.c.obj
[548/2107] Building C object esp-idf/lwip/CMakeFiles/__idf_lwip.dir/apps/ping/ping_sock.c.obj
[549/2107] Building C object esp-idf/lwip/CMakeFiles/__idf_lwip.dir/lwip/src/netif/ppp/polarssl/md5.c.obj
[550/2107] Building C object esp-idf/lwip/CMakeFiles/__idf_lwip.dir/apps/dhcpserver/dhcpserver.c.obj
[551/2107] Building C object esp-idf/esp_netif/CMakeFiles/__idf_esp_netif.dir/lwip/netif/wlanif.c.obj
[552/2107] Building C object esp-idf/esp_netif/CMakeFiles/__idf_esp_netif.dir/lwip/esp_netif_sntp.c.obj
[553/2107] Building C object esp-idf/esp_netif/CMakeFiles/__idf_esp_netif.dir/lwip/netif/esp_pbuf_ref.c.obj
[554/2107] Building C object esp-idf/esp_netif/CMakeFiles/__idf_esp_netif.dir/lwip/esp_netif_lwip_defaults.c.obj
[555/2107] Building C object esp-idf/esp_netif/CMakeFiles/__idf_esp_netif.dir/lwip/esp_netif_lwip.c.obj
[556/2107] Building C object esp-idf/wpa_supplicant/CMakeFiles/__idf_wpa_supplicant.dir/port/os_xtensa.c.obj
[557/2107] Building C object esp-idf/wpa_supplicant/CMakeFiles/__idf_wpa_supplicant.dir/src/ap/ieee802_1x.c.obj
[558/2107] Building C object esp-idf/wpa_supplicant/CMakeFiles/__idf_wpa_supplicant.dir/src/ap/ap_config.c.obj
[559/2107] Building C object esp-idf/wpa_supplicant/CMakeFiles/__idf_wpa_supplicant.dir/src/ap/wpa_auth.c.obj
[560/2107] Building C object esp-idf/lwip/CMakeFiles/__idf_lwip.dir/lwip/src/netif/ppp/polarssl/des.c.obj
[561/2107] Building C object esp-idf/esp_netif/CMakeFiles/__idf_esp_netif.dir/lwip/netif/ethernetif.c.obj
[562/2107] Building C object esp-idf/wpa_supplicant/CMakeFiles/__idf_wpa_supplicant.dir/src/ap/pmksa_cache_auth.c.obj
[563/2107] Building C object esp-idf/wpa_supplicant/CMakeFiles/__idf_wpa_supplicant.dir/src/ap/ieee802_11.c.obj
[564/2107] Building C object esp-idf/wpa_supplicant/CMakeFiles/__idf_wpa_supplicant.dir/src/ap/comeback_token.c.obj
[565/2107] Building C object esp-idf/wpa_supplicant/CMakeFiles/__idf_wpa_supplicant.dir/src/ap/wpa_auth_ie.c.obj
[566/2107] Building C object esp-idf/wpa_supplicant/CMakeFiles/__idf_wpa_supplicant.dir/port/eloop.c.obj
[567/2107] Building C object esp-idf/wpa_supplicant/CMakeFiles/__idf_wpa_supplicant.dir/src/common/dragonfly.c.obj
[568/2107] Building C object esp-idf/wpa_supplicant/CMakeFiles/__idf_wpa_supplicant.dir/src/common/sae.c.obj
[569/2107] Building C object esp-idf/wpa_supplicant/CMakeFiles/__idf_wpa_supplicant.dir/src/crypto/sha256-kdf.c.obj
[570/2107] Building C object esp-idf/wpa_supplicant/CMakeFiles/__idf_wpa_supplicant.dir/src/ap/sta_info.c.obj
[571/2107] Building C object esp-idf/wpa_supplicant/CMakeFiles/__idf_wpa_supplicant.dir/src/crypto/aes-siv.c.obj
[572/2107] Building C object esp-idf/wpa_supplicant/CMakeFiles/__idf_wpa_supplicant.dir/src/utils/bitfield.c.obj
[573/2107] Building C object esp-idf/wpa_supplicant/CMakeFiles/__idf_wpa_supplicant.dir/src/crypto/dh_groups.c.obj
[574/2107] Building C object esp-idf/wpa_supplicant/CMakeFiles/__idf_wpa_supplicant.dir/src/crypto/ccmp.c.obj
[575/2107] Building C object esp-idf/wpa_supplicant/CMakeFiles/__idf_wpa_supplicant.dir/src/crypto/aes-gcm.c.obj
[576/2107] Building C object esp-idf/wpa_supplicant/CMakeFiles/__idf_wpa_supplicant.dir/src/crypto/dh_group5.c.obj
[577/2107] Building C object esp-idf/wpa_supplicant/CMakeFiles/__idf_wpa_supplicant.dir/src/crypto/ms_funcs.c.obj
[578/2107] Building C object esp-idf/wpa_supplicant/CMakeFiles/__idf_wpa_supplicant.dir/src/crypto/sha384-tlsprf.c.obj
[579/2107] Building C object esp-idf/wpa_supplicant/CMakeFiles/__idf_wpa_supplicant.dir/src/crypto/sha1-tprf.c.obj
[580/2107] Building C object esp-idf/wpa_supplicant/CMakeFiles/__idf_wpa_supplicant.dir/src/crypto/sha256-tlsprf.c.obj
[581/2107] Building C object esp-idf/wpa_supplicant/CMakeFiles/__idf_wpa_supplicant.dir/src/crypto/sha256-prf.c.obj
[582/2107] Building C object esp-idf/wpa_supplicant/CMakeFiles/__idf_wpa_supplicant.dir/src/crypto/crypto_ops.c.obj
[583/2107] Building C object esp-idf/wpa_supplicant/CMakeFiles/__idf_wpa_supplicant.dir/src/common/wpa_common.c.obj
[584/2107] Building C object esp-idf/wpa_supplicant/CMakeFiles/__idf_wpa_supplicant.dir/src/crypto/sha1-prf.c.obj
[585/2107] Building C object esp-idf/wpa_supplicant/CMakeFiles/__idf_wpa_supplicant.dir/src/crypto/sha1-tlsprf.c.obj
[586/2107] Building C object esp-idf/wpa_supplicant/CMakeFiles/__idf_wpa_supplicant.dir/src/crypto/sha384-prf.c.obj
[587/2107] Building C object esp-idf/wpa_supplicant/CMakeFiles/__idf_wpa_supplicant.dir/src/common/ieee802_11_common.c.obj
[588/2107] Building C object esp-idf/wpa_supplicant/CMakeFiles/__idf_wpa_supplicant.dir/src/eap_common/eap_wsc_common.c.obj
[589/2107] Building C object esp-idf/wpa_supplicant/CMakeFiles/__idf_wpa_supplicant.dir/src/eap_peer/chap.c.obj
[590/2107] Building C object esp-idf/wpa_supplicant/CMakeFiles/__idf_wpa_supplicant.dir/src/crypto/md4-internal.c.obj
[591/2107] Building C object esp-idf/wpa_supplicant/CMakeFiles/__idf_wpa_supplicant.dir/src/eap_peer/eap_mschapv2.c.obj
[592/2107] Building C object esp-idf/wpa_supplicant/CMakeFiles/__idf_wpa_supplicant.dir/src/eap_peer/eap_tls.c.obj
[593/2107] Building C object esp-idf/wpa_supplicant/CMakeFiles/__idf_wpa_supplicant.dir/src/eap_peer/eap_common.c.obj
[594/2107] Building C object esp-idf/wpa_supplicant/CMakeFiles/__idf_wpa_supplicant.dir/src/eap_peer/eap_peap.c.obj
[595/2107] Building C object esp-idf/wpa_supplicant/CMakeFiles/__idf_wpa_supplicant.dir/src/eap_peer/eap_tls_common.c.obj
[596/2107] Building C object esp-idf/wpa_supplicant/CMakeFiles/__idf_wpa_supplicant.dir/src/eap_peer/eap_peap_common.c.obj
[597/2107] Building C object esp-idf/wpa_supplicant/CMakeFiles/__idf_wpa_supplicant.dir/src/eap_peer/eap.c.obj
[598/2107] Building C object esp-idf/wpa_supplicant/CMakeFiles/__idf_wpa_supplicant.dir/src/eap_peer/eap_fast_common.c.obj
[599/2107] Building C object esp-idf/wpa_supplicant/CMakeFiles/__idf_wpa_supplicant.dir/src/eap_peer/eap_fast.c.obj
[600/2107] Building C object esp-idf/wpa_supplicant/CMakeFiles/__idf_wpa_supplicant.dir/src/rsn_supp/pmksa_cache.c.obj
[601/2107] Building C object esp-idf/wpa_supplicant/CMakeFiles/__idf_wpa_supplicant.dir/src/eap_peer/mschapv2.c.obj
[602/2107] Building C object esp-idf/wpa_supplicant/CMakeFiles/__idf_wpa_supplicant.dir/src/rsn_supp/wpa.c.obj
[603/2107] Building C object esp-idf/wpa_supplicant/CMakeFiles/__idf_wpa_supplicant.dir/src/utils/base64.c.obj
[604/2107] Building C object esp-idf/wpa_supplicant/CMakeFiles/__idf_wpa_supplicant.dir/src/utils/common.c.obj
[605/2107] Building C object esp-idf/wpa_supplicant/CMakeFiles/__idf_wpa_supplicant.dir/src/utils/ext_password.c.obj
[606/2107] Building C object esp-idf/wpa_supplicant/CMakeFiles/__idf_wpa_supplicant.dir/src/eap_peer/eap_fast_pac.c.obj
[607/2107] Building C object esp-idf/wpa_supplicant/CMakeFiles/__idf_wpa_supplicant.dir/src/rsn_supp/wpa_ie.c.obj
[608/2107] Building C object esp-idf/wpa_supplicant/CMakeFiles/__idf_wpa_supplicant.dir/src/utils/uuid.c.obj
[609/2107] Building C object esp-idf/wpa_supplicant/CMakeFiles/__idf_wpa_supplicant.dir/src/eap_peer/eap_ttls.c.obj
[610/2107] Building C object esp-idf/wpa_supplicant/CMakeFiles/__idf_wpa_supplicant.dir/src/wps/wps.c.obj
[611/2107] Building C object esp-idf/wpa_supplicant/CMakeFiles/__idf_wpa_supplicant.dir/src/utils/wpabuf.c.obj
[612/2107] Building C object esp-idf/wpa_supplicant/CMakeFiles/__idf_wpa_supplicant.dir/src/wps/wps_attr_parse.c.obj
[613/2107] Building C object esp-idf/wpa_supplicant/CMakeFiles/__idf_wpa_supplicant.dir/src/wps/wps_dev_attr.c.obj
[614/2107] Building C object esp-idf/wpa_supplicant/CMakeFiles/__idf_wpa_supplicant.dir/esp_supplicant/src/esp_wpa2_api_port.c.obj
[615/2107] Building C object esp-idf/wpa_supplicant/CMakeFiles/__idf_wpa_supplicant.dir/src/wps/wps_attr_process.c.obj
[616/2107] Building C object esp-idf/wpa_supplicant/CMakeFiles/__idf_wpa_supplicant.dir/src/wps/wps_enrollee.c.obj
[617/2107] Building C object esp-idf/wpa_supplicant/CMakeFiles/__idf_wpa_supplicant.dir/src/utils/wpa_debug.c.obj
[618/2107] Building C object esp-idf/wpa_supplicant/CMakeFiles/__idf_wpa_supplicant.dir/src/utils/json.c.obj
[619/2107] Building C object esp-idf/wpa_supplicant/CMakeFiles/__idf_wpa_supplicant.dir/src/wps/wps_attr_build.c.obj
[620/2107] Building C object esp-idf/wpa_supplicant/CMakeFiles/__idf_wpa_supplicant.dir/esp_supplicant/src/esp_common.c.obj
[621/2107] Building C object esp-idf/wpa_supplicant/CMakeFiles/__idf_wpa_supplicant.dir/src/common/sae_pk.c.obj
[622/2107] Building C object esp-idf/wpa_supplicant/CMakeFiles/__idf_wpa_supplicant.dir/esp_supplicant/src/esp_wpas_glue.c.obj
[623/2107] Building C object esp-idf/wpa_supplicant/CMakeFiles/__idf_wpa_supplicant.dir/esp_supplicant/src/esp_wps.c.obj
[624/2107] Building C object esp-idf/wpa_supplicant/CMakeFiles/__idf_wpa_supplicant.dir/esp_supplicant/src/esp_wpa3.c.obj
[625/2107] Building C object esp-idf/wpa_supplicant/CMakeFiles/__idf_wpa_supplicant.dir/esp_supplicant/src/esp_owe.c.obj
[626/2107] Building C object esp-idf/wpa_supplicant/CMakeFiles/__idf_wpa_supplicant.dir/esp_supplicant/src/esp_eap_client.c.obj
[627/2107] Building C object esp-idf/wpa_supplicant/CMakeFiles/__idf_wpa_supplicant.dir/esp_supplicant/src/esp_hostap.c.obj
[628/2107] Building C object esp-idf/esp_coex/CMakeFiles/__idf_esp_coex.dir/src/coexist.c.obj
[629/2107] Building C object esp-idf/wpa_supplicant/CMakeFiles/__idf_wpa_supplicant.dir/esp_supplicant/src/crypto/crypto_mbedtls.c.obj
[630/2107] Building C object esp-idf/wpa_supplicant/CMakeFiles/__idf_wpa_supplicant.dir/src/wps/wps_common.c.obj
[631/2107] Building C object esp-idf/esp_coex/CMakeFiles/__idf_esp_coex.dir/src/lib_printf.c.obj
[632/2107] Building C object esp-idf/wpa_supplicant/CMakeFiles/__idf_wpa_supplicant.dir/esp_supplicant/src/esp_wpa_main.c.obj
[633/2107] Building C object esp-idf/wpa_supplicant/CMakeFiles/__idf_wpa_supplicant.dir/esp_supplicant/src/crypto/fastpbkdf2.c.obj
[634/2107] Building C object esp-idf/wpa_supplicant/CMakeFiles/__idf_wpa_supplicant.dir/src/crypto/rc4.c.obj
[635/2107] Building C object esp-idf/wpa_supplicant/CMakeFiles/__idf_wpa_supplicant.dir/src/crypto/des-internal.c.obj
[636/2107] Building C object esp-idf/wpa_supplicant/CMakeFiles/__idf_wpa_supplicant.dir/esp_supplicant/src/crypto/crypto_mbedtls-bignum.c.obj
[637/2107] Building C object esp-idf/wpa_supplicant/CMakeFiles/__idf_wpa_supplicant.dir/src/crypto/aes-unwrap.c.obj
[638/2107] Building C object esp-idf/wpa_supplicant/CMakeFiles/__idf_wpa_supplicant.dir/src/crypto/aes-wrap.c.obj
[639/2107] Building C object esp-idf/esp_wifi/CMakeFiles/__idf_esp_wifi.dir/src/lib_printf.c.obj
[640/2107] Building C object esp-idf/esp_coex/CMakeFiles/__idf_esp_coex.dir/src/coexist_debug_diagram.c.obj
[641/2107] Building C object esp-idf/esp_coex/CMakeFiles/__idf_esp_coex.dir/src/coexist_debug.c.obj
[642/2107] Building C object esp-idf/wpa_supplicant/CMakeFiles/__idf_wpa_supplicant.dir/esp_supplicant/src/crypto/tls_mbedtls.c.obj
[643/2107] Building C object esp-idf/wpa_supplicant/CMakeFiles/__idf_wpa_supplicant.dir/src/crypto/aes-ccm.c.obj
[644/2107] Building C object esp-idf/wpa_supplicant/CMakeFiles/__idf_wpa_supplicant.dir/esp_supplicant/src/crypto/crypto_mbedtls-rsa.c.obj
[645/2107] Building C object esp-idf/esp_wifi/CMakeFiles/__idf_esp_wifi.dir/src/mesh_event.c.obj
[646/2107] Building C object esp-idf/esp_wifi/CMakeFiles/__idf_esp_wifi.dir/src/wifi_default_ap.c.obj
[647/2107] Building C object esp-idf/esp_wifi/CMakeFiles/__idf_esp_wifi.dir/src/smartconfig.c.obj
[648/2107] Building C object esp-idf/esp_wifi/CMakeFiles/__idf_esp_wifi.dir/src/wifi_default.c.obj
[649/2107] Building C object esp-idf/esp_wifi/CMakeFiles/__idf_esp_wifi.dir/src/wifi_netif.c.obj
[650/2107] Building C object esp-idf/wpa_supplicant/CMakeFiles/__idf_wpa_supplicant.dir/esp_supplicant/src/crypto/crypto_mbedtls-ec.c.obj
[651/2107] Building C object esp-idf/esp_driver_spi/CMakeFiles/__idf_esp_driver_spi.dir/src/gpspi/spi_dma.c.obj
[652/2107] Building C object esp-idf/esp_wifi/CMakeFiles/__idf_esp_wifi.dir/esp32/esp_adapter.c.obj
[653/2107] Building C object esp-idf/esp_coex/CMakeFiles/__idf_esp_coex.dir/esp32/esp_coex_adapter.c.obj
[654/2107] Building C object esp-idf/esp_wifi/CMakeFiles/__idf_esp_wifi.dir/src/wifi_init.c.obj
[655/2107] Building ASM object esp-idf/esp_gdbstub/CMakeFiles/__idf_esp_gdbstub.dir/src/port/xtensa/gdbstub-entry.S.obj
[656/2107] Building C object esp-idf/esp_gdbstub/CMakeFiles/__idf_esp_gdbstub.dir/src/packet.c.obj
[657/2107] Building C object esp-idf/esp_gdbstub/CMakeFiles/__idf_esp_gdbstub.dir/src/gdbstub_transport.c.obj
[658/2107] Building C object esp-idf/esp_wifi/CMakeFiles/__idf_esp_wifi.dir/src/smartconfig_ack.c.obj
[659/2107] Building C object esp-idf/esp_driver_spi/CMakeFiles/__idf_esp_driver_spi.dir/src/gpspi/spi_master.c.obj
[660/2107] Building C object esp-idf/esp_gdbstub/CMakeFiles/__idf_esp_gdbstub.dir/src/gdbstub.c.obj
[661/2107] Building C object esp-idf/esp_gdbstub/CMakeFiles/__idf_esp_gdbstub.dir/src/port/xtensa/gdbstub_xtensa.c.obj
[662/2107] Building C object esp-idf/esp_driver_spi/CMakeFiles/__idf_esp_driver_spi.dir/src/gpspi/spi_common.c.obj
[663/2107] Building C object esp-idf/esp_driver_mcpwm/CMakeFiles/__idf_esp_driver_mcpwm.dir/src/mcpwm_cap.c.obj
[664/2107] Building C object esp-idf/esp_driver_mcpwm/CMakeFiles/__idf_esp_driver_mcpwm.dir/src/mcpwm_com.c.obj
[665/2107] Building C object esp-idf/esp_driver_mcpwm/CMakeFiles/__idf_esp_driver_mcpwm.dir/src/mcpwm_oper.c.obj
[666/2107] Building C object esp-idf/esp_driver_pcnt/CMakeFiles/__idf_esp_driver_pcnt.dir/src/pulse_cnt.c.obj
[667/2107] Building C object esp-idf/esp_driver_mcpwm/CMakeFiles/__idf_esp_driver_mcpwm.dir/src/mcpwm_cmpr.c.obj
[668/2107] Building C object esp-idf/esp_driver_i2s/CMakeFiles/__idf_esp_driver_i2s.dir/i2s_std.c.obj
[669/2107] Building C object esp-idf/esp_driver_mcpwm/CMakeFiles/__idf_esp_driver_mcpwm.dir/src/mcpwm_timer.c.obj
[670/2107] Building C object esp-idf/esp_wifi/CMakeFiles/__idf_esp_wifi.dir/regulatory/esp_wifi_regulatory.c.obj
[671/2107] Building C object esp-idf/esp_driver_mcpwm/CMakeFiles/__idf_esp_driver_mcpwm.dir/src/mcpwm_gen.c.obj
[672/2107] Building C object esp-idf/esp_driver_spi/CMakeFiles/__idf_esp_driver_spi.dir/src/gpspi/spi_slave.c.obj
[673/2107] Building C object esp-idf/esp_driver_mcpwm/CMakeFiles/__idf_esp_driver_mcpwm.dir/src/mcpwm_fault.c.obj
[674/2107] Building C object esp-idf/esp_driver_i2s/CMakeFiles/__idf_esp_driver_i2s.dir/i2s_platform.c.obj
[675/2107] Building C object esp-idf/esp_driver_i2s/CMakeFiles/__idf_esp_driver_i2s.dir/i2s_common.c.obj
[676/2107] Building C object esp-idf/sdmmc/CMakeFiles/__idf_sdmmc.dir/sd_pwr_ctrl/sd_pwr_ctrl.c.obj
[677/2107] Building C object esp-idf/esp_driver_sdspi/CMakeFiles/__idf_esp_driver_sdspi.dir/src/sdspi_crc.c.obj
[678/2107] Building C object esp-idf/sdmmc/CMakeFiles/__idf_sdmmc.dir/sdmmc_init.c.obj
[679/2107] Building C object esp-idf/sdmmc/CMakeFiles/__idf_sdmmc.dir/sdmmc_common.c.obj
[680/2107] Building C object esp-idf/esp_driver_i2s/CMakeFiles/__idf_esp_driver_i2s.dir/i2s_pdm.c.obj
[681/2107] Building C object esp-idf/sdmmc/CMakeFiles/__idf_sdmmc.dir/sdmmc_cmd.c.obj
[682/2107] Building C object esp-idf/sdmmc/CMakeFiles/__idf_sdmmc.dir/sdmmc_sd.c.obj
[683/2107] Building C object esp-idf/sdmmc/CMakeFiles/__idf_sdmmc.dir/sdmmc_io.c.obj
[684/2107] Building C object esp-idf/sdmmc/CMakeFiles/__idf_sdmmc.dir/sdmmc_mmc.c.obj
[685/2107] Building C object esp-idf/esp_driver_mcpwm/CMakeFiles/__idf_esp_driver_mcpwm.dir/src/mcpwm_sync.c.obj
[686/2107] Building C object esp-idf/esp_driver_sdspi/CMakeFiles/__idf_esp_driver_sdspi.dir/src/sdspi_host.c.obj
[687/2107] Building C object esp-idf/esp_driver_dac/CMakeFiles/__idf_esp_driver_dac.dir/dac_oneshot.c.obj
[688/2107] Building C object esp-idf/esp_driver_sdspi/CMakeFiles/__idf_esp_driver_sdspi.dir/src/sdspi_transaction.c.obj
[689/2107] Building C object esp-idf/esp_driver_sdio/CMakeFiles/__idf_esp_driver_sdio.dir/src/sdio_slave.c.obj
[690/2107] Building C object esp-idf/esp_driver_dac/CMakeFiles/__idf_esp_driver_dac.dir/dac_common.c.obj
[691/2107] Building C object esp-idf/esp_driver_dac/CMakeFiles/__idf_esp_driver_dac.dir/dac_cosine.c.obj
[692/2107] Building C object esp-idf/esp_driver_dac/CMakeFiles/__idf_esp_driver_dac.dir/esp32/dac_dma.c.obj
[693/2107] Building C object esp-idf/esp_driver_sdmmc/CMakeFiles/__idf_esp_driver_sdmmc.dir/src/sdmmc_transaction.c.obj
[694/2107] Building C object esp-idf/esp_driver_dac/CMakeFiles/__idf_esp_driver_dac.dir/dac_continuous.c.obj
[695/2107] Building C object esp-idf/esp_driver_rmt/CMakeFiles/__idf_esp_driver_rmt.dir/src/rmt_encoder_simple.c.obj
[696/2107] Building C object esp-idf/esp_driver_rmt/CMakeFiles/__idf_esp_driver_rmt.dir/src/rmt_encoder.c.obj
[697/2107] Building C object esp-idf/esp_driver_rmt/CMakeFiles/__idf_esp_driver_rmt.dir/src/rmt_encoder_bytes.c.obj
[698/2107] Building C object esp-idf/esp_driver_rmt/CMakeFiles/__idf_esp_driver_rmt.dir/src/rmt_encoder_copy.c.obj
[699/2107] Performing build step for 'bootloader'
[0/1] Re-running CMake...
-- Minimal build - OFF
-- Building ESP-IDF components for target esp32
-- Project sdkconfig file /workspaces/PR-ESPIDFCodebase/sdkconfig
-- Compiler supported targets: xtensa-esp-elf
-- Adding linker script /opt/esp/idf/components/soc/esp32/ld/esp32.peripherals.ld
-- Bootloader project name: "bootloader" version: 1
-- Adding linker script /opt/esp/idf/components/esp_rom/esp32/ld/esp32.rom.ld
-- Adding linker script /opt/esp/idf/components/esp_rom/esp32/ld/esp32.rom.api.ld
-- Adding linker script /opt/esp/idf/components/esp_rom/esp32/ld/esp32.rom.libgcc.ld
-- Adding linker script /opt/esp/idf/components/esp_rom/esp32/ld/esp32.rom.libc-funcs.ld
-- Adding linker script /opt/esp/idf/components/bootloader/subproject/main/ld/esp32/bootloader.ld
-- Adding linker script /opt/esp/idf/components/bootloader/subproject/main/ld/esp32/bootloader.rom.ld
-- Components: bootloader bootloader_support efuse esp_app_format esp_bootloader_format esp_common esp_hw_support esp_rom esp_security esp_system esptool_py freertos hal log main micro-ecc newlib partition_table soc spi_flash xtensa
-- Component paths: /opt/esp/idf/components/bootloader /opt/esp/idf/components/bootloader_support /opt/esp/idf/components/efuse /opt/esp/idf/components/esp_app_format /opt/esp/idf/components/esp_bootloader_format /opt/esp/idf/components/esp_common /opt/esp/idf/components/esp_hw_support /opt/esp/idf/components/esp_rom /opt/esp/idf/components/esp_security /opt/esp/idf/components/esp_system /opt/esp/idf/components/esptool_py /opt/esp/idf/components/freertos /opt/esp/idf/components/hal /opt/esp/idf/components/log /opt/esp/idf/components/bootloader/subproject/main /opt/esp/idf/components/bootloader/subproject/components/micro-ecc /opt/esp/idf/components/newlib /opt/esp/idf/components/partition_table /opt/esp/idf/components/soc /opt/esp/idf/components/spi_flash /opt/esp/idf/components/xtensa
-- Configuring done (4.3s)
-- Generating done (0.1s)
-- Build files have been written to: /workspaces/PR-ESPIDFCodebase/build/bootloader
[1/1] cd /workspaces/PR-ESPIDFCodebase/build/bootloader/esp-idf/esptool_py && /opt/esp/python_env/idf5.5_py3.12_env/bin/python /opt/esp/idf/components/partition_table/check_sizes.py --offset 0x8000 bootloader 0x1000 /workspaces/PR-ESPIDFCodebase/build/bootloader/bootloader.bin
Bootloader binary size 0x6680 bytes. 0x980 bytes (8%) free.
[700/2107] No install step for 'bootloader'
[701/2107] Building C object esp-idf/esp_driver_rmt/CMakeFiles/__idf_esp_driver_rmt.dir/src/rmt_common.c.obj
[702/2107] Completed 'bootloader'
[703/2107] Building C object esp-idf/esp_driver_sdm/CMakeFiles/__idf_esp_driver_sdm.dir/src/sdm.c.obj
[704/2107] Building C object esp-idf/esp_driver_rmt/CMakeFiles/__idf_esp_driver_rmt.dir/src/rmt_tx.c.obj
[705/2107] Building C object esp-idf/esp_driver_rmt/CMakeFiles/__idf_esp_driver_rmt.dir/src/rmt_rx.c.obj
[706/2107] Building C object esp-idf/driver/CMakeFiles/__idf_driver.dir/deprecated/dac_common_legacy.c.obj
[707/2107] Building C object esp-idf/esp_driver_i2c/CMakeFiles/__idf_esp_driver_i2c.dir/i2c_common.c.obj
[708/2107] Building C object esp-idf/driver/CMakeFiles/__idf_driver.dir/deprecated/esp32/dac_legacy.c.obj
[709/2107] Building C object esp-idf/driver/CMakeFiles/__idf_driver.dir/deprecated/adc_legacy.c.obj
[710/2107] Building C object esp-idf/driver/CMakeFiles/__idf_driver.dir/deprecated/adc_dma_legacy.c.obj
[711/2107] Building C object esp-idf/esp_driver_i2c/CMakeFiles/__idf_esp_driver_i2c.dir/i2c_master.c.obj
[712/2107] Building C object esp-idf/esp_driver_twai/CMakeFiles/__idf_esp_driver_twai.dir/esp_twai.c.obj
[713/2107] Building C object esp-idf/esp_driver_twai/CMakeFiles/__idf_esp_driver_twai.dir/esp_twai_onchip.c.obj
[714/2107] Building C object esp-idf/driver/CMakeFiles/__idf_driver.dir/deprecated/timer_legacy.c.obj
[715/2107] Building C object esp-idf/esp_driver_i2c/CMakeFiles/__idf_esp_driver_i2c.dir/i2c_slave.c.obj
[716/2107] Building C object esp-idf/driver/CMakeFiles/__idf_driver.dir/deprecated/sigma_delta_legacy.c.obj
[717/2107] Building C object esp-idf/driver/CMakeFiles/__idf_driver.dir/i2c/i2c.c.obj
[718/2107] Building C object esp-idf/esp_driver_ledc/CMakeFiles/__idf_esp_driver_ledc.dir/src/ledc.c.obj
[719/2107] Building C object esp-idf/http_parser/CMakeFiles/__idf_http_parser.dir/http_parser.c.obj
[720/2107] Building C object esp-idf/esp-tls/CMakeFiles/__idf_esp-tls.dir/esp_tls_platform_port.c.obj
[721/2107] Building C object esp-idf/driver/CMakeFiles/__idf_driver.dir/touch_sensor/touch_sensor_common.c.obj
[722/2107] Building C object esp-idf/esp-tls/CMakeFiles/__idf_esp-tls.dir/esp-tls-crypto/esp_tls_crypto.c.obj
[723/2107] Building C object esp-idf/esp_driver_sdmmc/CMakeFiles/__idf_esp_driver_sdmmc.dir/src/sdmmc_host.c.obj
[724/2107] Building C object esp-idf/driver/CMakeFiles/__idf_driver.dir/deprecated/i2s_legacy.c.obj
[725/2107] Building C object esp-idf/driver/CMakeFiles/__idf_driver.dir/deprecated/rmt_legacy.c.obj
[726/2107] Building C object esp-idf/driver/CMakeFiles/__idf_driver.dir/deprecated/adc_i2s_deprecated.c.obj
[727/2107] Building C object esp-idf/esp_adc/CMakeFiles/__idf_esp_adc.dir/adc_cali_curve_fitting.c.obj
[728/2107] Building C object esp-idf/driver/CMakeFiles/__idf_driver.dir/twai/twai.c.obj
[729/2107] Building C object esp-idf/driver/CMakeFiles/__idf_driver.dir/deprecated/mcpwm_legacy.c.obj
[730/2107] Building C object esp-idf/driver/CMakeFiles/__idf_driver.dir/touch_sensor/esp32/touch_sensor.c.obj
[731/2107] Building C object esp-idf/esp_adc/CMakeFiles/__idf_esp_adc.dir/deprecated/esp_adc_cal_common_legacy.c.obj
[732/2107] Building C object esp-idf/esp_adc/CMakeFiles/__idf_esp_adc.dir/adc_oneshot.c.obj
[733/2107] Building C object esp-idf/driver/CMakeFiles/__idf_driver.dir/deprecated/pcnt_legacy.c.obj
[734/2107] Building C object esp-idf/esp-tls/CMakeFiles/__idf_esp-tls.dir/esp_tls_error_capture.c.obj
[735/2107] Building C object esp-idf/esp_adc/CMakeFiles/__idf_esp_adc.dir/esp32/adc_cali_line_fitting.c.obj
[736/2107] Building C object esp-idf/esp_adc/CMakeFiles/__idf_esp_adc.dir/adc_cali.c.obj
[737/2107] Building C object esp-idf/esp_adc/CMakeFiles/__idf_esp_adc.dir/esp32/adc_dma.c.obj
[738/2107] Building C object esp-idf/esp-tls/CMakeFiles/__idf_esp-tls.dir/esp_tls.c.obj
[739/2107] Building C object esp-idf/esp_adc/CMakeFiles/__idf_esp_adc.dir/deprecated/esp32/esp_adc_cal_legacy.c.obj
[740/2107] Building C object esp-idf/esp_adc/CMakeFiles/__idf_esp_adc.dir/adc_common.c.obj
[741/2107] Building C object esp-idf/esp-tls/CMakeFiles/__idf_esp-tls.dir/esp_tls_mbedtls.c.obj
[742/2107] Building C object esp-idf/tcp_transport/CMakeFiles/__idf_tcp_transport.dir/transport_socks_proxy.c.obj
[743/2107] Building C object esp-idf/esp_http_client/CMakeFiles/__idf_esp_http_client.dir/lib/http_utils.c.obj
[744/2107] Building C object esp-idf/esp_adc/CMakeFiles/__idf_esp_adc.dir/adc_continuous.c.obj
[745/2107] Building C object esp-idf/esp_http_client/CMakeFiles/__idf_esp_http_client.dir/lib/http_auth.c.obj
[746/2107] Building C object esp-idf/esp_http_client/CMakeFiles/__idf_esp_http_client.dir/lib/http_header.c.obj
[747/2107] Building C object esp-idf/esp_http_server/CMakeFiles/__idf_esp_http_server.dir/src/httpd_main.c.obj
[748/2107] Building C object esp-idf/tcp_transport/CMakeFiles/__idf_tcp_transport.dir/transport_ssl.c.obj
[749/2107] Building C object esp-idf/esp_http_server/CMakeFiles/__idf_esp_http_server.dir/src/httpd_sess.c.obj
[750/2107] Building C object esp-idf/esp_http_server/CMakeFiles/__idf_esp_http_server.dir/src/httpd_parse.c.obj
[751/2107] Building C object esp-idf/tcp_transport/CMakeFiles/__idf_tcp_transport.dir/transport_internal.c.obj
[752/2107] Building C object esp-idf/tcp_transport/CMakeFiles/__idf_tcp_transport.dir/transport_ws.c.obj
[753/2107] Building C object esp-idf/esp_http_client/CMakeFiles/__idf_esp_http_client.dir/esp_http_client.c.obj
[754/2107] Building C object esp-idf/esp_http_server/CMakeFiles/__idf_esp_http_server.dir/src/httpd_txrx.c.obj
[755/2107] Building C object esp-idf/esp_http_server/CMakeFiles/__idf_esp_http_server.dir/src/util/ctrl_sock.c.obj
[756/2107] Building C object esp-idf/esp_http_server/CMakeFiles/__idf_esp_http_server.dir/src/httpd_uri.c.obj
[757/2107] Building C object esp-idf/esp_http_server/CMakeFiles/__idf_esp_http_server.dir/src/httpd_ws.c.obj
[758/2107] Building C object esp-idf/tcp_transport/CMakeFiles/__idf_tcp_transport.dir/transport.c.obj
[759/2107] Building C object esp-idf/esp_https_ota/CMakeFiles/__idf_esp_https_ota.dir/src/esp_https_ota.c.obj
[760/2107] Linking C static library esp-idf/esp_https_ota/libesp_https_ota.a
[761/2107] Linking C static library esp-idf/esp_http_server/libesp_http_server.a
[762/2107] Linking C static library esp-idf/esp_http_client/libesp_http_client.a
[763/2107] Linking C static library esp-idf/tcp_transport/libtcp_transport.a
[764/2107] Linking C static library esp-idf/esp_adc/libesp_adc.a
[765/2107] Linking C static library esp-idf/esp-tls/libesp-tls.a
[766/2107] Linking C static library esp-idf/http_parser/libhttp_parser.a
[767/2107] Linking C static library esp-idf/driver/libdriver.a
[768/2107] Linking C static library esp-idf/esp_driver_twai/libesp_driver_twai.a
[769/2107] Linking C static library esp-idf/esp_driver_ledc/libesp_driver_ledc.a
[770/2107] Linking C static library esp-idf/esp_driver_i2c/libesp_driver_i2c.a
[771/2107] Linking C static library esp-idf/esp_driver_sdm/libesp_driver_sdm.a
[772/2107] Linking C static library esp-idf/esp_driver_rmt/libesp_driver_rmt.a
[773/2107] Linking C static library esp-idf/esp_driver_dac/libesp_driver_dac.a
[774/2107] Linking C static library esp-idf/esp_driver_sdio/libesp_driver_sdio.a
[775/2107] Linking C static library esp-idf/esp_driver_sdspi/libesp_driver_sdspi.a
[776/2107] Linking C static library esp-idf/esp_driver_sdmmc/libesp_driver_sdmmc.a
[777/2107] Linking C static library esp-idf/sdmmc/libsdmmc.a
[778/2107] Linking C static library esp-idf/esp_driver_i2s/libesp_driver_i2s.a
[779/2107] Linking C static library esp-idf/esp_driver_mcpwm/libesp_driver_mcpwm.a
[780/2107] Linking C static library esp-idf/esp_driver_pcnt/libesp_driver_pcnt.a
[781/2107] Linking C static library esp-idf/esp_gdbstub/libesp_gdbstub.a
[782/2107] Linking C static library esp-idf/esp_driver_spi/libesp_driver_spi.a
[783/2107] Linking C static library esp-idf/esp_wifi/libesp_wifi.a
[784/2107] Linking C static library esp-idf/esp_coex/libesp_coex.a
[785/2107] Linking C static library esp-idf/wpa_supplicant/libwpa_supplicant.a
[786/2107] Linking C static library esp-idf/esp_netif/libesp_netif.a
[787/2107] Linking C static library esp-idf/lwip/liblwip.a
[788/2107] Linking C static library esp-idf/vfs/libvfs.a
[789/2107] Linking C static library esp-idf/esp_vfs_console/libesp_vfs_console.a
[790/2107] Linking C static library esp-idf/esp_phy/libesp_phy.a
[791/2107] Linking C static library esp-idf/nvs_flash/libnvs_flash.a
[792/2107] Linking C static library esp-idf/esp_event/libesp_event.a
[793/2107] Linking C static library esp-idf/esp_driver_uart/libesp_driver_uart.a
[794/2107] Linking C static library esp-idf/esp_ringbuf/libesp_ringbuf.a
[795/2107] Linking C static library esp-idf/esp_driver_gptimer/libesp_driver_gptimer.a
[796/2107] Linking C static library esp-idf/esp_timer/libesp_timer.a
[797/2107] Linking C static library esp-idf/cxx/libcxx.a
[798/2107] Linking C static library esp-idf/pthread/libpthread.a
[799/2107] Linking C static library esp-idf/newlib/libnewlib.a
[800/2107] Linking C static library esp-idf/freertos/libfreertos.a
[801/2107] Linking C static library esp-idf/esp_hw_support/libesp_hw_support.a
[802/2107] Linking C static library esp-idf/esp_security/libesp_security.a
[803/2107] Linking C static library esp-idf/soc/libsoc.a
[804/2107] Linking C static library esp-idf/heap/libheap.a
[805/2107] Linking C static library esp-idf/log/liblog.a
[806/2107] Linking C static library esp-idf/hal/libhal.a
[807/2107] Linking C static library esp-idf/esp_rom/libesp_rom.a
[808/2107] Linking C static library esp-idf/esp_common/libesp_common.a
[809/2107] Linking C static library esp-idf/esp_system/libesp_system.a
[810/2107] Linking C static library esp-idf/spi_flash/libspi_flash.a
[811/2107] Linking C static library esp-idf/esp_mm/libesp_mm.a
[812/2107] Linking C static library esp-idf/bootloader_support/libbootloader_support.a
[813/2107] Linking C static library esp-idf/efuse/libefuse.a
[814/2107] Linking C static library esp-idf/esp_partition/libesp_partition.a
[815/2107] Linking C static library esp-idf/app_update/libapp_update.a
[816/2107] Linking C static library esp-idf/esp_bootloader_format/libesp_bootloader_format.a
[817/2107] Linking C static library esp-idf/esp_app_format/libesp_app_format.a
[818/2107] Linking CXX static library esp-idf/mbedtls/mbedtls/library/libmbedtls.a
[819/2107] Linking CXX static library esp-idf/mbedtls/mbedtls/library/libmbedx509.a
[820/2107] Linking CXX static library esp-idf/mbedtls/mbedtls/library/libmbedcrypto.a
[821/2107] Linking CXX static library esp-idf/mbedtls/mbedtls/3rdparty/p256-m/libp256m.a
[822/2107] Linking CXX static library esp-idf/mbedtls/mbedtls/3rdparty/everest/libeverest.a
[823/2107] Building ASM object esp-idf/xtensa/CMakeFiles/__idf_xtensa.dir/xtensa_vectors.S.obj
[824/2107] Building C object esp-idf/xtensa/CMakeFiles/__idf_xtensa.dir/xt_trax.c.obj
[825/2107] Building ASM object esp-idf/xtensa/CMakeFiles/__idf_xtensa.dir/xtensa_context.S.obj
[826/2107] Building C object esp-idf/esp_driver_gpio/CMakeFiles/__idf_esp_driver_gpio.dir/src/gpio_glitch_filter_ops.c.obj
[827/2107] Building C object esp-idf/esp_pm/CMakeFiles/__idf_esp_pm.dir/pm_trace.c.obj
[828/2107] Building ASM object esp-idf/xtensa/CMakeFiles/__idf_xtensa.dir/xtensa_intr_asm.S.obj
[829/2107] Building ASM object esp-idf/bt/CMakeFiles/__idf_bt.dir/controller/esp32/hli_vectors.S.obj
[830/2107] Building C object esp-idf/app_trace/CMakeFiles/__idf_app_trace.dir/host_file_io.c.obj
[831/2107] Building C object esp-idf/app_trace/CMakeFiles/__idf_app_trace.dir/app_trace_util.c.obj
[832/2107] Building C object esp-idf/app_trace/CMakeFiles/__idf_app_trace.dir/app_trace.c.obj
[833/2107] Building C object esp-idf/esp_pm/CMakeFiles/__idf_esp_pm.dir/pm_locks.c.obj
[834/2107] Building C object esp-idf/esp_driver_gpio/CMakeFiles/__idf_esp_driver_gpio.dir/src/rtc_io.c.obj
[835/2107] Building C object esp-idf/xtensa/CMakeFiles/__idf_xtensa.dir/xtensa_intr.c.obj
[836/2107] Building C object esp-idf/bt/CMakeFiles/__idf_bt.dir/controller/esp32/hli_api.c.obj
[837/2107] Building C object esp-idf/app_trace/CMakeFiles/__idf_app_trace.dir/port/port_uart.c.obj
[838/2107] Building C object esp-idf/bt/CMakeFiles/__idf_bt.dir/common/btc/core/btc_alarm.c.obj
[839/2107] Building C object esp-idf/esp_driver_gpio/CMakeFiles/__idf_esp_driver_gpio.dir/src/gpio.c.obj
[840/2107] Building C object esp-idf/bt/CMakeFiles/__idf_bt.dir/common/osi/allocator.c.obj
[841/2107] Building C object esp-idf/bt/CMakeFiles/__idf_bt.dir/controller/esp32/bt.c.obj
[842/2107] Building C object esp-idf/bt/CMakeFiles/__idf_bt.dir/common/hci_log/bt_hci_log.c.obj
[843/2107] Building C object esp-idf/bt/CMakeFiles/__idf_bt.dir/common/osi/buffer.c.obj
[844/2107] Building C object esp-idf/bt/CMakeFiles/__idf_bt.dir/common/osi/alarm.c.obj
[845/2107] Building C object esp-idf/esp_pm/CMakeFiles/__idf_esp_pm.dir/pm_impl.c.obj
[846/2107] Building C object esp-idf/bt/CMakeFiles/__idf_bt.dir/common/btc/core/btc_manage.c.obj
[847/2107] Building C object esp-idf/bt/CMakeFiles/__idf_bt.dir/common/osi/config.c.obj
[848/2107] Building C object esp-idf/bt/CMakeFiles/__idf_bt.dir/common/osi/fixed_queue.c.obj
[849/2107] Building C object esp-idf/bt/CMakeFiles/__idf_bt.dir/common/osi/hash_functions.c.obj
[850/2107] Building C object esp-idf/bt/CMakeFiles/__idf_bt.dir/common/osi/pkt_queue.c.obj
[851/2107] Building C object esp-idf/bt/CMakeFiles/__idf_bt.dir/common/btc/profile/esp/blufi/blufi_prf.c.obj
[852/2107] Building C object esp-idf/bt/CMakeFiles/__idf_bt.dir/common/api/esp_blufi_api.c.obj
[853/2107] Building C object esp-idf/bt/CMakeFiles/__idf_bt.dir/common/btc/profile/esp/blufi/blufi_protocol.c.obj
[854/2107] Building C object esp-idf/bt/CMakeFiles/__idf_bt.dir/common/osi/hash_map.c.obj
[855/2107] Building C object esp-idf/bt/CMakeFiles/__idf_bt.dir/common/osi/future.c.obj
[856/2107] Building C object esp-idf/mbedtls/CMakeFiles/__idf_mbedtls.dir/esp_crt_bundle/esp_crt_bundle.c.obj
[857/2107] Building C object esp-idf/bt/CMakeFiles/__idf_bt.dir/common/osi/fixed_pkt_queue.c.obj
[858/2107] Building C object esp-idf/bt/CMakeFiles/__idf_bt.dir/common/btc/core/btc_task.c.obj
[859/2107] Building C object esp-idf/bt/CMakeFiles/__idf_bt.dir/common/osi/list.c.obj
[860/2107] Linking C static library esp-idf/mbedtls/libmbedtls.a
[861/2107] Building C object esp-idf/bt/CMakeFiles/__idf_bt.dir/common/osi/mutex.c.obj
[862/2107] Building C object esp-idf/bt/CMakeFiles/__idf_bt.dir/porting/mem/bt_osi_mem.c.obj
[863/2107] Building C object esp-idf/bt/CMakeFiles/__idf_bt.dir/common/osi/thread.c.obj
[864/2107] Linking C static library esp-idf/esp_pm/libesp_pm.a
[865/2107] Building C object esp-idf/bt/CMakeFiles/__idf_bt.dir/common/osi/semaphore.c.obj
[866/2107] Building C object esp-idf/bt/CMakeFiles/__idf_bt.dir/host/bluedroid/api/esp_bluedroid_hci.c.obj
[867/2107] Linking C static library esp-idf/esp_driver_gpio/libesp_driver_gpio.a
[868/2107] Building C object esp-idf/bt/CMakeFiles/__idf_bt.dir/common/ble_log/ble_log_uhci_out.c.obj
[869/2107] Building C object esp-idf/bt/CMakeFiles/__idf_bt.dir/common/osi/osi.c.obj
[870/2107] Linking C static library esp-idf/xtensa/libxtensa.a
[871/2107] Linking C static library esp-idf/app_trace/libapp_trace.a
[872/2107] Building C object esp-idf/bt/CMakeFiles/__idf_bt.dir/host/bluedroid/api/esp_a2dp_api.c.obj
[873/2107] Building C object esp-idf/bt/CMakeFiles/__idf_bt.dir/host/bluedroid/api/esp_avrc_api.c.obj
[874/2107] Building C object esp-idf/bt/CMakeFiles/__idf_bt.dir/host/bluedroid/api/esp_bt_device.c.obj
[875/2107] Building C object esp-idf/bt/CMakeFiles/__idf_bt.dir/common/ble_log/ble_log_spi_out.c.obj
[876/2107] Building C object esp-idf/bt/CMakeFiles/__idf_bt.dir/host/bluedroid/api/esp_gap_bt_api.c.obj
[877/2107] Building C object esp-idf/bt/CMakeFiles/__idf_bt.dir/host/bluedroid/api/esp_gatt_common_api.c.obj
[878/2107] Building C object esp-idf/bt/CMakeFiles/__idf_bt.dir/host/bluedroid/api/esp_bt_main.c.obj
[879/2107] Building C object esp-idf/bt/CMakeFiles/__idf_bt.dir/host/bluedroid/api/esp_hidh_api.c.obj
[880/2107] Building C object esp-idf/bt/CMakeFiles/__idf_bt.dir/host/bluedroid/api/esp_hf_ag_api.c.obj
[881/2107] Building C object esp-idf/bt/CMakeFiles/__idf_bt.dir/host/bluedroid/api/esp_gap_ble_api.c.obj
[882/2107] Building C object esp-idf/bt/CMakeFiles/__idf_bt.dir/host/bluedroid/api/esp_gatts_api.c.obj
[883/2107] Building C object esp-idf/bt/CMakeFiles/__idf_bt.dir/host/bluedroid/bta/av/bta_av_api.c.obj
[884/2107] Building C object esp-idf/bt/CMakeFiles/__idf_bt.dir/host/bluedroid/api/esp_l2cap_bt_api.c.obj
[885/2107] Building C object esp-idf/bt/CMakeFiles/__idf_bt.dir/host/bluedroid/bta/av/bta_av_ca_act.c.obj
[886/2107] Building C object esp-idf/bt/CMakeFiles/__idf_bt.dir/host/bluedroid/bta/av/bta_av_act.c.obj
[887/2107] Building C object esp-idf/bt/CMakeFiles/__idf_bt.dir/host/bluedroid/bta/av/bta_av_ca_sm.c.obj
[888/2107] Building C object esp-idf/bt/CMakeFiles/__idf_bt.dir/host/bluedroid/api/esp_hidd_api.c.obj
[889/2107] Building C object esp-idf/bt/CMakeFiles/__idf_bt.dir/host/bluedroid/api/esp_gattc_api.c.obj
[890/2107] Building C object esp-idf/bt/CMakeFiles/__idf_bt.dir/host/bluedroid/api/esp_sdp_api.c.obj
[891/2107] Building C object esp-idf/bt/CMakeFiles/__idf_bt.dir/host/bluedroid/bta/ar/bta_ar.c.obj
[892/2107] Building C object esp-idf/bt/CMakeFiles/__idf_bt.dir/host/bluedroid/api/esp_hf_client_api.c.obj
[893/2107] Building C object esp-idf/bt/CMakeFiles/__idf_bt.dir/host/bluedroid/bta/av/bta_av_aact.c.obj
[894/2107] Building C object esp-idf/bt/CMakeFiles/__idf_bt.dir/host/bluedroid/bta/av/bta_av_cfg.c.obj
[895/2107] Building C object esp-idf/bt/CMakeFiles/__idf_bt.dir/host/bluedroid/api/esp_pbac_api.c.obj
[896/2107] Building C object esp-idf/bt/CMakeFiles/__idf_bt.dir/host/bluedroid/bta/av/bta_av_ssm.c.obj
[897/2107] Building C object esp-idf/bt/CMakeFiles/__idf_bt.dir/host/bluedroid/bta/av/bta_av_main.c.obj
[898/2107] Building C object esp-idf/bt/CMakeFiles/__idf_bt.dir/host/bluedroid/bta/av/bta_av_ci.c.obj
[899/2107] Building C object esp-idf/bt/CMakeFiles/__idf_bt.dir/host/bluedroid/bta/av/bta_av_sbc.c.obj
[900/2107] Building C object esp-idf/bt/CMakeFiles/__idf_bt.dir/host/bluedroid/bta/dm/bta_dm_cfg.c.obj
[901/2107] Building C object esp-idf/bt/CMakeFiles/__idf_bt.dir/host/bluedroid/bta/dm/bta_dm_ci.c.obj
[902/2107] Building C object esp-idf/bt/CMakeFiles/__idf_bt.dir/host/bluedroid/bta/dm/bta_dm_api.c.obj
[903/2107] Building C object esp-idf/bt/CMakeFiles/__idf_bt.dir/host/bluedroid/bta/dm/bta_dm_sco.c.obj
[904/2107] Building C object esp-idf/bt/CMakeFiles/__idf_bt.dir/host/bluedroid/bta/dm/bta_dm_act.c.obj
[905/2107] Building C object esp-idf/bt/CMakeFiles/__idf_bt.dir/host/bluedroid/bta/gatt/bta_gattc_act.c.obj
[906/2107] Building C object esp-idf/bt/CMakeFiles/__idf_bt.dir/host/bluedroid/bta/dm/bta_dm_qos.c.obj
[907/2107] Building C object esp-idf/bt/CMakeFiles/__idf_bt.dir/host/bluedroid/bta/gatt/bta_gattc_cache.c.obj
[908/2107] Building C object esp-idf/bt/CMakeFiles/__idf_bt.dir/host/bluedroid/bta/gatt/bta_gatt_common.c.obj
[909/2107] Building C object esp-idf/bt/CMakeFiles/__idf_bt.dir/host/bluedroid/api/esp_spp_api.c.obj
[910/2107] Building C object esp-idf/bt/CMakeFiles/__idf_bt.dir/host/bluedroid/bta/gatt/bta_gattc_api.c.obj
[911/2107] Building C object esp-idf/bt/CMakeFiles/__idf_bt.dir/host/bluedroid/bta/dm/bta_dm_co.c.obj
[912/2107] Building C object esp-idf/bt/CMakeFiles/__idf_bt.dir/host/bluedroid/bta/dm/bta_dm_pm.c.obj
[913/2107] Building C object esp-idf/bt/CMakeFiles/__idf_bt.dir/host/bluedroid/bta/gatt/bta_gattc_main.c.obj
[914/2107] Building C object esp-idf/bt/CMakeFiles/__idf_bt.dir/host/bluedroid/bta/gatt/bta_gatts_act.c.obj
[915/2107] Building C object esp-idf/bt/CMakeFiles/__idf_bt.dir/host/bluedroid/bta/gatt/bta_gattc_utils.c.obj
[916/2107] Building C object esp-idf/bt/CMakeFiles/__idf_bt.dir/host/bluedroid/bta/hd/bta_hd_act.c.obj
[917/2107] Building C object esp-idf/bt/CMakeFiles/__idf_bt.dir/host/bluedroid/bta/gatt/bta_gattc_co.c.obj
[918/2107] Building C object esp-idf/bt/CMakeFiles/__idf_bt.dir/host/bluedroid/bta/dm/bta_dm_main.c.obj
[919/2107] Building C object esp-idf/bt/CMakeFiles/__idf_bt.dir/host/bluedroid/bta/hd/bta_hd_main.c.obj
[920/2107] Building C object esp-idf/bt/CMakeFiles/__idf_bt.dir/host/bluedroid/bta/hd/bta_hd_api.c.obj
[921/2107] Building C object esp-idf/bt/CMakeFiles/__idf_bt.dir/host/bluedroid/bta/gatt/bta_gatts_main.c.obj
[922/2107] Building C object esp-idf/bt/CMakeFiles/__idf_bt.dir/host/bluedroid/bta/gatt/bta_gatts_co.c.obj
[923/2107] Building C object esp-idf/bt/CMakeFiles/__idf_bt.dir/host/bluedroid/bta/hh/bta_hh_cfg.c.obj
[924/2107] Building C object esp-idf/bt/CMakeFiles/__idf_bt.dir/host/bluedroid/bta/gatt/bta_gatts_api.c.obj
[925/2107] Building C object esp-idf/bt/CMakeFiles/__idf_bt.dir/host/bluedroid/bta/hh/bta_hh_api.c.obj
[926/2107] Building C object esp-idf/bt/CMakeFiles/__idf_bt.dir/host/bluedroid/bta/gatt/bta_gatts_utils.c.obj
[927/2107] Building C object esp-idf/bt/CMakeFiles/__idf_bt.dir/host/bluedroid/bta/hh/bta_hh_main.c.obj
[928/2107] Building C object esp-idf/bt/CMakeFiles/__idf_bt.dir/host/bluedroid/bta/gatt/bta_gattc_ci.c.obj
[929/2107] Building C object esp-idf/bt/CMakeFiles/__idf_bt.dir/host/bluedroid/bta/hf_ag/bta_ag_at.c.obj
[930/2107] Building C object esp-idf/bt/CMakeFiles/__idf_bt.dir/host/bluedroid/bta/hh/bta_hh_le.c.obj
[931/2107] Building C object esp-idf/bt/CMakeFiles/__idf_bt.dir/host/bluedroid/bta/hh/bta_hh_utils.c.obj
[932/2107] Building C object esp-idf/bt/CMakeFiles/__idf_bt.dir/host/bluedroid/bta/jv/bta_jv_api.c.obj
[933/2107] Building C object esp-idf/bt/CMakeFiles/__idf_bt.dir/host/bluedroid/bta/jv/bta_jv_act.c.obj
[934/2107] Building C object esp-idf/bt/CMakeFiles/__idf_bt.dir/host/bluedroid/bta/hf_ag/bta_ag_act.c.obj
[935/2107] Building C object esp-idf/bt/CMakeFiles/__idf_bt.dir/host/bluedroid/bta/jv/bta_jv_main.c.obj
[936/2107] Building C object esp-idf/bt/CMakeFiles/__idf_bt.dir/host/bluedroid/bta/jv/bta_jv_cfg.c.obj
[937/2107] Building C object esp-idf/bt/CMakeFiles/__idf_bt.dir/host/bluedroid/bta/hh/bta_hh_act.c.obj
[938/2107] Building C object esp-idf/bt/CMakeFiles/__idf_bt.dir/host/bluedroid/bta/hf_ag/bta_ag_api.c.obj
[939/2107] Building C object esp-idf/bt/CMakeFiles/__idf_bt.dir/host/bluedroid/bta/hf_ag/bta_ag_cmd.c.obj
[940/2107] Building C object esp-idf/bt/CMakeFiles/__idf_bt.dir/host/bluedroid/bta/hf_ag/bta_ag_rfc.c.obj
[941/2107] Building C object esp-idf/bt/CMakeFiles/__idf_bt.dir/host/bluedroid/bta/hf_ag/bta_ag_sco.c.obj
[942/2107] Building C object esp-idf/bt/CMakeFiles/__idf_bt.dir/host/bluedroid/bta/hf_client/bta_hf_client_act.c.obj
[943/2107] Building C object esp-idf/bt/CMakeFiles/__idf_bt.dir/host/bluedroid/bta/hf_client/bta_hf_client_at.c.obj
[944/2107] Building C object esp-idf/bt/CMakeFiles/__idf_bt.dir/host/bluedroid/bta/hf_ag/bta_ag_main.c.obj
[945/2107] Building C object esp-idf/bt/CMakeFiles/__idf_bt.dir/host/bluedroid/bta/hf_ag/bta_ag_sdp.c.obj
[946/2107] Building C object esp-idf/bt/CMakeFiles/__idf_bt.dir/host/bluedroid/bta/hf_ag/bta_ag_cfg.c.obj
[947/2107] Building C object esp-idf/bt/CMakeFiles/__idf_bt.dir/host/bluedroid/bta/hf_client/bta_hf_client_main.c.obj
[948/2107] Building C object esp-idf/bt/CMakeFiles/__idf_bt.dir/host/bluedroid/bta/hf_client/bta_hf_client_sco.c.obj
[949/2107] Building C object esp-idf/bt/CMakeFiles/__idf_bt.dir/host/bluedroid/bta/hf_client/bta_hf_client_sdp.c.obj
[950/2107] Building C object esp-idf/bt/CMakeFiles/__idf_bt.dir/host/bluedroid/bta/pba/bta_pba_client_api.c.obj
[951/2107] Building C object esp-idf/bt/CMakeFiles/__idf_bt.dir/host/bluedroid/bta/hf_client/bta_hf_client_api.c.obj
[952/2107] Building C object esp-idf/bt/CMakeFiles/__idf_bt.dir/host/bluedroid/bta/pba/bta_pba_client_act.c.obj
[953/2107] Building C object esp-idf/bt/CMakeFiles/__idf_bt.dir/host/bluedroid/bta/hf_client/bta_hf_client_cmd.c.obj
[954/2107] Building C object esp-idf/bt/CMakeFiles/__idf_bt.dir/host/bluedroid/bta/hf_client/bta_hf_client_rfc.c.obj
[955/2107] Building C object esp-idf/bt/CMakeFiles/__idf_bt.dir/host/bluedroid/bta/pba/bta_pba_client_main.c.obj
[956/2107] Building C object esp-idf/bt/CMakeFiles/__idf_bt.dir/host/bluedroid/bta/sdp/bta_sdp.c.obj
[957/2107] Building C object esp-idf/bt/CMakeFiles/__idf_bt.dir/host/bluedroid/bta/sys/utl.c.obj
[958/2107] Building C object esp-idf/bt/CMakeFiles/__idf_bt.dir/host/bluedroid/bta/sdp/bta_sdp_api.c.obj
[959/2107] Building C object esp-idf/bt/CMakeFiles/__idf_bt.dir/host/bluedroid/bta/sys/bta_sys_conn.c.obj
[960/2107] Building C object esp-idf/bt/CMakeFiles/__idf_bt.dir/host/bluedroid/bta/sdp/bta_sdp_act.c.obj
[961/2107] Building C object esp-idf/bt/CMakeFiles/__idf_bt.dir/host/bluedroid/bta/sdp/bta_sdp_cfg.c.obj
[962/2107] Building C object esp-idf/bt/CMakeFiles/__idf_bt.dir/host/bluedroid/btc/core/btc_dev.c.obj
[963/2107] Building C object esp-idf/bt/CMakeFiles/__idf_bt.dir/host/bluedroid/btc/core/btc_ble_storage.c.obj
[964/2107] Building C object esp-idf/bt/CMakeFiles/__idf_bt.dir/host/bluedroid/bta/sys/bta_sys_main.c.obj
[965/2107] Building C object esp-idf/bt/CMakeFiles/__idf_bt.dir/host/bluedroid/btc/core/btc_profile_queue.c.obj
[966/2107] Building C object esp-idf/bt/CMakeFiles/__idf_bt.dir/host/bluedroid/btc/core/btc_sm.c.obj
[967/2107] Building C object esp-idf/bt/CMakeFiles/__idf_bt.dir/host/bluedroid/btc/core/btc_main.c.obj
[968/2107] Building C object esp-idf/bt/CMakeFiles/__idf_bt.dir/host/bluedroid/bta/pba/bta_pba_client_sdp.c.obj
[969/2107] Building C object esp-idf/bt/CMakeFiles/__idf_bt.dir/host/bluedroid/btc/core/btc_dm.c.obj
[970/2107] Building C object esp-idf/bt/CMakeFiles/__idf_bt.dir/host/bluedroid/btc/core/btc_config.c.obj
[971/2107] Building C object esp-idf/bt/CMakeFiles/__idf_bt.dir/host/bluedroid/btc/profile/std/a2dp/btc_a2dp_control.c.obj
[972/2107] Building C object esp-idf/bt/CMakeFiles/__idf_bt.dir/host/bluedroid/btc/profile/std/a2dp/btc_a2dp_sink.c.obj
[973/2107] Building C object esp-idf/bt/CMakeFiles/__idf_bt.dir/host/bluedroid/btc/profile/std/a2dp/bta_av_co.c.obj
[974/2107] Building C object esp-idf/bt/CMakeFiles/__idf_bt.dir/host/bluedroid/btc/profile/std/a2dp/btc_a2dp_source_ext_codec.c.obj
[975/2107] Building C object esp-idf/bt/CMakeFiles/__idf_bt.dir/host/bluedroid/btc/profile/std/a2dp/btc_a2dp_source.c.obj
[976/2107] Building C object esp-idf/bt/CMakeFiles/__idf_bt.dir/host/bluedroid/btc/profile/std/a2dp/btc_a2dp.c.obj
[977/2107] Building C object esp-idf/bt/CMakeFiles/__idf_bt.dir/host/bluedroid/btc/profile/std/avrc/btc_avrc.c.obj
[978/2107] Building C object esp-idf/bt/CMakeFiles/__idf_bt.dir/host/bluedroid/btc/profile/std/a2dp/btc_a2dp_sink_ext_coedc.c.obj
[979/2107] Building C object esp-idf/bt/CMakeFiles/__idf_bt.dir/host/bluedroid/btc/profile/std/a2dp/btc_av.c.obj
[980/2107] Building C object esp-idf/bt/CMakeFiles/__idf_bt.dir/host/bluedroid/btc/profile/std/avrc/bta_avrc_co.c.obj
[981/2107] Building C object esp-idf/bt/CMakeFiles/__idf_bt.dir/host/bluedroid/btc/profile/std/hf_ag/bta_ag_co.c.obj
[982/2107] Building C object esp-idf/bt/CMakeFiles/__idf_bt.dir/host/bluedroid/btc/core/btc_util.c.obj
[983/2107] Building C object esp-idf/bt/CMakeFiles/__idf_bt.dir/host/bluedroid/btc/profile/std/hf_client/btc_hf_client.c.obj
[984/2107] Building C object esp-idf/bt/CMakeFiles/__idf_bt.dir/host/bluedroid/btc/profile/std/hid/btc_hd.c.obj
[985/2107] Building C object esp-idf/bt/CMakeFiles/__idf_bt.dir/host/bluedroid/btc/profile/std/hf_client/bta_hf_client_co.c.obj
[986/2107] Building C object esp-idf/bt/CMakeFiles/__idf_bt.dir/host/bluedroid/btc/profile/std/gatt/btc_gatt_util.c.obj
[987/2107] Building C object esp-idf/bt/CMakeFiles/__idf_bt.dir/host/bluedroid/btc/profile/std/hid/btc_hh.c.obj
[988/2107] Building C object esp-idf/bt/CMakeFiles/__idf_bt.dir/host/bluedroid/btc/profile/std/gap/btc_gap_ble.c.obj
[989/2107] Building C object esp-idf/bt/CMakeFiles/__idf_bt.dir/host/bluedroid/btc/profile/std/gap/btc_gap_bt.c.obj
[990/2107] Building C object esp-idf/bt/CMakeFiles/__idf_bt.dir/host/bluedroid/btc/profile/std/gap/bta_gap_bt_co.c.obj
[991/2107] Building C object esp-idf/bt/CMakeFiles/__idf_bt.dir/host/bluedroid/btc/core/btc_storage.c.obj
[992/2107] Building C object esp-idf/bt/CMakeFiles/__idf_bt.dir/host/bluedroid/btc/profile/std/gatt/btc_gattc.c.obj
[993/2107] Building C object esp-idf/bt/CMakeFiles/__idf_bt.dir/host/bluedroid/btc/profile/std/hf_ag/btc_hf_ag.c.obj
[994/2107] Building C object esp-idf/bt/CMakeFiles/__idf_bt.dir/host/bluedroid/btc/profile/std/hid/bta_hh_co.c.obj
[995/2107] Building C object esp-idf/bt/CMakeFiles/__idf_bt.dir/host/bluedroid/btc/profile/std/sdp/btc_sdp.c.obj
[996/2107] Building C object esp-idf/bt/CMakeFiles/__idf_bt.dir/host/bluedroid/btc/profile/std/gatt/btc_gatt_common.c.obj
[997/2107] Building C object esp-idf/bt/CMakeFiles/__idf_bt.dir/host/bluedroid/btc/profile/std/spp/btc_spp.c.obj
[998/2107] Building C object esp-idf/bt/CMakeFiles/__idf_bt.dir/host/bluedroid/btc/profile/std/gatt/btc_gatts.c.obj
[999/2107] Building C object esp-idf/bt/CMakeFiles/__idf_bt.dir/host/bluedroid/device/bdaddr.c.obj
[1000/2107] Building C object esp-idf/bt/CMakeFiles/__idf_bt.dir/host/bluedroid/stack/a2dp/a2d_api.c.obj
[1001/2107] Building C object esp-idf/bt/CMakeFiles/__idf_bt.dir/host/bluedroid/btc/profile/std/l2cap/btc_l2cap.c.obj
[1002/2107] Building C object esp-idf/bt/CMakeFiles/__idf_bt.dir/host/bluedroid/hci/packet_fragmenter.c.obj
[1003/2107] Building C object esp-idf/bt/CMakeFiles/__idf_bt.dir/host/bluedroid/btc/profile/std/pba/btc_pba_client.c.obj
[1004/2107] Building C object esp-idf/bt/CMakeFiles/__idf_bt.dir/host/bluedroid/device/interop.c.obj
[1005/2107] Building C object esp-idf/bt/CMakeFiles/__idf_bt.dir/host/bluedroid/main/bte_init.c.obj
[1006/2107] Building C object esp-idf/bt/CMakeFiles/__idf_bt.dir/host/bluedroid/hci/hci_packet_factory.c.obj
[1007/2107] Building C object esp-idf/bt/CMakeFiles/__idf_bt.dir/host/bluedroid/stack/a2dp/a2d_sbc.c.obj
[1008/2107] Building C object esp-idf/bt/CMakeFiles/__idf_bt.dir/host/bluedroid/hci/hci_hal_h4.c.obj
[1009/2107] Building C object esp-idf/bt/CMakeFiles/__idf_bt.dir/host/bluedroid/hci/hci_packet_parser.c.obj
[1010/2107] Building C object esp-idf/bt/CMakeFiles/__idf_bt.dir/host/bluedroid/main/bte_main.c.obj
[1011/2107] Building C object esp-idf/bt/CMakeFiles/__idf_bt.dir/host/bluedroid/stack/avct/avct_ccb.c.obj
[1012/2107] Building C object esp-idf/bt/CMakeFiles/__idf_bt.dir/host/bluedroid/hci/hci_layer.c.obj
[1013/2107] Building C object esp-idf/bt/CMakeFiles/__idf_bt.dir/host/bluedroid/stack/avct/avct_l2c.c.obj
[1014/2107] Building C object esp-idf/bt/CMakeFiles/__idf_bt.dir/host/bluedroid/stack/avct/avct_lcb.c.obj
[1015/2107] Building C object esp-idf/bt/CMakeFiles/__idf_bt.dir/host/bluedroid/stack/avct/avct_lcb_act.c.obj
[1016/2107] Building C object esp-idf/bt/CMakeFiles/__idf_bt.dir/host/bluedroid/stack/avct/avct_api.c.obj
[1017/2107] Building C object esp-idf/bt/CMakeFiles/__idf_bt.dir/host/bluedroid/stack/avdt/avdt_ccb_act.c.obj
[1018/2107] Building C object esp-idf/bt/CMakeFiles/__idf_bt.dir/host/bluedroid/stack/avdt/avdt_msg.c.obj
[1019/2107] Building C object esp-idf/bt/CMakeFiles/__idf_bt.dir/host/bluedroid/stack/avdt/avdt_l2c.c.obj
[1020/2107] Building C object esp-idf/bt/CMakeFiles/__idf_bt.dir/host/bluedroid/stack/avdt/avdt_scb_act.c.obj
[1021/2107] Building C object esp-idf/bt/CMakeFiles/__idf_bt.dir/host/bluedroid/stack/avdt/avdt_ccb.c.obj
[1022/2107] Building C object esp-idf/bt/CMakeFiles/__idf_bt.dir/host/bluedroid/stack/avdt/avdt_api.c.obj
[1023/2107] Building C object esp-idf/bt/CMakeFiles/__idf_bt.dir/host/bluedroid/stack/avdt/avdt_scb.c.obj
[1024/2107] Building C object esp-idf/bt/CMakeFiles/__idf_bt.dir/host/bluedroid/device/controller.c.obj
[1025/2107] Building C object esp-idf/bt/CMakeFiles/__idf_bt.dir/host/bluedroid/stack/avdt/avdt_ad.c.obj
[1026/2107] Building C object esp-idf/bt/CMakeFiles/__idf_bt.dir/host/bluedroid/stack/avrc/avrc_api.c.obj
[1027/2107] Building C object esp-idf/bt/CMakeFiles/__idf_bt.dir/host/bluedroid/stack/avrc/avrc_opt.c.obj
[1028/2107] Building C object esp-idf/bt/CMakeFiles/__idf_bt.dir/host/bluedroid/stack/avrc/avrc_bld_ct.c.obj
[1029/2107] Building C object esp-idf/bt/CMakeFiles/__idf_bt.dir/host/bluedroid/stack/avrc/avrc_sdp.c.obj
[1030/2107] Building C object esp-idf/bt/CMakeFiles/__idf_bt.dir/host/bluedroid/stack/avrc/avrc_pars_tg.c.obj
[1031/2107] Building C object esp-idf/bt/CMakeFiles/__idf_bt.dir/host/bluedroid/stack/avrc/avrc_bld_tg.c.obj
[1032/2107] Building C object esp-idf/bt/CMakeFiles/__idf_bt.dir/host/bluedroid/stack/avrc/avrc_utils.c.obj
[1033/2107] Building C object esp-idf/bt/CMakeFiles/__idf_bt.dir/host/bluedroid/stack/btm/btm_ble_adv_filter.c.obj
[1034/2107] Building C object esp-idf/bt/CMakeFiles/__idf_bt.dir/host/bluedroid/stack/hid/hidh_api.c.obj
[1035/2107] Building C object esp-idf/bt/CMakeFiles/__idf_bt.dir/host/bluedroid/stack/hid/hidh_conn.c.obj
[1036/2107] Building C object esp-idf/bt/CMakeFiles/__idf_bt.dir/host/bluedroid/stack/hid/hidd_conn.c.obj
[1037/2107] Building C object esp-idf/bt/CMakeFiles/__idf_bt.dir/host/bluedroid/stack/btm/btm_acl.c.obj
[1038/2107] Building C object esp-idf/bt/CMakeFiles/__idf_bt.dir/host/bluedroid/stack/btm/btm_ble_batchscan.c.obj
[1039/2107] Building C object esp-idf/bt/CMakeFiles/__idf_bt.dir/host/bluedroid/stack/btm/btm_ble.c.obj
[1040/2107] Building C object esp-idf/bt/CMakeFiles/__idf_bt.dir/host/bluedroid/stack/avrc/avrc_pars_ct.c.obj
[1041/2107] Building C object esp-idf/bt/CMakeFiles/__idf_bt.dir/host/bluedroid/stack/btm/btm_ble_5_gap.c.obj
[1042/2107] Building C object esp-idf/bt/CMakeFiles/__idf_bt.dir/host/bluedroid/stack/btm/btm_ble_bgconn.c.obj
[1043/2107] Building C object esp-idf/bt/CMakeFiles/__idf_bt.dir/host/bluedroid/stack/btm/btm_ble_addr.c.obj
[1044/2107] Building C object esp-idf/bt/CMakeFiles/__idf_bt.dir/host/bluedroid/stack/btm/btm_ble_gap.c.obj
[1045/2107] Building C object esp-idf/bt/CMakeFiles/__idf_bt.dir/host/bluedroid/stack/btm/btm_ble_multi_adv.c.obj
[1046/2107] Building C object esp-idf/bt/CMakeFiles/__idf_bt.dir/host/bluedroid/stack/btm/btm_ble_cont_energy.c.obj
[1047/2107] Building C object esp-idf/bt/CMakeFiles/__idf_bt.dir/host/bluedroid/stack/btm/btm_ble_privacy.c.obj
[1048/2107] Building C object esp-idf/bt/CMakeFiles/__idf_bt.dir/host/bluedroid/stack/hid/hidd_api.c.obj
[1049/2107] Building C object esp-idf/bt/CMakeFiles/__idf_bt.dir/host/bluedroid/stack/btm/btm_dev.c.obj
[1050/2107] Building C object esp-idf/bt/CMakeFiles/__idf_bt.dir/host/bluedroid/stack/btm/btm_devctl.c.obj
[1051/2107] Building C object esp-idf/bt/CMakeFiles/__idf_bt.dir/host/bluedroid/stack/btu/btu_init.c.obj
[1052/2107] Building C object esp-idf/bt/CMakeFiles/__idf_bt.dir/host/bluedroid/stack/btm/btm_pm.c.obj
[1053/2107] Building C object esp-idf/bt/CMakeFiles/__idf_bt.dir/host/bluedroid/stack/btu/btu_hcif.c.obj
[1054/2107] Building C object esp-idf/bt/CMakeFiles/__idf_bt.dir/host/bluedroid/stack/btm/btm_sec.c.obj
[1055/2107] Building C object esp-idf/bt/CMakeFiles/__idf_bt.dir/host/bluedroid/stack/btm/btm_inq.c.obj
[1056/2107] Building C object esp-idf/bt/CMakeFiles/__idf_bt.dir/host/bluedroid/stack/btu/btu_task.c.obj
[1057/2107] Building C object esp-idf/bt/CMakeFiles/__idf_bt.dir/host/bluedroid/stack/btm/btm_main.c.obj
[1058/2107] Building C object esp-idf/bt/CMakeFiles/__idf_bt.dir/host/bluedroid/stack/gap/gap_conn.c.obj
[1059/2107] Building C object esp-idf/bt/CMakeFiles/__idf_bt.dir/host/bluedroid/stack/gap/gap_api.c.obj
[1060/2107] Building C object esp-idf/bt/CMakeFiles/__idf_bt.dir/host/bluedroid/stack/gatt/att_protocol.c.obj
[1061/2107] Building C object esp-idf/bt/CMakeFiles/__idf_bt.dir/host/bluedroid/stack/gatt/gatt_api.c.obj
[1062/2107] Building C object esp-idf/bt/CMakeFiles/__idf_bt.dir/host/bluedroid/stack/gatt/gatt_auth.c.obj
[1063/2107] Building C object esp-idf/bt/CMakeFiles/__idf_bt.dir/host/bluedroid/stack/gatt/gatt_sr.c.obj
[1064/2107] Building C object esp-idf/bt/CMakeFiles/__idf_bt.dir/host/bluedroid/stack/gatt/gatt_sr_hash.c.obj
[1065/2107] Building C object esp-idf/bt/CMakeFiles/__idf_bt.dir/host/bluedroid/stack/goep/goepc_api.c.obj
[1066/2107] Building C object esp-idf/bt/CMakeFiles/__idf_bt.dir/host/bluedroid/stack/btm/btm_sco.c.obj
[1067/2107] Building C object esp-idf/bt/CMakeFiles/__idf_bt.dir/host/bluedroid/stack/gatt/gatt_db.c.obj
[1068/2107] Building C object esp-idf/bt/CMakeFiles/__idf_bt.dir/host/bluedroid/stack/gap/gap_utils.c.obj
[1069/2107] Building C object esp-idf/bt/CMakeFiles/__idf_bt.dir/host/bluedroid/stack/gatt/gatt_utils.c.obj
[1070/2107] Building C object esp-idf/bt/CMakeFiles/__idf_bt.dir/host/bluedroid/stack/gap/gap_ble.c.obj
[1071/2107] Building C object esp-idf/bt/CMakeFiles/__idf_bt.dir/host/bluedroid/stack/goep/goepc_main.c.obj
[1072/2107] Building C object esp-idf/bt/CMakeFiles/__idf_bt.dir/host/bluedroid/stack/gatt/gatt_cl.c.obj
[1073/2107] Building C object esp-idf/bt/CMakeFiles/__idf_bt.dir/host/bluedroid/stack/gatt/gatt_main.c.obj
[1074/2107] Building C object esp-idf/bt/CMakeFiles/__idf_bt.dir/host/bluedroid/stack/gatt/gatt_attr.c.obj
[1075/2107] Building C object esp-idf/bt/CMakeFiles/__idf_bt.dir/host/bluedroid/stack/hcic/hciblecmds.c.obj
[1076/2107] Building C object esp-idf/bt/CMakeFiles/__idf_bt.dir/host/bluedroid/stack/hcic/hcicmds.c.obj
[1077/2107] Building C object esp-idf/bt/CMakeFiles/__idf_bt.dir/host/bluedroid/stack/l2cap/l2c_csm.c.obj
[1078/2107] Building C object esp-idf/bt/CMakeFiles/__idf_bt.dir/host/bluedroid/stack/obex/obex_api.c.obj
[1079/2107] Building C object esp-idf/bt/CMakeFiles/__idf_bt.dir/host/bluedroid/stack/l2cap/l2c_main.c.obj
[1080/2107] Building C object esp-idf/bt/CMakeFiles/__idf_bt.dir/host/bluedroid/stack/l2cap/l2c_api.c.obj
[1081/2107] Building C object esp-idf/bt/CMakeFiles/__idf_bt.dir/host/bluedroid/stack/l2cap/l2c_utils.c.obj
[1082/2107] Building C object esp-idf/bt/CMakeFiles/__idf_bt.dir/host/bluedroid/stack/obex/obex_main.c.obj
[1083/2107] Building C object esp-idf/bt/CMakeFiles/__idf_bt.dir/host/bluedroid/stack/l2cap/l2c_ble.c.obj
[1084/2107] Building C object esp-idf/bt/CMakeFiles/__idf_bt.dir/host/bluedroid/stack/l2cap/l2c_ucd.c.obj
[1085/2107] Building C object esp-idf/bt/CMakeFiles/__idf_bt.dir/host/bluedroid/stack/obex/obex_tl_l2cap.c.obj
[1086/2107] Building C object esp-idf/bt/CMakeFiles/__idf_bt.dir/host/bluedroid/stack/rfcomm/port_rfc.c.obj
[1087/2107] Building C object esp-idf/bt/CMakeFiles/__idf_bt.dir/host/bluedroid/stack/l2cap/l2c_fcr.c.obj
[1088/2107] Building C object esp-idf/bt/CMakeFiles/__idf_bt.dir/host/bluedroid/stack/l2cap/l2c_link.c.obj
[1089/2107] Building C object esp-idf/bt/CMakeFiles/__idf_bt.dir/host/bluedroid/stack/rfcomm/port_api.c.obj
[1090/2107] Building C object esp-idf/bt/CMakeFiles/__idf_bt.dir/host/bluedroid/stack/rfcomm/port_utils.c.obj
[1091/2107] Building C object esp-idf/bt/CMakeFiles/__idf_bt.dir/host/bluedroid/stack/rfcomm/rfc_l2cap_if.c.obj
[1092/2107] Building C object esp-idf/bt/CMakeFiles/__idf_bt.dir/host/bluedroid/stack/rfcomm/rfc_port_fsm.c.obj
[1093/2107] Building C object esp-idf/bt/CMakeFiles/__idf_bt.dir/host/bluedroid/stack/rfcomm/rfc_mx_fsm.c.obj
[1094/2107] Building C object esp-idf/bt/CMakeFiles/__idf_bt.dir/host/bluedroid/stack/rfcomm/rfc_port_if.c.obj
[1095/2107] Building C object esp-idf/bt/CMakeFiles/__idf_bt.dir/host/bluedroid/stack/rfcomm/rfc_ts_frames.c.obj
[1096/2107] Building C object esp-idf/bt/CMakeFiles/__idf_bt.dir/host/bluedroid/stack/sdp/sdp_api.c.obj
[1097/2107] Building C object esp-idf/bt/CMakeFiles/__idf_bt.dir/host/bluedroid/stack/sdp/sdp_server.c.obj
[1098/2107] Building C object esp-idf/bt/CMakeFiles/__idf_bt.dir/host/bluedroid/stack/sdp/sdp_db.c.obj
[1099/2107] Building C object esp-idf/bt/CMakeFiles/__idf_bt.dir/host/bluedroid/stack/sdp/sdp_discovery.c.obj
[1100/2107] Building C object esp-idf/bt/CMakeFiles/__idf_bt.dir/host/bluedroid/stack/smp/p_256_curvepara.c.obj
[1101/2107] Building C object esp-idf/bt/CMakeFiles/__idf_bt.dir/host/bluedroid/stack/obex/obex_tl_rfcomm.c.obj
[1102/2107] Building C object esp-idf/bt/CMakeFiles/__idf_bt.dir/host/bluedroid/stack/sdp/sdp_main.c.obj
[1103/2107] Building C object esp-idf/bt/CMakeFiles/__idf_bt.dir/host/bluedroid/stack/rfcomm/rfc_utils.c.obj
[1104/2107] Building C object esp-idf/bt/CMakeFiles/__idf_bt.dir/host/bluedroid/stack/smp/p_256_ecc_pp.c.obj
[1105/2107] Building C object esp-idf/bt/CMakeFiles/__idf_bt.dir/host/bluedroid/stack/smp/aes.c.obj
[1106/2107] Building C object esp-idf/bt/CMakeFiles/__idf_bt.dir/host/bluedroid/config/stack_config.c.obj
[1107/2107] Building C object esp-idf/bt/CMakeFiles/__idf_bt.dir/common/tinycrypt/src/ecc.c.obj
[1108/2107] Building C object esp-idf/bt/CMakeFiles/__idf_bt.dir/host/bluedroid/stack/smp/smp_api.c.obj
[1109/2107] Building C object esp-idf/bt/CMakeFiles/__idf_bt.dir/host/bluedroid/stack/sdp/sdp_utils.c.obj
[1110/2107] Building C object esp-idf/bt/CMakeFiles/__idf_bt.dir/common/tinycrypt/src/utils.c.obj
[1111/2107] Building C object esp-idf/bt/CMakeFiles/__idf_bt.dir/host/bluedroid/stack/smp/p_256_multprecision.c.obj
[1112/2107] Building C object esp-idf/bt/CMakeFiles/__idf_bt.dir/host/bluedroid/stack/smp/smp_br_main.c.obj
[1113/2107] Building C object esp-idf/bt/CMakeFiles/__idf_bt.dir/common/tinycrypt/src/ctr_prng.c.obj
[1114/2107] Building C object esp-idf/bt/CMakeFiles/__idf_bt.dir/common/tinycrypt/port/esp_tinycrypt_port.c.obj
[1115/2107] Building C object esp-idf/bt/CMakeFiles/__idf_bt.dir/common/tinycrypt/src/ecc_dh.c.obj
[1116/2107] Building C object esp-idf/unity/CMakeFiles/__idf_unity.dir/unity/src/unity.c.obj
[1117/2107] Building C object esp-idf/bt/CMakeFiles/__idf_bt.dir/host/bluedroid/stack/smp/smp_cmac.c.obj
[1118/2107] Building C object esp-idf/unity/CMakeFiles/__idf_unity.dir/unity_compat.c.obj
[1119/2107] Building C object esp-idf/unity/CMakeFiles/__idf_unity.dir/unity_runner.c.obj
[1120/2107] Building C object esp-idf/bt/CMakeFiles/__idf_bt.dir/host/bluedroid/stack/smp/smp_l2c.c.obj
[1121/2107] Building C object esp-idf/bt/CMakeFiles/__idf_bt.dir/host/bluedroid/stack/smp/smp_utils.c.obj
[1122/2107] Building C object esp-idf/bt/CMakeFiles/__idf_bt.dir/host/bluedroid/stack/smp/smp_act.c.obj
[1123/2107] Building C object esp-idf/cmock/CMakeFiles/__idf_cmock.dir/CMock/src/cmock.c.obj
[1124/2107] Building C object esp-idf/bt/CMakeFiles/__idf_bt.dir/common/tinycrypt/src/ccm_mode.c.obj
[1125/2107] Building C object esp-idf/unity/CMakeFiles/__idf_unity.dir/port/esp/unity_utils_memory_esp.c.obj
[1126/2107] Building C object esp-idf/bt/CMakeFiles/__idf_bt.dir/host/bluedroid/stack/smp/smp_keys.c.obj
[1127/2107] Building C object esp-idf/console/CMakeFiles/__idf_console.dir/split_argv.c.obj
[1128/2107] Building C object esp-idf/unity/CMakeFiles/__idf_unity.dir/unity_utils_cache.c.obj
[1129/2107] Building C object esp-idf/unity/CMakeFiles/__idf_unity.dir/unity_utils_freertos.c.obj
[1130/2107] Building C object esp-idf/bt/CMakeFiles/__idf_bt.dir/host/bluedroid/stack/smp/smp_main.c.obj
[1131/2107] Building C object esp-idf/unity/CMakeFiles/__idf_unity.dir/unity_port_esp32.c.obj
[1132/2107] Building C object esp-idf/unity/CMakeFiles/__idf_unity.dir/unity_utils_memory.c.obj
[1133/2107] Building C object esp-idf/console/CMakeFiles/__idf_console.dir/linenoise/linenoise.c.obj
[1134/2107] Building C object esp-idf/console/CMakeFiles/__idf_console.dir/argtable3/arg_cmd.c.obj
[1135/2107] Building C object esp-idf/console/CMakeFiles/__idf_console.dir/argtable3/arg_date.c.obj
[1136/2107] Building C object esp-idf/console/CMakeFiles/__idf_console.dir/argtable3/arg_dbl.c.obj
[1137/2107] Building C object esp-idf/bt/CMakeFiles/__idf_bt.dir/common/btc/profile/esp/blufi/bluedroid_host/esp_blufi.c.obj
[1138/2107] Building C object esp-idf/console/CMakeFiles/__idf_console.dir/commands.c.obj
[1139/2107] Building C object esp-idf/console/CMakeFiles/__idf_console.dir/argtable3/arg_int.c.obj
[1140/2107] Building C object esp-idf/console/CMakeFiles/__idf_console.dir/argtable3/arg_lit.c.obj
[1141/2107] Building C object esp-idf/console/CMakeFiles/__idf_console.dir/esp_console_common.c.obj
[1142/2107] Building C object esp-idf/console/CMakeFiles/__idf_console.dir/argtable3/arg_hashtable.c.obj
[1143/2107] Building C object esp-idf/console/CMakeFiles/__idf_console.dir/argtable3/arg_dstr.c.obj
[1144/2107] Building C object esp-idf/console/CMakeFiles/__idf_console.dir/argtable3/arg_file.c.obj
[1145/2107] Linking C static library esp-idf/unity/libunity.a
[1146/2107] Linking C static library esp-idf/cmock/libcmock.a
[1147/2107] Building C object esp-idf/console/CMakeFiles/__idf_console.dir/argtable3/arg_rem.c.obj
[1148/2107] Building C object esp-idf/console/CMakeFiles/__idf_console.dir/argtable3/arg_rex.c.obj
[1149/2107] Building C object esp-idf/console/CMakeFiles/__idf_console.dir/argtable3/arg_str.c.obj
[1150/2107] Building C object esp-idf/console/CMakeFiles/__idf_console.dir/argtable3/argtable3.c.obj
[1151/2107] Building C object esp-idf/console/CMakeFiles/__idf_console.dir/argtable3/arg_utils.c.obj
[1152/2107] Building C object esp-idf/console/CMakeFiles/__idf_console.dir/argtable3/arg_end.c.obj
[1153/2107] Building C object esp-idf/console/CMakeFiles/__idf_console.dir/esp_console_repl_chip.c.obj
[1154/2107] Building C object esp-idf/esp_driver_cam/CMakeFiles/__idf_esp_driver_cam.dir/dvp_share_ctrl.c.obj
[1155/2107] Building C object esp-idf/esp_driver_cam/CMakeFiles/__idf_esp_driver_cam.dir/esp_cam_ctlr.c.obj
[1156/2107] Building C object esp-idf/esp_eth/CMakeFiles/__idf_esp_eth.dir/src/mac/esp_eth_mac_esp_dma.c.obj
[1157/2107] Linking C static library esp-idf/esp_driver_cam/libesp_driver_cam.a
[1158/2107] Building C object esp-idf/esp_driver_touch_sens/CMakeFiles/__idf_esp_driver_touch_sens.dir/hw_ver1/touch_version_specific.c.obj
[1159/2107] Building C object esp-idf/console/CMakeFiles/__idf_console.dir/esp_console_repl_internal.c.obj
[1160/2107] Building C object esp-idf/esp_eth/CMakeFiles/__idf_esp_eth.dir/src/phy/esp_eth_phy_802_3.c.obj
[1161/2107] Building C object esp-idf/esp_eth/CMakeFiles/__idf_esp_eth.dir/src/phy/esp_eth_phy_dp83848.c.obj
[1162/2107] Building C object esp-idf/esp_eth/CMakeFiles/__idf_esp_eth.dir/src/esp_eth.c.obj
[1163/2107] Building C object esp-idf/esp_eth/CMakeFiles/__idf_esp_eth.dir/src/phy/esp_eth_phy_generic.c.obj
[1164/2107] Building C object esp-idf/esp_eth/CMakeFiles/__idf_esp_eth.dir/src/phy/esp_eth_phy_ksz80xx.c.obj
[1165/2107] Building C object esp-idf/esp_eth/CMakeFiles/__idf_esp_eth.dir/src/phy/esp_eth_phy_ip101.c.obj
[1166/2107] Linking C static library esp-idf/console/libconsole.a
[1167/2107] Building C object esp-idf/esp_eth/CMakeFiles/__idf_esp_eth.dir/src/esp_eth_netif_glue.c.obj
[1168/2107] Building C object esp-idf/esp_eth/CMakeFiles/__idf_esp_eth.dir/src/mac/esp_eth_mac_esp_gpio.c.obj
[1169/2107] Building C object esp-idf/esp_eth/CMakeFiles/__idf_esp_eth.dir/src/phy/esp_eth_phy_lan87xx.c.obj
[1170/2107] Building C object esp-idf/esp_driver_touch_sens/CMakeFiles/__idf_esp_driver_touch_sens.dir/common/touch_sens_common.c.obj
[1171/2107] Building C object esp-idf/esp_eth/CMakeFiles/__idf_esp_eth.dir/src/mac/esp_eth_mac_esp.c.obj
[1172/2107] Building C object esp-idf/esp_eth/CMakeFiles/__idf_esp_eth.dir/src/phy/esp_eth_phy_rtl8201.c.obj
[1173/2107] Linking C static library esp-idf/esp_driver_touch_sens/libesp_driver_touch_sens.a
[1174/2107] Building C object esp-idf/esp_hid/CMakeFiles/__idf_esp_hid.dir/src/esp_hidd.c.obj
[1175/2107] Building C object esp-idf/esp_hid/CMakeFiles/__idf_esp_hid.dir/src/bt_hidh.c.obj
[1176/2107] Building C object esp-idf/esp_hid/CMakeFiles/__idf_esp_hid.dir/src/esp_hidh.c.obj
[1177/2107] Building C object esp-idf/esp_hid/CMakeFiles/__idf_esp_hid.dir/src/ble_hidh.c.obj
[1178/2107] Linking C static library esp-idf/bt/libbt.a
[1179/2107] Building C object esp-idf/esp_lcd/CMakeFiles/__idf_esp_lcd.dir/src/esp_lcd_panel_nt35510.c.obj
[1180/2107] Building C object esp-idf/esp_lcd/CMakeFiles/__idf_esp_lcd.dir/src/esp_lcd_panel_io.c.obj
[1181/2107] Building C object esp-idf/esp_hid/CMakeFiles/__idf_esp_hid.dir/src/bt_hidd.c.obj
[1182/2107] Building C object esp-idf/esp_lcd/CMakeFiles/__idf_esp_lcd.dir/src/esp_lcd_common.c.obj
[1183/2107] Linking C static library esp-idf/esp_eth/libesp_eth.a
[1184/2107] Building C object esp-idf/esp_hid/CMakeFiles/__idf_esp_hid.dir/src/esp_hid_common.c.obj
[1185/2107] Building C object esp-idf/esp_lcd/CMakeFiles/__idf_esp_lcd.dir/src/esp_lcd_panel_ops.c.obj
[1186/2107] Building C object esp-idf/protobuf-c/CMakeFiles/__idf_protobuf-c.dir/protobuf-c/protobuf-c/protobuf-c.c.obj
[1187/2107] Building C object esp-idf/esp_hid/CMakeFiles/__idf_esp_hid.dir/src/ble_hidd.c.obj
[1188/2107] Building C object esp-idf/esp_lcd/CMakeFiles/__idf_esp_lcd.dir/src/esp_lcd_panel_ssd1306.c.obj
[1189/2107] Building C object esp-idf/esp_lcd/CMakeFiles/__idf_esp_lcd.dir/src/esp_lcd_panel_st7789.c.obj
[1190/2107] Building C object esp-idf/protocomm/CMakeFiles/__idf_protocomm.dir/proto-c/constants.pb-c.c.obj
[1191/2107] Building C object esp-idf/protocomm/CMakeFiles/__idf_protocomm.dir/proto-c/sec0.pb-c.c.obj
[1192/2107] Linking C static library esp-idf/protobuf-c/libprotobuf-c.a
[1193/2107] Linking C static library esp-idf/esp_hid/libesp_hid.a
[1194/2107] Building C object esp-idf/esp_lcd/CMakeFiles/__idf_esp_lcd.dir/i2c/esp_lcd_panel_io_i2c_v2.c.obj
[1195/2107] Building C object esp-idf/esp_https_server/CMakeFiles/__idf_esp_https_server.dir/src/https_server.c.obj
[1196/2107] Building C object esp-idf/protocomm/CMakeFiles/__idf_protocomm.dir/proto-c/sec2.pb-c.c.obj
[1197/2107] Building C object esp-idf/protocomm/CMakeFiles/__idf_protocomm.dir/proto-c/sec1.pb-c.c.obj
[1198/2107] Building C object esp-idf/protocomm/CMakeFiles/__idf_protocomm.dir/proto-c/session.pb-c.c.obj
[1199/2107] Linking C static library esp-idf/esp_https_server/libesp_https_server.a
[1200/2107] Building C object esp-idf/esp_lcd/CMakeFiles/__idf_esp_lcd.dir/i2c/esp_lcd_panel_io_i2c_v1.c.obj
[1201/2107] Building C object esp-idf/esp_lcd/CMakeFiles/__idf_esp_lcd.dir/spi/esp_lcd_panel_io_spi.c.obj
[1202/2107] Building C object esp-idf/protocomm/CMakeFiles/__idf_protocomm.dir/src/common/protocomm.c.obj
[1203/2107] Building C object esp-idf/protocomm/CMakeFiles/__idf_protocomm.dir/src/transports/protocomm_console.c.obj
[1204/2107] Building C object esp-idf/protocomm/CMakeFiles/__idf_protocomm.dir/src/crypto/srp6a/esp_srp_mpi.c.obj
[1205/2107] Building C object esp-idf/protocomm/CMakeFiles/__idf_protocomm.dir/src/transports/protocomm_httpd.c.obj
[1206/2107] Building C object esp-idf/protocomm/CMakeFiles/__idf_protocomm.dir/src/crypto/srp6a/esp_srp.c.obj
[1207/2107] Building C object esp-idf/espcoredump/CMakeFiles/__idf_espcoredump.dir/src/core_dump_init.c.obj
[1208/2107] Building C object esp-idf/esp_local_ctrl/CMakeFiles/__idf_esp_local_ctrl.dir/proto-c/esp_local_ctrl.pb-c.c.obj
[1209/2107] Building C object esp-idf/protocomm/CMakeFiles/__idf_protocomm.dir/src/simple_ble/simple_ble.c.obj
[1210/2107] Building C object esp-idf/protocomm/CMakeFiles/__idf_protocomm.dir/src/security/security0.c.obj
[1211/2107] Building C object esp-idf/protocomm/CMakeFiles/__idf_protocomm.dir/src/transports/protocomm_ble.c.obj
[1212/2107] Building C object esp-idf/espcoredump/CMakeFiles/__idf_espcoredump.dir/src/core_dump_sha.c.obj
[1213/2107] Building C object esp-idf/esp_lcd/CMakeFiles/__idf_esp_lcd.dir/i80/esp_lcd_panel_io_i2s.c.obj
[1214/2107] Building C object esp-idf/espcoredump/CMakeFiles/__idf_espcoredump.dir/src/core_dump_crc.c.obj
[1215/2107] Building C object esp-idf/esp_local_ctrl/CMakeFiles/__idf_esp_local_ctrl.dir/src/esp_local_ctrl.c.obj
[1216/2107] Building C object esp-idf/esp_local_ctrl/CMakeFiles/__idf_esp_local_ctrl.dir/src/esp_local_ctrl_handler.c.obj
[1217/2107] Building C object esp-idf/protocomm/CMakeFiles/__idf_protocomm.dir/src/security/security1.c.obj
[1218/2107] Linking C static library esp-idf/esp_lcd/libesp_lcd.a
[1219/2107] Building C object esp-idf/espcoredump/CMakeFiles/__idf_espcoredump.dir/src/core_dump_common.c.obj
[1220/2107] Building C object esp-idf/esp_local_ctrl/CMakeFiles/__idf_esp_local_ctrl.dir/src/esp_local_ctrl_transport_ble.c.obj
[1221/2107] Building CXX object esp-idf/wear_levelling/CMakeFiles/__idf_wear_levelling.dir/Partition.cpp.obj
[1222/2107] Building C object esp-idf/espcoredump/CMakeFiles/__idf_espcoredump.dir/src/core_dump_flash.c.obj
[1223/2107] Building CXX object esp-idf/wear_levelling/CMakeFiles/__idf_wear_levelling.dir/WL_Ext_Safe.cpp.obj
[1224/2107] Building C object esp-idf/esp_local_ctrl/CMakeFiles/__idf_esp_local_ctrl.dir/src/esp_local_ctrl_transport_httpd.c.obj
[1225/2107] Building C object esp-idf/espcoredump/CMakeFiles/__idf_espcoredump.dir/src/core_dump_binary.c.obj
[1226/2107] Building C object esp-idf/espcoredump/CMakeFiles/__idf_espcoredump.dir/src/port/xtensa/core_dump_port.c.obj
[1227/2107] Building C object esp-idf/espcoredump/CMakeFiles/__idf_espcoredump.dir/src/core_dump_uart.c.obj
[1228/2107] Building CXX object esp-idf/wear_levelling/CMakeFiles/__idf_wear_levelling.dir/wear_levelling.cpp.obj
[1229/2107] Building CXX object esp-idf/wear_levelling/CMakeFiles/__idf_wear_levelling.dir/SPI_Flash.cpp.obj
[1230/2107] Building CXX object esp-idf/wear_levelling/CMakeFiles/__idf_wear_levelling.dir/WL_Ext_Perf.cpp.obj
[1231/2107] Building C object esp-idf/fatfs/CMakeFiles/__idf_fatfs.dir/diskio/diskio_rawflash.c.obj
[1232/2107] Building C object esp-idf/protocomm/CMakeFiles/__idf_protocomm.dir/src/security/security2.c.obj
[1233/2107] Building C object esp-idf/fatfs/CMakeFiles/__idf_fatfs.dir/diskio/diskio.c.obj
[1234/2107] Building CXX object esp-idf/wear_levelling/CMakeFiles/__idf_wear_levelling.dir/WL_Flash.cpp.obj
[1235/2107] Building C object esp-idf/espcoredump/CMakeFiles/__idf_espcoredump.dir/src/core_dump_elf.c.obj
[1236/2107] Building C object esp-idf/fatfs/CMakeFiles/__idf_fatfs.dir/diskio/diskio_wl.c.obj
[1237/2107] Linking C static library esp-idf/protocomm/libprotocomm.a
[1238/2107] Building C object esp-idf/fatfs/CMakeFiles/__idf_fatfs.dir/port/freertos/ffsystem.c.obj
[1239/2107] Building C object esp-idf/json/CMakeFiles/__idf_json.dir/cJSON/cJSON_Utils.c.obj
[1240/2107] Linking C static library esp-idf/wear_levelling/libwear_levelling.a
[1241/2107] Linking C static library esp-idf/espcoredump/libespcoredump.a
[1242/2107] Building C object esp-idf/fatfs/CMakeFiles/__idf_fatfs.dir/src/ff.c.obj
[1243/2107] Building C object esp-idf/fatfs/CMakeFiles/__idf_fatfs.dir/diskio/diskio_sdmmc.c.obj
[1244/2107] Building C object esp-idf/fatfs/CMakeFiles/__idf_fatfs.dir/vfs/vfs_fat.c.obj
[1245/2107] Building C object esp-idf/fatfs/CMakeFiles/__idf_fatfs.dir/src/ffunicode.c.obj
[1246/2107] Building C object esp-idf/mqtt/CMakeFiles/__idf_mqtt.dir/esp-mqtt/lib/mqtt_msg.c.obj
[1247/2107] Building C object esp-idf/fatfs/CMakeFiles/__idf_fatfs.dir/vfs/vfs_fat_sdmmc.c.obj
[1248/2107] Building C object esp-idf/nvs_sec_provider/CMakeFiles/__idf_nvs_sec_provider.dir/nvs_sec_provider.c.obj
[1249/2107] Building C object esp-idf/fatfs/CMakeFiles/__idf_fatfs.dir/vfs/vfs_fat_spiflash.c.obj
[1250/2107] Building C object esp-idf/json/CMakeFiles/__idf_json.dir/cJSON/cJSON.c.obj
[1251/2107] Linking C static library esp-idf/nvs_sec_provider/libnvs_sec_provider.a
[1252/2107] Building C object esp-idf/spiffs/CMakeFiles/__idf_spiffs.dir/spiffs/src/spiffs_cache.c.obj
[1253/2107] Building C object esp-idf/spiffs/CMakeFiles/__idf_spiffs.dir/spiffs/src/spiffs_check.c.obj
[1254/2107] Building C object esp-idf/rt/CMakeFiles/__idf_rt.dir/FreeRTOS_POSIX_utils.c.obj
[1255/2107] Building C object esp-idf/rt/CMakeFiles/__idf_rt.dir/FreeRTOS_POSIX_mqueue.c.obj
[1256/2107] Linking C static library esp-idf/json/libjson.a
[1257/2107] Building C object esp-idf/spiffs/CMakeFiles/__idf_spiffs.dir/spiffs/src/spiffs_gc.c.obj
[1258/2107] Linking C static library esp-idf/rt/librt.a
[1259/2107] Building C object esp-idf/spiffs/CMakeFiles/__idf_spiffs.dir/spiffs/src/spiffs_hydrogen.c.obj
[1260/2107] Linking C static library esp-idf/fatfs/libfatfs.a
[1261/2107] Building C object esp-idf/mqtt/CMakeFiles/__idf_mqtt.dir/esp-mqtt/lib/mqtt_outbox.c.obj
[1262/2107] Building C object esp-idf/spiffs/CMakeFiles/__idf_spiffs.dir/spiffs_api.c.obj
[1263/2107] Building C object esp-idf/perfmon/CMakeFiles/__idf_perfmon.dir/xtensa_perfmon_access.c.obj
[1264/2107] Building C object esp-idf/mqtt/CMakeFiles/__idf_mqtt.dir/esp-mqtt/lib/platform_esp32_idf.c.obj
[1265/2107] Building C object esp-idf/wifi_provisioning/CMakeFiles/__idf_wifi_provisioning.dir/proto-c/wifi_config.pb-c.c.obj
[1266/2107] Building C object esp-idf/wifi_provisioning/CMakeFiles/__idf_wifi_provisioning.dir/proto-c/wifi_constants.pb-c.c.obj
[1267/2107] Building C object esp-idf/wifi_provisioning/CMakeFiles/__idf_wifi_provisioning.dir/proto-c/wifi_scan.pb-c.c.obj
[1268/2107] Building C object esp-idf/wifi_provisioning/CMakeFiles/__idf_wifi_provisioning.dir/src/wifi_ctrl.c.obj
[1269/2107] Building C object esp-idf/wifi_provisioning/CMakeFiles/__idf_wifi_provisioning.dir/src/wifi_scan.c.obj
[1270/2107] Building C object esp-idf/perfmon/CMakeFiles/__idf_perfmon.dir/xtensa_perfmon_apis.c.obj
[1271/2107] Linking C static library esp-idf/perfmon/libperfmon.a
[1272/2107] Building C object esp-idf/spiffs/CMakeFiles/__idf_spiffs.dir/esp_spiffs.c.obj
[1273/2107] Building C object esp-idf/wifi_provisioning/CMakeFiles/__idf_wifi_provisioning.dir/src/handlers.c.obj
[1274/2107] Building C object esp-idf/mqtt/CMakeFiles/__idf_mqtt.dir/esp-mqtt/mqtt_client.c.obj
[1275/2107] Building C object esp-idf/spiffs/CMakeFiles/__idf_spiffs.dir/spiffs/src/spiffs_nucleus.c.obj
[1276/2107] Linking C static library esp-idf/mqtt/libmqtt.a
[1277/2107] Building C object esp-idf/chmorgan__esp-libhelix-mp3/CMakeFiles/__idf_chmorgan__esp-libhelix-mp3.dir/libhelix-mp3/real/buffers.c.obj
[1278/2107] Linking C static library esp-idf/spiffs/libspiffs.a
[1279/2107] Building C object esp-idf/wifi_provisioning/CMakeFiles/__idf_wifi_provisioning.dir/src/wifi_config.c.obj
[1280/2107] Building C object esp-idf/wifi_provisioning/CMakeFiles/__idf_wifi_provisioning.dir/proto-c/wifi_ctrl.pb-c.c.obj
[1281/2107] Building C object esp-idf/chmorgan__esp-libhelix-mp3/CMakeFiles/__idf_chmorgan__esp-libhelix-mp3.dir/libhelix-mp3/mp3dec.c.obj
[1282/2107] Building C object esp-idf/wifi_provisioning/CMakeFiles/__idf_wifi_provisioning.dir/src/manager.c.obj
[1283/2107] Building C object esp-idf/wifi_provisioning/CMakeFiles/__idf_wifi_provisioning.dir/src/scheme_console.c.obj
[1284/2107] Building C object esp-idf/wifi_provisioning/CMakeFiles/__idf_wifi_provisioning.dir/src/scheme_softap.c.obj
[1285/2107] Linking C static library esp-idf/chmorgan__esp-libhelix-mp3/libchmorgan__esp-libhelix-mp3.a
[1286/2107] Building C object esp-idf/wifi_provisioning/CMakeFiles/__idf_wifi_provisioning.dir/src/scheme_ble.c.obj
[1287/2107] Building C object esp-idf/espressif__esp-modbus/CMakeFiles/__idf_espressif__esp-modbus.dir/freemodbus/modbus/ascii/mbascii_m.c.obj
[1288/2107] Building C object esp-idf/espressif__esp-modbus/CMakeFiles/__idf_espressif__esp-modbus.dir/freemodbus/common/esp_modbus_master.c.obj
[1289/2107] Linking C static library esp-idf/wifi_provisioning/libwifi_provisioning.a
[1290/2107] Building C object esp-idf/espressif__esp-modbus/CMakeFiles/__idf_espressif__esp-modbus.dir/freemodbus/common/esp_modbus_slave.c.obj
[1291/2107] Building C object esp-idf/espressif__esp-modbus/CMakeFiles/__idf_espressif__esp-modbus.dir/freemodbus/modbus/rtu/mbrtu_m.c.obj
[1292/2107] Building C object esp-idf/espressif__esp-modbus/CMakeFiles/__idf_espressif__esp-modbus.dir/freemodbus/port/portevent.c.obj
[1293/2107] Building C object esp-idf/espressif__esp-modbus/CMakeFiles/__idf_espressif__esp-modbus.dir/freemodbus/modbus/ascii/mbascii.c.obj
[1294/2107] Building C object esp-idf/espressif__esp-modbus/CMakeFiles/__idf_espressif__esp-modbus.dir/freemodbus/modbus/rtu/mbcrc.c.obj
[1295/2107] Building C object esp-idf/espressif__esp-modbus/CMakeFiles/__idf_espressif__esp-modbus.dir/freemodbus/modbus/mb_m.c.obj
[1296/2107] Building C object esp-idf/espressif__esp-modbus/CMakeFiles/__idf_espressif__esp-modbus.dir/freemodbus/modbus/tcp/mbtcp_m.c.obj
[1297/2107] Building C object esp-idf/espressif__esp-modbus/CMakeFiles/__idf_espressif__esp-modbus.dir/freemodbus/port/portevent_m.c.obj
[1298/2107] Building C object esp-idf/espressif__esp-modbus/CMakeFiles/__idf_espressif__esp-modbus.dir/freemodbus/modbus/tcp/mbtcp.c.obj
[1299/2107] Building C object esp-idf/espressif__esp-modbus/CMakeFiles/__idf_espressif__esp-modbus.dir/freemodbus/modbus/rtu/mbrtu.c.obj
[1300/2107] Building C object esp-idf/espressif__esp-modbus/CMakeFiles/__idf_espressif__esp-modbus.dir/freemodbus/port/port.c.obj
[1301/2107] Building C object esp-idf/espressif__esp-modbus/CMakeFiles/__idf_espressif__esp-modbus.dir/freemodbus/port/portother_m.c.obj
[1302/2107] Building C object esp-idf/espressif__esp-modbus/CMakeFiles/__idf_espressif__esp-modbus.dir/freemodbus/modbus/mb.c.obj
[1303/2107] Building C object esp-idf/espressif__esp-modbus/CMakeFiles/__idf_espressif__esp-modbus.dir/freemodbus/port/porttimer.c.obj
[1304/2107] Building C object esp-idf/espressif__esp-modbus/CMakeFiles/__idf_espressif__esp-modbus.dir/freemodbus/port/portserial_m.c.obj
[1305/2107] Building C object esp-idf/espressif__esp-modbus/CMakeFiles/__idf_espressif__esp-modbus.dir/freemodbus/modbus/functions/mbfunccoils_m.c.obj
[1306/2107] Building C object esp-idf/espressif__esp-modbus/CMakeFiles/__idf_espressif__esp-modbus.dir/freemodbus/port/porttimer_m.c.obj
[1307/2107] Building C object esp-idf/espressif__esp-modbus/CMakeFiles/__idf_espressif__esp-modbus.dir/freemodbus/port/portserial.c.obj
[1308/2107] Building C object esp-idf/espressif__esp-modbus/CMakeFiles/__idf_espressif__esp-modbus.dir/freemodbus/modbus/functions/mbfuncdisc.c.obj
[1309/2107] Building C object esp-idf/espressif__esp-modbus/CMakeFiles/__idf_espressif__esp-modbus.dir/freemodbus/modbus/functions/mbfuncholding_m.c.obj
[1310/2107] Building C object esp-idf/espressif__esp-modbus/CMakeFiles/__idf_espressif__esp-modbus.dir/freemodbus/modbus/functions/mbfuncdisc_m.c.obj
[1311/2107] Building C object esp-idf/espressif__esp-modbus/CMakeFiles/__idf_espressif__esp-modbus.dir/freemodbus/modbus/functions/mbfuncholding.c.obj
[1312/2107] Building C object esp-idf/espressif__esp-modbus/CMakeFiles/__idf_espressif__esp-modbus.dir/freemodbus/modbus/functions/mbfuncinput_m.c.obj
[1313/2107] Building C object esp-idf/espressif__esp-modbus/CMakeFiles/__idf_espressif__esp-modbus.dir/freemodbus/modbus/functions/mbfuncother.c.obj
[1314/2107] Building C object esp-idf/espressif__esp-modbus/CMakeFiles/__idf_espressif__esp-modbus.dir/freemodbus/modbus/functions/mbfunccoils.c.obj
[1315/2107] Building C object esp-idf/espressif__esp-modbus/CMakeFiles/__idf_espressif__esp-modbus.dir/freemodbus/port/portother.c.obj
[1316/2107] Building C object esp-idf/espressif__esp-modbus/CMakeFiles/__idf_espressif__esp-modbus.dir/freemodbus/modbus/functions/mbutils.c.obj
[1317/2107] Building C object esp-idf/espressif__esp-modbus/CMakeFiles/__idf_espressif__esp-modbus.dir/freemodbus/common/esp_modbus_master_tcp.c.obj
[1318/2107] Building C object esp-idf/espressif__esp-modbus/CMakeFiles/__idf_espressif__esp-modbus.dir/freemodbus/modbus/functions/mbfuncinput.c.obj
[1319/2107] Building C object esp-idf/espressif__esp-modbus/CMakeFiles/__idf_espressif__esp-modbus.dir/freemodbus/tcp_slave/modbus_controller/mbc_tcp_slave.c.obj
[1320/2107] Building C object esp-idf/espressif__esp-modbus/CMakeFiles/__idf_espressif__esp-modbus.dir/freemodbus/common/esp_modbus_slave_tcp.c.obj
[1321/2107] Building C object esp-idf/espressif__esp-modbus/CMakeFiles/__idf_espressif__esp-modbus.dir/freemodbus/serial_slave/modbus_controller/mbc_serial_slave.c.obj
[1322/2107] Building C object esp-idf/espressif__libsodium/CMakeFiles/__idf_espressif__libsodium.dir/libsodium/src/libsodium/crypto_aead/chacha20poly1305/aead_chacha20poly1305.c.obj
[1323/2107] Building C object esp-idf/espressif__libsodium/CMakeFiles/__idf_espressif__libsodium.dir/libsodium/src/libsodium/crypto_aead/aegis256/aead_aegis256.c.obj
[1324/2107] Building C object esp-idf/espressif__libsodium/CMakeFiles/__idf_espressif__libsodium.dir/libsodium/src/libsodium/crypto_aead/aegis256/aegis256_soft.c.obj
[1325/2107] Building C object esp-idf/espressif__esp-modbus/CMakeFiles/__idf_espressif__esp-modbus.dir/freemodbus/tcp_slave/port/port_tcp_slave.c.obj
[1326/2107] Building C object esp-idf/espressif__libsodium/CMakeFiles/__idf_espressif__libsodium.dir/libsodium/src/libsodium/crypto_aead/aegis128l/aead_aegis128l.c.obj
[1327/2107] Building C object esp-idf/espressif__libsodium/CMakeFiles/__idf_espressif__libsodium.dir/libsodium/src/libsodium/crypto_aead/xchacha20poly1305/aead_xchacha20poly1305.c.obj
[1328/2107] Building C object esp-idf/espressif__libsodium/CMakeFiles/__idf_espressif__libsodium.dir/libsodium/src/libsodium/crypto_auth/crypto_auth.c.obj
[1329/2107] Building C object esp-idf/espressif__esp-modbus/CMakeFiles/__idf_espressif__esp-modbus.dir/freemodbus/tcp_master/modbus_controller/mbc_tcp_master.c.obj
[1330/2107] Building C object esp-idf/espressif__esp-modbus/CMakeFiles/__idf_espressif__esp-modbus.dir/freemodbus/tcp_master/port/port_tcp_master.c.obj
[1331/2107] Building C object esp-idf/espressif__esp-modbus/CMakeFiles/__idf_espressif__esp-modbus.dir/freemodbus/serial_master/modbus_controller/mbc_serial_master.c.obj
[1332/2107] Building C object esp-idf/espressif__libsodium/CMakeFiles/__idf_espressif__libsodium.dir/libsodium/src/libsodium/crypto_auth/hmacsha256/auth_hmacsha256.c.obj
[1333/2107] Building C object esp-idf/espressif__libsodium/CMakeFiles/__idf_espressif__libsodium.dir/libsodium/src/libsodium/crypto_auth/hmacsha512256/auth_hmacsha512256.c.obj
[1334/2107] Building C object esp-idf/espressif__libsodium/CMakeFiles/__idf_espressif__libsodium.dir/libsodium/src/libsodium/crypto_box/crypto_box_seal.c.obj
[1335/2107] Building C object esp-idf/espressif__esp-modbus/CMakeFiles/__idf_espressif__esp-modbus.dir/freemodbus/common/esp_modbus_master_serial.c.obj
[1336/2107] Building C object esp-idf/espressif__libsodium/CMakeFiles/__idf_espressif__libsodium.dir/libsodium/src/libsodium/crypto_aead/aegis128l/aegis128l_soft.c.obj
[1337/2107] Building C object esp-idf/espressif__libsodium/CMakeFiles/__idf_espressif__libsodium.dir/libsodium/src/libsodium/crypto_core/hchacha20/core_hchacha20.c.obj
[1338/2107] Building C object esp-idf/espressif__libsodium/CMakeFiles/__idf_espressif__libsodium.dir/libsodium/src/libsodium/crypto_auth/hmacsha512/auth_hmacsha512.c.obj
[1339/2107] Building C object esp-idf/espressif__libsodium/CMakeFiles/__idf_espressif__libsodium.dir/libsodium/src/libsodium/crypto_box/curve25519xchacha20poly1305/box_seal_curve25519xchacha20poly1305.c.obj
[1340/2107] Building C object esp-idf/espressif__libsodium/CMakeFiles/__idf_espressif__libsodium.dir/libsodium/src/libsodium/crypto_core/ed25519/core_ed25519.c.obj
[1341/2107] Building C object esp-idf/espressif__libsodium/CMakeFiles/__idf_espressif__libsodium.dir/libsodium/src/libsodium/crypto_box/curve25519xchacha20poly1305/box_curve25519xchacha20poly1305.c.obj
[1342/2107] Building C object esp-idf/espressif__libsodium/CMakeFiles/__idf_espressif__libsodium.dir/libsodium/src/libsodium/crypto_core/ed25519/ref10/ed25519_ref10.c.obj
[1343/2107] Building C object esp-idf/espressif__libsodium/CMakeFiles/__idf_espressif__libsodium.dir/libsodium/src/libsodium/crypto_core/ed25519/core_ristretto255.c.obj
[1344/2107] Building C object esp-idf/espressif__libsodium/CMakeFiles/__idf_espressif__libsodium.dir/libsodium/src/libsodium/crypto_box/curve25519xsalsa20poly1305/box_curve25519xsalsa20poly1305.c.obj
[1345/2107] Building C object esp-idf/espressif__esp-modbus/CMakeFiles/__idf_espressif__esp-modbus.dir/freemodbus/common/esp_modbus_slave_serial.c.obj
[1346/2107] Building C object esp-idf/espressif__libsodium/CMakeFiles/__idf_espressif__libsodium.dir/libsodium/src/libsodium/crypto_core/hsalsa20/ref2/core_hsalsa20_ref2.c.obj
[1347/2107] Building C object esp-idf/espressif__libsodium/CMakeFiles/__idf_espressif__libsodium.dir/libsodium/src/libsodium/crypto_core/salsa/ref/core_salsa_ref.c.obj
[1348/2107] Building C object esp-idf/espressif__libsodium/CMakeFiles/__idf_espressif__libsodium.dir/libsodium/src/libsodium/crypto_generichash/blake2b/generichash_blake2.c.obj
[1349/2107] Building C object esp-idf/espressif__libsodium/CMakeFiles/__idf_espressif__libsodium.dir/libsodium/src/libsodium/crypto_generichash/blake2b/ref/blake2b-compress-avx2.c.obj
[1350/2107] Building C object esp-idf/espressif__libsodium/CMakeFiles/__idf_espressif__libsodium.dir/libsodium/src/libsodium/crypto_box/crypto_box_easy.c.obj
[1351/2107] Building C object esp-idf/espressif__libsodium/CMakeFiles/__idf_espressif__libsodium.dir/libsodium/src/libsodium/crypto_generichash/blake2b/ref/blake2b-compress-ref.c.obj
[1352/2107] Building C object esp-idf/espressif__libsodium/CMakeFiles/__idf_espressif__libsodium.dir/libsodium/src/libsodium/crypto_generichash/blake2b/ref/blake2b-compress-ssse3.c.obj
[1353/2107] Building C object esp-idf/espressif__libsodium/CMakeFiles/__idf_espressif__libsodium.dir/libsodium/src/libsodium/crypto_generichash/blake2b/ref/generichash_blake2b.c.obj
[1354/2107] Building C object esp-idf/espressif__libsodium/CMakeFiles/__idf_espressif__libsodium.dir/libsodium/src/libsodium/crypto_generichash/blake2b/ref/blake2b-ref.c.obj
[1355/2107] Building C object esp-idf/espressif__libsodium/CMakeFiles/__idf_espressif__libsodium.dir/libsodium/src/libsodium/crypto_hash/crypto_hash.c.obj
[1356/2107] Building C object esp-idf/espressif__libsodium/CMakeFiles/__idf_espressif__libsodium.dir/libsodium/src/libsodium/crypto_hash/sha256/hash_sha256.c.obj
[1357/2107] Building C object esp-idf/espressif__libsodium/CMakeFiles/__idf_espressif__libsodium.dir/libsodium/src/libsodium/crypto_core/softaes/softaes.c.obj
[1358/2107] Linking C static library esp-idf/espressif__esp-modbus/libespressif__esp-modbus.a
[1359/2107] Building C object esp-idf/espressif__libsodium/CMakeFiles/__idf_espressif__libsodium.dir/libsodium/src/libsodium/crypto_kdf/blake2b/kdf_blake2b.c.obj
[1360/2107] Building C object esp-idf/espressif__libsodium/CMakeFiles/__idf_espressif__libsodium.dir/libsodium/src/libsodium/crypto_hash/sha256/cp/hash_sha256_cp.c.obj
[1361/2107] Building C object esp-idf/espressif__libsodium/CMakeFiles/__idf_espressif__libsodium.dir/libsodium/src/libsodium/crypto_onetimeauth/crypto_onetimeauth.c.obj
[1362/2107] Building C object esp-idf/espressif__libsodium/CMakeFiles/__idf_espressif__libsodium.dir/libsodium/src/libsodium/crypto_pwhash/argon2/argon2-fill-block-avx2.c.obj
[1363/2107] Building C object esp-idf/espressif__libsodium/CMakeFiles/__idf_espressif__libsodium.dir/libsodium/src/libsodium/crypto_kdf/crypto_kdf.c.obj
[1364/2107] Building C object esp-idf/espressif__libsodium/CMakeFiles/__idf_espressif__libsodium.dir/libsodium/src/libsodium/crypto_pwhash/argon2/argon2-fill-block-avx512f.c.obj
[1365/2107] Building C object esp-idf/espressif__libsodium/CMakeFiles/__idf_espressif__libsodium.dir/libsodium/src/libsodium/crypto_pwhash/argon2/argon2-encoding.c.obj
[1366/2107] Building C object esp-idf/espressif__libsodium/CMakeFiles/__idf_espressif__libsodium.dir/libsodium/src/libsodium/crypto_pwhash/argon2/argon2-core.c.obj
[1367/2107] Building C object esp-idf/espressif__libsodium/CMakeFiles/__idf_espressif__libsodium.dir/libsodium/src/libsodium/crypto_onetimeauth/poly1305/donna/poly1305_donna.c.obj
[1368/2107] Building C object esp-idf/espressif__libsodium/CMakeFiles/__idf_espressif__libsodium.dir/libsodium/src/libsodium/crypto_pwhash/argon2/argon2-fill-block-ref.c.obj
[1369/2107] Building C object esp-idf/espressif__libsodium/CMakeFiles/__idf_espressif__libsodium.dir/libsodium/src/libsodium/crypto_pwhash/argon2/argon2-fill-block-ssse3.c.obj
[1370/2107] Building C object esp-idf/espressif__libsodium/CMakeFiles/__idf_espressif__libsodium.dir/libsodium/src/libsodium/crypto_hash/sha512/cp/hash_sha512_cp.c.obj
[1371/2107] Building C object esp-idf/espressif__libsodium/CMakeFiles/__idf_espressif__libsodium.dir/libsodium/src/libsodium/crypto_hash/sha512/hash_sha512.c.obj
[1372/2107] Building C object esp-idf/espressif__libsodium/CMakeFiles/__idf_espressif__libsodium.dir/libsodium/src/libsodium/crypto_kx/crypto_kx.c.obj
[1373/2107] Building C object esp-idf/espressif__libsodium/CMakeFiles/__idf_espressif__libsodium.dir/libsodium/src/libsodium/crypto_generichash/crypto_generichash.c.obj
[1374/2107] Building C object esp-idf/espressif__libsodium/CMakeFiles/__idf_espressif__libsodium.dir/libsodium/src/libsodium/crypto_pwhash/argon2/pwhash_argon2i.c.obj
[1375/2107] Building C object esp-idf/espressif__libsodium/CMakeFiles/__idf_espressif__libsodium.dir/libsodium/src/libsodium/crypto_pwhash/crypto_pwhash.c.obj
[1376/2107] Building C object esp-idf/espressif__libsodium/CMakeFiles/__idf_espressif__libsodium.dir/libsodium/src/libsodium/crypto_pwhash/argon2/pwhash_argon2id.c.obj
[1377/2107] Building C object esp-idf/espressif__libsodium/CMakeFiles/__idf_espressif__libsodium.dir/libsodium/src/libsodium/crypto_pwhash/scryptsalsa208sha256/nosse/pwhash_scryptsalsa208sha256_nosse.c.obj
[1378/2107] Building C object esp-idf/espressif__libsodium/CMakeFiles/__idf_espressif__libsodium.dir/libsodium/src/libsodium/crypto_onetimeauth/poly1305/onetimeauth_poly1305.c.obj
[1379/2107] Building C object esp-idf/espressif__libsodium/CMakeFiles/__idf_espressif__libsodium.dir/libsodium/src/libsodium/crypto_pwhash/scryptsalsa208sha256/crypto_scrypt-common.c.obj
[1380/2107] Building C object esp-idf/espressif__libsodium/CMakeFiles/__idf_espressif__libsodium.dir/libsodium/src/libsodium/crypto_pwhash/scryptsalsa208sha256/scrypt_platform.c.obj
[1381/2107] Building C object esp-idf/espressif__libsodium/CMakeFiles/__idf_espressif__libsodium.dir/libsodium/src/libsodium/crypto_scalarmult/curve25519/sandy2x/fe51_invert.c.obj
[1382/2107] Building C object esp-idf/espressif__libsodium/CMakeFiles/__idf_espressif__libsodium.dir/libsodium/src/libsodium/crypto_scalarmult/curve25519/sandy2x/fe_frombytes_sandy2x.c.obj
[1383/2107] Building C object esp-idf/espressif__libsodium/CMakeFiles/__idf_espressif__libsodium.dir/libsodium/src/libsodium/crypto_pwhash/scryptsalsa208sha256/pwhash_scryptsalsa208sha256.c.obj
[1384/2107] Building C object esp-idf/espressif__libsodium/CMakeFiles/__idf_espressif__libsodium.dir/libsodium/src/libsodium/crypto_pwhash/argon2/blake2b-long.c.obj
[1385/2107] Building C object esp-idf/espressif__libsodium/CMakeFiles/__idf_espressif__libsodium.dir/libsodium/src/libsodium/crypto_pwhash/scryptsalsa208sha256/pbkdf2-sha256.c.obj
[1386/2107] Building C object esp-idf/espressif__libsodium/CMakeFiles/__idf_espressif__libsodium.dir/libsodium/src/libsodium/crypto_pwhash/argon2/argon2.c.obj
[1387/2107] Building C object esp-idf/espressif__libsodium/CMakeFiles/__idf_espressif__libsodium.dir/libsodium/src/libsodium/crypto_scalarmult/curve25519/ref10/x25519_ref10.c.obj
[1388/2107] Building C object esp-idf/espressif__libsodium/CMakeFiles/__idf_espressif__libsodium.dir/libsodium/src/libsodium/crypto_secretbox/xchacha20poly1305/secretbox_xchacha20poly1305.c.obj
[1389/2107] Building C object esp-idf/espressif__libsodium/CMakeFiles/__idf_espressif__libsodium.dir/libsodium/src/libsodium/crypto_secretbox/xsalsa20poly1305/secretbox_xsalsa20poly1305.c.obj
[1390/2107] Building C object esp-idf/espressif__libsodium/CMakeFiles/__idf_espressif__libsodium.dir/libsodium/src/libsodium/crypto_shorthash/siphash24/ref/shorthash_siphash24_ref.c.obj
[1391/2107] Building C object esp-idf/espressif__libsodium/CMakeFiles/__idf_espressif__libsodium.dir/libsodium/src/libsodium/crypto_secretstream/xchacha20poly1305/secretstream_xchacha20poly1305.c.obj
[1392/2107] Building C object esp-idf/espressif__libsodium/CMakeFiles/__idf_espressif__libsodium.dir/libsodium/src/libsodium/crypto_secretbox/crypto_secretbox_easy.c.obj
[1393/2107] Building C object esp-idf/espressif__libsodium/CMakeFiles/__idf_espressif__libsodium.dir/libsodium/src/libsodium/crypto_sign/crypto_sign.c.obj
[1394/2107] Building C object esp-idf/espressif__libsodium/CMakeFiles/__idf_espressif__libsodium.dir/libsodium/src/libsodium/crypto_shorthash/siphash24/ref/shorthash_siphashx24_ref.c.obj
[1395/2107] Building C object esp-idf/espressif__libsodium/CMakeFiles/__idf_espressif__libsodium.dir/libsodium/src/libsodium/crypto_sign/ed25519/ref10/obsolete.c.obj
[1396/2107] Building C object esp-idf/espressif__libsodium/CMakeFiles/__idf_espressif__libsodium.dir/libsodium/src/libsodium/crypto_stream/chacha20/dolbeau/chacha20_dolbeau-avx2.c.obj
[1397/2107] Building C object esp-idf/espressif__libsodium/CMakeFiles/__idf_espressif__libsodium.dir/libsodium/src/libsodium/crypto_sign/ed25519/sign_ed25519.c.obj
[1398/2107] Building C object esp-idf/espressif__libsodium/CMakeFiles/__idf_espressif__libsodium.dir/libsodium/src/libsodium/crypto_sign/ed25519/ref10/sign.c.obj
[1399/2107] Building C object esp-idf/espressif__libsodium/CMakeFiles/__idf_espressif__libsodium.dir/libsodium/src/libsodium/crypto_stream/chacha20/dolbeau/chacha20_dolbeau-ssse3.c.obj
[1400/2107] Building C object esp-idf/espressif__libsodium/CMakeFiles/__idf_espressif__libsodium.dir/libsodium/src/libsodium/crypto_stream/chacha20/ref/chacha20_ref.c.obj
[1401/2107] Building C object esp-idf/espressif__libsodium/CMakeFiles/__idf_espressif__libsodium.dir/libsodium/src/libsodium/crypto_sign/ed25519/ref10/keypair.c.obj
[1402/2107] Building C object esp-idf/espressif__libsodium/CMakeFiles/__idf_espressif__libsodium.dir/libsodium/src/libsodium/crypto_scalarmult/ristretto255/ref10/scalarmult_ristretto255_ref10.c.obj
[1403/2107] Building C object esp-idf/espressif__libsodium/CMakeFiles/__idf_espressif__libsodium.dir/libsodium/src/libsodium/crypto_scalarmult/ed25519/ref10/scalarmult_ed25519_ref10.c.obj
[1404/2107] Building C object esp-idf/espressif__libsodium/CMakeFiles/__idf_espressif__libsodium.dir/libsodium/src/libsodium/crypto_stream/salsa20/xmm6int/salsa20_xmm6int-sse2.c.obj
[1405/2107] Building C object esp-idf/espressif__libsodium/CMakeFiles/__idf_espressif__libsodium.dir/libsodium/src/libsodium/crypto_stream/xchacha20/stream_xchacha20.c.obj
[1406/2107] Building C object esp-idf/espressif__libsodium/CMakeFiles/__idf_espressif__libsodium.dir/libsodium/src/libsodium/sodium/codecs.c.obj
[1407/2107] Building C object esp-idf/espressif__libsodium/CMakeFiles/__idf_espressif__libsodium.dir/libsodium/src/libsodium/crypto_stream/salsa20/xmm6int/salsa20_xmm6int-avx2.c.obj
[1408/2107] Building C object esp-idf/espressif__libsodium/CMakeFiles/__idf_espressif__libsodium.dir/libsodium/src/libsodium/randombytes/randombytes.c.obj
[1409/2107] Building C object esp-idf/espressif__libsodium/CMakeFiles/__idf_espressif__libsodium.dir/libsodium/src/libsodium/crypto_stream/chacha20/stream_chacha20.c.obj
[1410/2107] Building C object esp-idf/espressif__libsodium/CMakeFiles/__idf_espressif__libsodium.dir/libsodium/src/libsodium/crypto_sign/ed25519/ref10/open.c.obj
[1411/2107] Building C object esp-idf/espressif__libsodium/CMakeFiles/__idf_espressif__libsodium.dir/port/randombytes_esp32.c.obj
[1412/2107] Building C object esp-idf/espressif__libsodium/CMakeFiles/__idf_espressif__libsodium.dir/libsodium/src/libsodium/crypto_stream/salsa20/stream_salsa20.c.obj
[1413/2107] Building C object esp-idf/espressif__libsodium/CMakeFiles/__idf_espressif__libsodium.dir/libsodium/src/libsodium/sodium/core.c.obj
[1414/2107] Building C object esp-idf/espressif__cbor/CMakeFiles/__idf_espressif__cbor.dir/tinycbor/src/cborencoder_close_container_checked.c.obj
[1415/2107] Building C object esp-idf/espressif__cbor/CMakeFiles/__idf_espressif__cbor.dir/tinycbor/src/cborerrorstrings.c.obj
[1416/2107] Building C object esp-idf/espressif__cbor/CMakeFiles/__idf_espressif__cbor.dir/tinycbor/src/cborencoder.c.obj
[1417/2107] Building C object esp-idf/espressif__cbor/CMakeFiles/__idf_espressif__cbor.dir/tinycbor/src/cborparser_dup_string.c.obj
[1418/2107] Building C object esp-idf/espressif__cbor/CMakeFiles/__idf_espressif__cbor.dir/tinycbor/src/cborencoder_float.c.obj
[1419/2107] Building C object esp-idf/espressif__libsodium/CMakeFiles/__idf_espressif__libsodium.dir/libsodium/src/libsodium/sodium/runtime.c.obj
[1420/2107] Building C object esp-idf/espressif__cbor/CMakeFiles/__idf_espressif__cbor.dir/tinycbor/src/cborparser.c.obj
[1421/2107] Building C object esp-idf/espressif__libsodium/CMakeFiles/__idf_espressif__libsodium.dir/libsodium/src/libsodium/sodium/utils.c.obj
[1422/2107] Building ASM object esp-idf/espressif__esp-dsp/CMakeFiles/__idf_espressif__esp-dsp.dir/modules/dotprod/float/dsps_dotprod_f32_ae32.S.obj
[1423/2107] Building ASM object esp-idf/espressif__esp-dsp/CMakeFiles/__idf_espressif__esp-dsp.dir/modules/dotprod/float/dsps_dotprode_f32_ae32.S.obj
[1424/2107] Building C object esp-idf/espressif__cbor/CMakeFiles/__idf_espressif__cbor.dir/tinycbor/src/cborvalidation.c.obj
[1425/2107] Building C object esp-idf/espressif__cbor/CMakeFiles/__idf_espressif__cbor.dir/tinycbor/src/open_memstream.c.obj
[1426/2107] Building C object esp-idf/espressif__cbor/CMakeFiles/__idf_espressif__cbor.dir/tinycbor/src/cborpretty.c.obj
[1427/2107] Building C object esp-idf/espressif__cbor/CMakeFiles/__idf_espressif__cbor.dir/tinycbor/src/cborpretty_stdio.c.obj
[1428/2107] Building C object esp-idf/espressif__esp-dsp/CMakeFiles/__idf_espressif__esp-dsp.dir/modules/common/misc/aes3_tie_log.c.obj
[1429/2107] Building C object esp-idf/espressif__mdns/CMakeFiles/__idf_espressif__mdns.dir/mdns_mem_caps.c.obj
[1430/2107] Building C object esp-idf/espressif__cbor/CMakeFiles/__idf_espressif__cbor.dir/tinycbor/src/cborparser_float.c.obj
[1431/2107] Building ASM object esp-idf/espressif__esp-dsp/CMakeFiles/__idf_espressif__esp-dsp.dir/modules/dotprod/float/dsps_dotprod_f32_arp4.S.obj
[1432/2107] Building C object esp-idf/espressif__mdns/CMakeFiles/__idf_espressif__mdns.dir/mdns_console.c.obj
[1433/2107] Building ASM object esp-idf/espressif__esp-dsp/CMakeFiles/__idf_espressif__esp-dsp.dir/modules/dotprod/float/dsps_dotprod_f32_aes3.S.obj
[1434/2107] Building ASM object esp-idf/espressif__esp-dsp/CMakeFiles/__idf_espressif__esp-dsp.dir/modules/dotprod/float/dsps_dotprode_f32_arp4.S.obj
[1435/2107] Building C object esp-idf/espressif__mdns/CMakeFiles/__idf_espressif__mdns.dir/mdns_networking_lwip.c.obj
[1436/2107] Building C object esp-idf/espressif__esp-dsp/CMakeFiles/__idf_espressif__esp-dsp.dir/modules/dotprod/float/dsps_dotprod_f32_ansi.c.obj
[1437/2107] Building CXX object esp-idf/espressif__esp-dsp/CMakeFiles/__idf_espressif__esp-dsp.dir/modules/common/misc/dsps_pwroftwo.cpp.obj
[1438/2107] Building ASM object esp-idf/espressif__esp-dsp/CMakeFiles/__idf_espressif__esp-dsp.dir/modules/dotprod/fixed/dsps_dotprod_s16_arp4.S.obj
[1439/2107] Building ASM object esp-idf/espressif__esp-dsp/CMakeFiles/__idf_espressif__esp-dsp.dir/modules/dotprod/fixed/dsps_dotprod_s16_ae32.S.obj
[1440/2107] Building C object esp-idf/espressif__esp-dsp/CMakeFiles/__idf_espressif__esp-dsp.dir/modules/dotprod/float/dsps_dotprode_f32_ansi.c.obj
[1441/2107] Building C object esp-idf/espressif__cbor/CMakeFiles/__idf_espressif__cbor.dir/tinycbor/src/cbortojson.c.obj
[1442/2107] Building C object esp-idf/espressif__esp-dsp/CMakeFiles/__idf_espressif__esp-dsp.dir/modules/dotprod/float/dspi_dotprod_f32_ansi.c.obj
[1443/2107] Building C object esp-idf/espressif__esp-dsp/CMakeFiles/__idf_espressif__esp-dsp.dir/modules/dotprod/fixed/dsps_dotprod_s16_ansi.c.obj
[1444/2107] Building C object esp-idf/espressif__mdns/CMakeFiles/__idf_espressif__mdns.dir/mdns.c.obj
[1445/2107] Building C object esp-idf/espressif__esp-dsp/CMakeFiles/__idf_espressif__esp-dsp.dir/modules/dotprod/fixed/dspi_dotprod_u8_ansi.c.obj
[1446/2107] Building C object esp-idf/espressif__esp-dsp/CMakeFiles/__idf_espressif__esp-dsp.dir/modules/dotprod/fixed/dspi_dotprod_off_u16_ansi.c.obj
[1447/2107] Building ASM object esp-idf/espressif__esp-dsp/CMakeFiles/__idf_espressif__esp-dsp.dir/modules/dotprod/fixed/dspi_dotprod_s16_aes3.S.obj
[1448/2107] Building ASM object esp-idf/espressif__esp-dsp/CMakeFiles/__idf_espressif__esp-dsp.dir/modules/dotprod/fixed/dspi_dotprod_off_s16_aes3.S.obj
[1449/2107] Linking C static library esp-idf/espressif__libsodium/libespressif__libsodium.a
[1450/2107] Building ASM object esp-idf/espressif__esp-dsp/CMakeFiles/__idf_espressif__esp-dsp.dir/modules/dotprod/fixed/dspi_dotprod_off_u16_aes3.S.obj
[1451/2107] Linking C static library esp-idf/espressif__cbor/libespressif__cbor.a
[1452/2107] Building C object esp-idf/espressif__esp-dsp/CMakeFiles/__idf_espressif__esp-dsp.dir/modules/dotprod/fixed/dspi_dotprod_s8_ansi.c.obj
[1453/2107] Building ASM object esp-idf/espressif__esp-dsp/CMakeFiles/__idf_espressif__esp-dsp.dir/modules/dotprod/fixed/dspi_dotprod_u16_aes3.S.obj
[1454/2107] Building ASM object esp-idf/espressif__esp-dsp/CMakeFiles/__idf_espressif__esp-dsp.dir/modules/dotprod/fixed/dspi_dotprod_s8_aes3.S.obj
[1455/2107] Linking C static library esp-idf/espressif__mdns/libespressif__mdns.a
[1456/2107] Building ASM object esp-idf/espressif__esp-dsp/CMakeFiles/__idf_espressif__esp-dsp.dir/modules/dotprod/fixed/dspi_dotprod_off_u8_aes3.S.obj
[1457/2107] Building ASM object esp-idf/espressif__esp-dsp/CMakeFiles/__idf_espressif__esp-dsp.dir/modules/dotprod/fixed/dspi_dotprod_s16_arp4.S.obj
[1458/2107] Building C object esp-idf/espressif__esp-dsp/CMakeFiles/__idf_espressif__esp-dsp.dir/modules/dotprod/fixed/dspi_dotprod_u16_ansi.c.obj
[1459/2107] Building ASM object esp-idf/espressif__esp-dsp/CMakeFiles/__idf_espressif__esp-dsp.dir/modules/dotprod/fixed/dspi_dotprod_u8_aes3.S.obj
[1460/2107] Building ASM object esp-idf/espressif__esp-dsp/CMakeFiles/__idf_espressif__esp-dsp.dir/modules/dotprod/fixed/dspi_dotprod_u16_arp4.S.obj
[1461/2107] Building ASM object esp-idf/espressif__esp-dsp/CMakeFiles/__idf_espressif__esp-dsp.dir/modules/dotprod/fixed/dspi_dotprod_off_s16_arp4.S.obj
[1462/2107] Building C object esp-idf/espressif__esp-dsp/CMakeFiles/__idf_espressif__esp-dsp.dir/modules/dotprod/fixed/dspi_dotprod_off_u8_ansi.c.obj
[1463/2107] Linking C static library esp-idf/esp_local_ctrl/libesp_local_ctrl.a
[1464/2107] Building ASM object esp-idf/espressif__esp-dsp/CMakeFiles/__idf_espressif__esp-dsp.dir/modules/dotprod/fixed/dspi_dotprod_off_u16_arp4.S.obj
[1465/2107] Building ASM object esp-idf/espressif__esp-dsp/CMakeFiles/__idf_espressif__esp-dsp.dir/modules/dotprod/fixed/dspi_dotprod_u8_arp4.S.obj
[1466/2107] Building ASM object esp-idf/espressif__esp-dsp/CMakeFiles/__idf_espressif__esp-dsp.dir/modules/dotprod/fixed/dspi_dotprod_off_s8_aes3.S.obj
[1467/2107] Building C object esp-idf/espressif__esp-dsp/CMakeFiles/__idf_espressif__esp-dsp.dir/modules/dotprod/fixed/dspi_dotprod_off_s16_ansi.c.obj
[1468/2107] Building ASM object esp-idf/espressif__esp-dsp/CMakeFiles/__idf_espressif__esp-dsp.dir/modules/matrix/mul/float/dspm_mult_3x3x1_f32_ae32.S.obj
[1469/2107] Building ASM object esp-idf/espressif__esp-dsp/CMakeFiles/__idf_espressif__esp-dsp.dir/modules/dotprod/fixed/dspi_dotprod_off_s8_arp4.S.obj
[1470/2107] Building C object esp-idf/espressif__esp-dsp/CMakeFiles/__idf_espressif__esp-dsp.dir/modules/dotprod/fixed/dspi_dotprod_off_s8_ansi.c.obj
[1471/2107] Building C object esp-idf/espressif__esp-dsp/CMakeFiles/__idf_espressif__esp-dsp.dir/modules/dotprod/fixed/dspi_dotprod_s16_ansi.c.obj
[1472/2107] Building ASM object esp-idf/espressif__esp-dsp/CMakeFiles/__idf_espressif__esp-dsp.dir/modules/dotprod/fixed/dspi_dotprod_off_u8_arp4.S.obj
[1473/2107] Building ASM object esp-idf/espressif__esp-dsp/CMakeFiles/__idf_espressif__esp-dsp.dir/modules/matrix/mul/float/dspm_mult_3x3x3_f32_ae32.S.obj
[1474/2107] Building ASM object esp-idf/espressif__esp-dsp/CMakeFiles/__idf_espressif__esp-dsp.dir/modules/matrix/mul/float/dspm_mult_f32_ae32.S.obj
[1475/2107] Building ASM object esp-idf/espressif__esp-dsp/CMakeFiles/__idf_espressif__esp-dsp.dir/modules/matrix/mul/float/dspm_mult_4x4x4_f32_ae32.S.obj
[1476/2107] Building ASM object esp-idf/espressif__esp-dsp/CMakeFiles/__idf_espressif__esp-dsp.dir/modules/matrix/mul/float/dspm_mult_f32_arp4.S.obj
[1477/2107] Building ASM object esp-idf/espressif__esp-dsp/CMakeFiles/__idf_espressif__esp-dsp.dir/modules/matrix/mul/float/dspm_mult_ex_f32_arp4.S.obj
[1478/2107] Building C object esp-idf/espressif__esp-dsp/CMakeFiles/__idf_espressif__esp-dsp.dir/modules/dotprod/float/dspi_dotprod_off_f32_ansi.c.obj
[1479/2107] Building ASM object esp-idf/espressif__esp-dsp/CMakeFiles/__idf_espressif__esp-dsp.dir/modules/matrix/mul/float/dspm_mult_ex_f32_ae32.S.obj
[1480/2107] Building ASM object esp-idf/espressif__esp-dsp/CMakeFiles/__idf_espressif__esp-dsp.dir/modules/matrix/mul/float/dspm_mult_ex_f32_aes3.S.obj
[1481/2107] Building ASM object esp-idf/espressif__esp-dsp/CMakeFiles/__idf_espressif__esp-dsp.dir/modules/matrix/mul/fixed/dspm_mult_s16_aes3.S.obj
[1482/2107] Building ASM object esp-idf/espressif__esp-dsp/CMakeFiles/__idf_espressif__esp-dsp.dir/modules/dotprod/fixed/dspi_dotprod_s8_arp4.S.obj
[1483/2107] Building ASM object esp-idf/espressif__esp-dsp/CMakeFiles/__idf_espressif__esp-dsp.dir/modules/matrix/mul/fixed/dspm_mult_s16_arp4.S.obj
[1484/2107] Building C object esp-idf/espressif__esp-dsp/CMakeFiles/__idf_espressif__esp-dsp.dir/modules/matrix/mul/float/dspm_mult_ex_f32_ansi.c.obj
[1485/2107] Building ASM object esp-idf/espressif__esp-dsp/CMakeFiles/__idf_espressif__esp-dsp.dir/modules/matrix/addc/float/dspm_addc_f32_ae32.S.obj
[1486/2107] Building ASM object esp-idf/espressif__esp-dsp/CMakeFiles/__idf_espressif__esp-dsp.dir/modules/matrix/mulc/float/dspm_mulc_f32_ae32.S.obj
[1487/2107] Building C object esp-idf/espressif__esp-dsp/CMakeFiles/__idf_espressif__esp-dsp.dir/modules/matrix/add/float/dspm_add_f32_ansi.c.obj
[1488/2107] Building ASM object esp-idf/espressif__esp-dsp/CMakeFiles/__idf_espressif__esp-dsp.dir/modules/matrix/mul/float/dspm_mult_f32_aes3.S.obj
[1489/2107] Building ASM object esp-idf/espressif__esp-dsp/CMakeFiles/__idf_espressif__esp-dsp.dir/modules/matrix/add/float/dspm_add_f32_ae32.S.obj
[1490/2107] Building C object esp-idf/espressif__esp-dsp/CMakeFiles/__idf_espressif__esp-dsp.dir/modules/matrix/mulc/float/dspm_mulc_f32_ansi.c.obj
[1491/2107] Building C object esp-idf/espressif__esp-dsp/CMakeFiles/__idf_espressif__esp-dsp.dir/modules/math/mulc/float/dsps_mulc_f32_ansi.c.obj
[1492/2107] Building C object esp-idf/espressif__esp-dsp/CMakeFiles/__idf_espressif__esp-dsp.dir/modules/matrix/mul/float/dspm_mult_f32_ansi.c.obj
[1493/2107] Building ASM object esp-idf/espressif__esp-dsp/CMakeFiles/__idf_espressif__esp-dsp.dir/modules/matrix/mul/float/dspm_mult_4x4x1_f32_ae32.S.obj
[1494/2107] Building ASM object esp-idf/espressif__esp-dsp/CMakeFiles/__idf_espressif__esp-dsp.dir/modules/math/mulc/fixed/dsps_mulc_s16_ae32.S.obj
[1495/2107] Building ASM object esp-idf/espressif__esp-dsp/CMakeFiles/__idf_espressif__esp-dsp.dir/modules/matrix/sub/float/dspm_sub_f32_ae32.S.obj
[1496/2107] Building ASM object esp-idf/espressif__esp-dsp/CMakeFiles/__idf_espressif__esp-dsp.dir/modules/matrix/mul/fixed/dspm_mult_s16_ae32.S.obj
[1497/2107] Building C object esp-idf/espressif__esp-dsp/CMakeFiles/__idf_espressif__esp-dsp.dir/modules/matrix/sub/float/dspm_sub_f32_ansi.c.obj
[1498/2107] Building C object esp-idf/espressif__esp-dsp/CMakeFiles/__idf_espressif__esp-dsp.dir/modules/matrix/addc/float/dspm_addc_f32_ansi.c.obj
[1499/2107] Building C object esp-idf/espressif__esp-dsp/CMakeFiles/__idf_espressif__esp-dsp.dir/modules/math/mulc/fixed/dsps_mulc_s16_ansi.c.obj
[1500/2107] Building ASM object esp-idf/espressif__esp-dsp/CMakeFiles/__idf_espressif__esp-dsp.dir/modules/math/add/fixed/dsps_add_s16_ae32.S.obj
[1501/2107] Building ASM object esp-idf/espressif__esp-dsp/CMakeFiles/__idf_espressif__esp-dsp.dir/modules/math/add/fixed/dsps_add_s16_aes3.S.obj
[1502/2107] Building ASM object esp-idf/espressif__esp-dsp/CMakeFiles/__idf_espressif__esp-dsp.dir/modules/math/add/fixed/dsps_add_s8_aes3.S.obj
[1503/2107] Building ASM object esp-idf/espressif__esp-dsp/CMakeFiles/__idf_espressif__esp-dsp.dir/modules/math/sub/fixed/dsps_sub_s16_aes3.S.obj
[1504/2107] Building ASM object esp-idf/espressif__esp-dsp/CMakeFiles/__idf_espressif__esp-dsp.dir/modules/math/sub/fixed/dsps_sub_s8_aes3.S.obj
[1505/2107] Building C object esp-idf/espressif__esp-dsp/CMakeFiles/__idf_espressif__esp-dsp.dir/modules/math/add/fixed/dsps_add_s16_ansi.c.obj
[1506/2107] Building ASM object esp-idf/espressif__esp-dsp/CMakeFiles/__idf_espressif__esp-dsp.dir/modules/math/mul/fixed/dsps_mul_s16_ae32.S.obj
[1507/2107] Building ASM object esp-idf/espressif__esp-dsp/CMakeFiles/__idf_espressif__esp-dsp.dir/modules/math/sub/fixed/dsps_sub_s16_ae32.S.obj
[1508/2107] Building ASM object esp-idf/espressif__esp-dsp/CMakeFiles/__idf_espressif__esp-dsp.dir/modules/math/mul/fixed/dsps_mul_s16_aes3.S.obj
[1509/2107] Building C object esp-idf/espressif__esp-dsp/CMakeFiles/__idf_espressif__esp-dsp.dir/modules/math/add/fixed/dsps_add_s8_ansi.c.obj
[1510/2107] Building C object esp-idf/espressif__esp-dsp/CMakeFiles/__idf_espressif__esp-dsp.dir/modules/math/sub/fixed/dsps_sub_s16_ansi.c.obj
[1511/2107] Building C object esp-idf/espressif__esp-dsp/CMakeFiles/__idf_espressif__esp-dsp.dir/modules/math/addc/float/dsps_addc_f32_ansi.c.obj
[1512/2107] Building C object esp-idf/espressif__esp-dsp/CMakeFiles/__idf_espressif__esp-dsp.dir/modules/math/sub/fixed/dsps_sub_s8_ansi.c.obj
[1513/2107] Building C object esp-idf/espressif__esp-dsp/CMakeFiles/__idf_espressif__esp-dsp.dir/modules/matrix/mul/fixed/dspm_mult_s16_ansi.c.obj
[1514/2107] Building ASM object esp-idf/espressif__esp-dsp/CMakeFiles/__idf_espressif__esp-dsp.dir/modules/math/mul/fixed/dsps_mul_s8_aes3.S.obj
[1515/2107] Building C object esp-idf/espressif__esp-dsp/CMakeFiles/__idf_espressif__esp-dsp.dir/modules/math/mul/float/dsps_mul_f32_ansi.c.obj
[1516/2107] Building ASM object esp-idf/espressif__esp-dsp/CMakeFiles/__idf_espressif__esp-dsp.dir/modules/math/mulc/float/dsps_mulc_f32_ae32.S.obj
[1517/2107] Building ASM object esp-idf/espressif__esp-dsp/CMakeFiles/__idf_espressif__esp-dsp.dir/modules/math/add/float/dsps_add_f32_ae32.S.obj
[1518/2107] Building C object esp-idf/espressif__esp-dsp/CMakeFiles/__idf_espressif__esp-dsp.dir/modules/math/mul/fixed/dsps_mul_s8_ansi.c.obj
[1519/2107] Building ASM object esp-idf/espressif__esp-dsp/CMakeFiles/__idf_espressif__esp-dsp.dir/modules/fft/float/dsps_fft2r_fc32_ae32_.S.obj
[1520/2107] Building ASM object esp-idf/espressif__esp-dsp/CMakeFiles/__idf_espressif__esp-dsp.dir/modules/fft/float/dsps_fft2r_fc32_arp4.S.obj
[1521/2107] Building C object esp-idf/espressif__esp-dsp/CMakeFiles/__idf_espressif__esp-dsp.dir/modules/math/add/float/dsps_add_f32_ansi.c.obj
[1522/2107] Building ASM object esp-idf/espressif__esp-dsp/CMakeFiles/__idf_espressif__esp-dsp.dir/modules/fft/float/dsps_bit_rev_lookup_fc32_aes3.S.obj
[1523/2107] Building ASM object esp-idf/espressif__esp-dsp/CMakeFiles/__idf_espressif__esp-dsp.dir/modules/math/mul/float/dsps_mul_f32_ae32.S.obj
[1524/2107] Building C object esp-idf/espressif__esp-dsp/CMakeFiles/__idf_espressif__esp-dsp.dir/modules/math/sqrt/float/dsps_sqrt_f32_ansi.c.obj
[1525/2107] Building ASM object esp-idf/espressif__esp-dsp/CMakeFiles/__idf_espressif__esp-dsp.dir/modules/fft/float/dsps_fft4r_fc32_aes3_.S.obj
[1526/2107] Building C object esp-idf/espressif__esp-dsp/CMakeFiles/__idf_espressif__esp-dsp.dir/modules/math/sub/float/dsps_sub_f32_ansi.c.obj
[1527/2107] Building ASM object esp-idf/espressif__esp-dsp/CMakeFiles/__idf_espressif__esp-dsp.dir/modules/fft/float/dsps_fft4r_fc32_ae32_.S.obj
[1528/2107] Building ASM object esp-idf/espressif__esp-dsp/CMakeFiles/__idf_espressif__esp-dsp.dir/modules/fft/float/dsps_fft4r_fc32_arp4.S.obj
[1529/2107] Building ASM object esp-idf/espressif__esp-dsp/CMakeFiles/__idf_espressif__esp-dsp.dir/modules/math/sub/float/dsps_sub_f32_ae32.S.obj
[1530/2107] Building ASM object esp-idf/espressif__esp-dsp/CMakeFiles/__idf_espressif__esp-dsp.dir/modules/math/addc/float/dsps_addc_f32_ae32.S.obj
[1531/2107] Building ASM object esp-idf/espressif__esp-dsp/CMakeFiles/__idf_espressif__esp-dsp.dir/modules/fft/fixed/dsps_fft2r_sc16_ae32.S.obj
[1532/2107] Building ASM object esp-idf/espressif__esp-dsp/CMakeFiles/__idf_espressif__esp-dsp.dir/modules/fft/float/dsps_fft2r_fc32_aes3_.S.obj
[1533/2107] Building C object esp-idf/espressif__esp-dsp/CMakeFiles/__idf_espressif__esp-dsp.dir/modules/math/mul/fixed/dsps_mul_s16_ansi.c.obj
[1534/2107] Building C object esp-idf/espressif__esp-dsp/CMakeFiles/__idf_espressif__esp-dsp.dir/modules/fft/float/dsps_fft2r_fc32_ae32.c.obj
[1535/2107] Building C object esp-idf/espressif__esp-dsp/CMakeFiles/__idf_espressif__esp-dsp.dir/modules/fft/float/dsps_fft2r_fc32_ansi.c.obj
[1536/2107] Building C object esp-idf/espressif__esp-dsp/CMakeFiles/__idf_espressif__esp-dsp.dir/modules/fft/float/dsps_fft4r_fc32_ansi.c.obj
[1537/2107] Building C object esp-idf/espressif__esp-dsp/CMakeFiles/__idf_espressif__esp-dsp.dir/modules/fft/float/dsps_fft4r_fc32_ae32.c.obj
[1538/2107] Building ASM object esp-idf/espressif__esp-dsp/CMakeFiles/__idf_espressif__esp-dsp.dir/modules/fft/fixed/dsps_fft2r_sc16_aes3.S.obj
[1539/2107] Building C object esp-idf/espressif__esp-dsp/CMakeFiles/__idf_espressif__esp-dsp.dir/modules/support/misc/dsps_d_gen.c.obj
[1540/2107] Building ASM object esp-idf/espressif__esp-dsp/CMakeFiles/__idf_espressif__esp-dsp.dir/modules/support/mem/esp32s3/dsps_memset_aes3.S.obj
[1541/2107] Building C object esp-idf/espressif__esp-dsp/CMakeFiles/__idf_espressif__esp-dsp.dir/modules/dct/float/dsps_dctiv_f32.c.obj
[1542/2107] Building ASM object esp-idf/espressif__esp-dsp/CMakeFiles/__idf_espressif__esp-dsp.dir/modules/support/mem/esp32s3/dsps_memcpy_aes3.S.obj
[1543/2107] Building ASM object esp-idf/espressif__esp-dsp/CMakeFiles/__idf_espressif__esp-dsp.dir/modules/support/cplx_gen/dsps_cplx_gen.S.obj
[1544/2107] Building C object esp-idf/espressif__esp-dsp/CMakeFiles/__idf_espressif__esp-dsp.dir/modules/support/cplx_gen/dsps_cplx_gen.c.obj
[1545/2107] Building C object esp-idf/espressif__esp-dsp/CMakeFiles/__idf_espressif__esp-dsp.dir/modules/support/misc/dsps_h_gen.c.obj
[1546/2107] Building ASM object esp-idf/espressif__esp-dsp/CMakeFiles/__idf_espressif__esp-dsp.dir/modules/fft/fixed/dsps_fft2r_sc16_arp4.S.obj
[1547/2107] Building C object esp-idf/espressif__esp-dsp/CMakeFiles/__idf_espressif__esp-dsp.dir/modules/support/misc/dsps_tone_gen.c.obj
[1548/2107] Building C object esp-idf/espressif__esp-dsp/CMakeFiles/__idf_espressif__esp-dsp.dir/modules/windows/hann/float/dsps_wind_hann_f32.c.obj
[1549/2107] Building C object esp-idf/espressif__esp-dsp/CMakeFiles/__idf_espressif__esp-dsp.dir/modules/dct/float/dsps_dstiv_f32.c.obj
[1550/2107] Building C object esp-idf/espressif__esp-dsp/CMakeFiles/__idf_espressif__esp-dsp.dir/modules/windows/blackman_nuttall/float/dsps_wind_blackman_nuttall_f32.c.obj
[1551/2107] Building C object esp-idf/espressif__esp-dsp/CMakeFiles/__idf_espressif__esp-dsp.dir/modules/windows/blackman_harris/float/dsps_wind_blackman_harris_f32.c.obj
[1552/2107] Building C object esp-idf/espressif__esp-dsp/CMakeFiles/__idf_espressif__esp-dsp.dir/modules/windows/nuttall/float/dsps_wind_nuttall_f32.c.obj
[1553/2107] Building C object esp-idf/espressif__esp-dsp/CMakeFiles/__idf_espressif__esp-dsp.dir/modules/support/cplx_gen/dsps_cplx_gen_init.c.obj
[1554/2107] Building C object esp-idf/espressif__esp-dsp/CMakeFiles/__idf_espressif__esp-dsp.dir/modules/conv/float/dsps_conv_f32_ansi.c.obj
[1555/2107] Building C object esp-idf/espressif__esp-dsp/CMakeFiles/__idf_espressif__esp-dsp.dir/modules/dct/float/dsps_dct_f32.c.obj
[1556/2107] Building ASM object esp-idf/espressif__esp-dsp/CMakeFiles/__idf_espressif__esp-dsp.dir/modules/conv/float/dsps_ccorr_f32_ae32.S.obj
[1557/2107] Building ASM object esp-idf/espressif__esp-dsp/CMakeFiles/__idf_espressif__esp-dsp.dir/modules/conv/float/dsps_corr_f32_ae32.S.obj
[1558/2107] Building C object esp-idf/espressif__esp-dsp/CMakeFiles/__idf_espressif__esp-dsp.dir/modules/windows/flat_top/float/dsps_wind_flat_top_f32.c.obj
[1559/2107] Building ASM object esp-idf/espressif__esp-dsp/CMakeFiles/__idf_espressif__esp-dsp.dir/modules/conv/float/dsps_conv_f32_ae32.S.obj
[1560/2107] Building C object esp-idf/espressif__esp-dsp/CMakeFiles/__idf_espressif__esp-dsp.dir/modules/fft/fixed/dsps_fft2r_sc16_ansi.c.obj
[1561/2107] Building ASM object esp-idf/espressif__esp-dsp/CMakeFiles/__idf_espressif__esp-dsp.dir/modules/iir/biquad/dsps_biquad_sf32_ae32.S.obj
[1562/2107] Building ASM object esp-idf/espressif__esp-dsp/CMakeFiles/__idf_espressif__esp-dsp.dir/modules/iir/biquad/dsps_biquad_f32_arp4.S.obj
[1563/2107] Building ASM object esp-idf/espressif__esp-dsp/CMakeFiles/__idf_espressif__esp-dsp.dir/modules/iir/biquad/dsps_biquad_f32_aes3.S.obj
[1564/2107] Building ASM object esp-idf/espressif__esp-dsp/CMakeFiles/__idf_espressif__esp-dsp.dir/modules/iir/biquad/dsps_biquad_sf32_arp4.S.obj
[1565/2107] Building ASM object esp-idf/espressif__esp-dsp/CMakeFiles/__idf_espressif__esp-dsp.dir/modules/iir/biquad/dsps_biquad_f32_ae32.S.obj
[1566/2107] Building C object esp-idf/espressif__esp-dsp/CMakeFiles/__idf_espressif__esp-dsp.dir/modules/conv/float/dspi_conv_f32_ansi.c.obj
[1567/2107] Building CXX object esp-idf/espressif__esp-dsp/CMakeFiles/__idf_espressif__esp-dsp.dir/modules/support/sfdr/float/dsps_sfdr_f32.cpp.obj
[1568/2107] Building C object esp-idf/espressif__esp-dsp/CMakeFiles/__idf_espressif__esp-dsp.dir/modules/conv/float/dsps_ccorr_f32_ansi.c.obj
[1569/2107] Building C object esp-idf/espressif__esp-dsp/CMakeFiles/__idf_espressif__esp-dsp.dir/modules/windows/blackman/float/dsps_wind_blackman_f32.c.obj
[1570/2107] Building ASM object esp-idf/espressif__esp-dsp/CMakeFiles/__idf_espressif__esp-dsp.dir/modules/fir/float/dsps_fir_f32_ae32.S.obj
[1571/2107] Building CXX object esp-idf/espressif__esp-dsp/CMakeFiles/__idf_espressif__esp-dsp.dir/modules/support/snr/float/dsps_snr_f32.cpp.obj
[1572/2107] Building ASM object esp-idf/espressif__esp-dsp/CMakeFiles/__idf_espressif__esp-dsp.dir/modules/fir/float/dsps_fird_f32_arp4.S.obj
[1573/2107] Building C object esp-idf/espressif__esp-dsp/CMakeFiles/__idf_espressif__esp-dsp.dir/modules/iir/biquad/dsps_biquad_sf32_ansi.c.obj
[1574/2107] Building C object esp-idf/espressif__esp-dsp/CMakeFiles/__idf_espressif__esp-dsp.dir/modules/iir/biquad/dsps_biquad_f32_ansi.c.obj
[1575/2107] Building ASM object esp-idf/espressif__esp-dsp/CMakeFiles/__idf_espressif__esp-dsp.dir/modules/fir/float/dsps_fird_f32_aes3.S.obj
[1576/2107] Building ASM object esp-idf/espressif__esp-dsp/CMakeFiles/__idf_espressif__esp-dsp.dir/modules/fir/float/dsps_fir_f32_aes3.S.obj
[1577/2107] Building CXX object esp-idf/espressif__esp-dsp/CMakeFiles/__idf_espressif__esp-dsp.dir/modules/support/view/dsps_view.cpp.obj
[1578/2107] Building C object esp-idf/espressif__esp-dsp/CMakeFiles/__idf_espressif__esp-dsp.dir/modules/conv/float/dsps_corr_f32_ansi.c.obj
[1579/2107] Building CXX object esp-idf/espressif__esp-dsp/CMakeFiles/__idf_espressif__esp-dsp.dir/modules/matrix/mat/mat.cpp.obj
[1580/2107] Building C object esp-idf/espressif__esp-dsp/CMakeFiles/__idf_espressif__esp-dsp.dir/modules/iir/biquad/dsps_biquad_gen_f32.c.obj
[1581/2107] Building ASM object esp-idf/espressif__esp-dsp/CMakeFiles/__idf_espressif__esp-dsp.dir/modules/fir/fixed/dsps_fird_s16_arp4.S.obj
[1582/2107] Building ASM object esp-idf/espressif__esp-dsp/CMakeFiles/__idf_espressif__esp-dsp.dir/modules/fir/float/dsps_fird_f32_ae32.S.obj
[1583/2107] Building C object esp-idf/espressif__esp-dsp/CMakeFiles/__idf_espressif__esp-dsp.dir/modules/fir/float/dsps_fir_init_f32.c.obj
[1584/2107] Building C object esp-idf/espressif__esp-dsp/CMakeFiles/__idf_espressif__esp-dsp.dir/modules/fir/float/dsps_fird_f32_ansi.c.obj
[1585/2107] Building ASM object esp-idf/espressif__esp-dsp/CMakeFiles/__idf_espressif__esp-dsp.dir/modules/fir/fixed/dsps_fird_s16_ae32.S.obj
[1586/2107] Building ASM object esp-idf/espressif__esp-dsp/CMakeFiles/__idf_espressif__esp-dsp.dir/modules/fir/fixed/dsps_fird_s16_aes3.S.obj
[1587/2107] Building C object esp-idf/espressif__esp-dsp/CMakeFiles/__idf_espressif__esp-dsp.dir/modules/fir/float/dsps_fird_init_f32.c.obj
[1588/2107] Building C object esp-idf/espressif__esp-dsp/CMakeFiles/__idf_espressif__esp-dsp.dir/modules/fir/fixed/dsps_fird_init_s16.c.obj
[1589/2107] Building C object esp-idf/espressif__esp-dsp/CMakeFiles/__idf_espressif__esp-dsp.dir/modules/fir/float/dsps_fir_f32_ansi.c.obj
[1590/2107] Building C object esp-idf/espressif__esp-dsp/CMakeFiles/__idf_espressif__esp-dsp.dir/modules/fir/fixed/dsps_fird_s16_ansi.c.obj
[1591/2107] Building C object esp-idf/espressif__esp-dsp/CMakeFiles/__idf_espressif__esp-dsp.dir/modules/fir/float/dsps_firmr_f32_ansi.c.obj
[1592/2107] Building C object esp-idf/espressif__rmaker_common/CMakeFiles/__idf_espressif__rmaker_common.dir/src/timezone.c.obj
[1593/2107] Building C object esp-idf/espressif__esp-dsp/CMakeFiles/__idf_espressif__esp-dsp.dir/modules/fir/fixed/dsps_firmr_init_s16.c.obj
[1594/2107] Building C object esp-idf/espressif__esp-dsp/CMakeFiles/__idf_espressif__esp-dsp.dir/modules/fir/float/dsps_firmr_init_f32.c.obj
[1595/2107] Building C object esp-idf/espressif__esp-dsp/CMakeFiles/__idf_espressif__esp-dsp.dir/modules/fir/resampler/dsps_resampler_ph.c.obj
[1596/2107] Building C object esp-idf/espressif__esp-dsp/CMakeFiles/__idf_espressif__esp-dsp.dir/modules/fir/fixed/dsps_firmr_s16_ansi.c.obj
[1597/2107] Building C object esp-idf/espressif__esp-dsp/CMakeFiles/__idf_espressif__esp-dsp.dir/modules/fir/resampler/dsps_resampler_mr.c.obj
[1598/2107] Building C object esp-idf/espressif__esp_diag_data_store/CMakeFiles/__idf_espressif__esp_diag_data_store.dir/src/rtc_store/rtc_store.c.obj
[1599/2107] Building C object esp-idf/espressif__esp_diag_data_store/CMakeFiles/__idf_espressif__esp_diag_data_store.dir/src/esp_diag_data_store.c.obj
[1600/2107] Building C object esp-idf/espressif__rmaker_common/CMakeFiles/__idf_espressif__rmaker_common.dir/src/work_queue.c.obj
[1601/2107] Linking C static library esp-idf/espressif__esp_diag_data_store/libespressif__esp_diag_data_store.a
[1602/2107] Building C object esp-idf/espressif__rmaker_common/CMakeFiles/__idf_espressif__rmaker_common.dir/src/console/rmaker_console.c.obj
[1603/2107] Building C object esp-idf/espressif__rmaker_common/CMakeFiles/__idf_espressif__rmaker_common.dir/src/utils.c.obj
[1604/2107] Building C object esp-idf/espressif__esp_diagnostics/CMakeFiles/__idf_espressif__esp_diagnostics.dir/src/esp_diagnostics_metrics.c.obj
[1605/2107] Building C object esp-idf/espressif__rmaker_common/CMakeFiles/__idf_espressif__rmaker_common.dir/src/create_APN3_PPI_string.c.obj
[1606/2107] Building C object esp-idf/espressif__esp_diagnostics/CMakeFiles/__idf_espressif__esp_diagnostics.dir/src/esp_diagnostics_log_hook.c.obj
[1607/2107] Building C object esp-idf/espressif__rmaker_common/CMakeFiles/__idf_espressif__rmaker_common.dir/src/cmd_resp.c.obj
[1608/2107] Building C object esp-idf/espressif__rmaker_common/CMakeFiles/__idf_espressif__rmaker_common.dir/src/console/rmaker_common_cmds.c.obj
[1609/2107] Building C object esp-idf/espressif__esp_diagnostics/CMakeFiles/__idf_espressif__esp_diagnostics.dir/src/esp_diagnostics_heap_metrics.c.obj
[1610/2107] Building C object esp-idf/espressif__esp_diagnostics/CMakeFiles/__idf_espressif__esp_diagnostics.dir/src/esp_diagnostics_variables.c.obj
[1611/2107] Building C object esp-idf/espressif__esp_diagnostics/CMakeFiles/__idf_espressif__esp_diagnostics.dir/src/esp_diagnostics_utils.c.obj
In file included from /workspaces/PR-ESPIDFCodebase/managed_components/espressif__esp_diagnostics/src/esp_diagnostics_utils.c:52:
/opt/esp/idf/components/freertos/esp_additions/include/freertos/task_snapshot.h:8:2: warning: #warning freertos/task_snapshot.h header is no longer used, and will be removed in future versions. [-Wcpp]
    8 | #warning freertos/task_snapshot.h header is no longer used, and will be removed in future versions.
      |  ^~~~~~~
[1612/2107] Building C object esp-idf/espressif__esp_diagnostics/CMakeFiles/__idf_espressif__esp_diagnostics.dir/src/esp_diagnostics_network_variables.c.obj
[1613/2107] Building C object esp-idf/espressif__rmaker_common/CMakeFiles/__idf_espressif__rmaker_common.dir/src/factory.c.obj
[1614/2107] Building C object esp-idf/espressif__rmaker_common/CMakeFiles/__idf_espressif__rmaker_common.dir/src/time.c.obj
[1615/2107] Building C object esp-idf/espressif__esp_diagnostics/CMakeFiles/__idf_espressif__esp_diagnostics.dir/src/esp_diagnostics_wifi_metrics.c.obj
[1616/2107] Building C object esp-idf/espressif__rmaker_common/CMakeFiles/__idf_espressif__rmaker_common.dir/src/esp-mqtt/esp-mqtt-glue.c.obj
[1617/2107] Linking C static library esp-idf/espressif__rmaker_common/libespressif__rmaker_common.a
[1618/2107] Building CXX object esp-idf/espressif__esp-dsp/CMakeFiles/__idf_espressif__esp-dsp.dir/modules/kalman/ekf/common/ekf.cpp.obj
[1619/2107] Linking C static library esp-idf/espressif__esp_diagnostics/libespressif__esp_diagnostics.a
[1620/2107] Building CXX object esp-idf/espressif__esp_modem/CMakeFiles/__idf_espressif__esp_modem.dir/src/esp_modem_primitives_freertos.cpp.obj
[1621/2107] Building CXX object esp-idf/espressif__esp-dsp/CMakeFiles/__idf_espressif__esp-dsp.dir/modules/kalman/ekf_imu13states/ekf_imu13states.cpp.obj
[1622/2107] Building C object esp-idf/espressif__esp_insights/CMakeFiles/__idf_espressif__esp_insights.dir/src/esp_insights_transport.c.obj
[1623/2107] Building C object esp-idf/espressif__esp_insights/CMakeFiles/__idf_espressif__esp_insights.dir/src/esp_insights.c.obj
[1624/2107] Building CXX object esp-idf/espressif__esp_modem/CMakeFiles/__idf_espressif__esp_modem.dir/src/esp_modem_api_target.cpp.obj
[1625/2107] Building CXX object esp-idf/espressif__esp_modem/CMakeFiles/__idf_espressif__esp_modem.dir/src/esp_modem_dte.cpp.obj
[1626/2107] Building C object esp-idf/espressif__esp_insights/CMakeFiles/__idf_espressif__esp_insights.dir/src/esp_insights_cmd_resp.c.obj
[1627/2107] Building CXX object esp-idf/espressif__esp_modem/CMakeFiles/__idf_espressif__esp_modem.dir/src/esp_modem_term_uart.cpp.obj
[1628/2107] Building C object esp-idf/espressif__esp_insights/CMakeFiles/__idf_espressif__esp_insights.dir/src/esp_insights_encoder.c.obj
[1629/2107] Building C object esp-idf/espressif__esp_insights/CMakeFiles/__idf_espressif__esp_insights.dir/src/esp_insights_client_data.c.obj
[1630/2107] Linking C static library esp-idf/espressif__esp-dsp/libespressif__esp-dsp.a
[1631/2107] Building CXX object esp-idf/espressif__esp_modem/CMakeFiles/__idf_espressif__esp_modem.dir/src/esp_modem_term_fs.cpp.obj
[1632/2107] Building CXX object esp-idf/espressif__esp_modem/CMakeFiles/__idf_espressif__esp_modem.dir/src/esp_modem_command_library.cpp.obj
[1633/2107] Building C object esp-idf/espressif__json_parser/CMakeFiles/__idf_espressif__json_parser.dir/src/json_parser.c.obj
[1634/2107] Building C object esp-idf/espressif__esp_insights/CMakeFiles/__idf_espressif__esp_insights.dir/src/esp_insights_cbor_decoder.c.obj
[1635/2107] Building CXX object esp-idf/espressif__esp_modem/CMakeFiles/__idf_espressif__esp_modem.dir/src/esp_modem_uart.cpp.obj
[1636/2107] Linking C static library esp-idf/espressif__json_parser/libespressif__json_parser.a
[1637/2107] Building CXX object esp-idf/espressif__esp_modem/CMakeFiles/__idf_espressif__esp_modem.dir/src/esp_modem_dce.cpp.obj
[1638/2107] Building C object esp-idf/espressif__json_generator/CMakeFiles/__idf_espressif__json_generator.dir/src/json_generator.c.obj
[1639/2107] Building C object esp-idf/espressif__esp_insights/CMakeFiles/__idf_espressif__esp_insights.dir/src/esp_insights_cbor_encoder.c.obj
[1640/2107] Linking C static library esp-idf/espressif__json_generator/libespressif__json_generator.a
[1641/2107] Building C object esp-idf/espressif__esp_insights/CMakeFiles/__idf_espressif__esp_insights.dir/src/transport/esp_insights_https.c.obj
[1642/2107] Building CXX object esp-idf/espressif__esp_modem/CMakeFiles/__idf_espressif__esp_modem.dir/src/esp_modem_netif.cpp.obj
[1643/2107] Building CXX object esp-idf/espressif__esp_modem/CMakeFiles/__idf_espressif__esp_modem.dir/src/esp_modem_cmux.cpp.obj
[1644/2107] Building CXX object esp-idf/espressif__esp_modem/CMakeFiles/__idf_espressif__esp_modem.dir/src/esp_modem_vfs_uart_creator.cpp.obj
[1645/2107] Building C object esp-idf/espressif__esp_schedule/CMakeFiles/__idf_espressif__esp_schedule.dir/src/esp_schedule_nvs.c.obj
[1646/2107] Building C object esp-idf/espressif__network_provisioning/CMakeFiles/__idf_espressif__network_provisioning.dir/src/network_ctrl.c.obj
[1647/2107] Building CXX object esp-idf/espressif__esp_modem/CMakeFiles/__idf_espressif__esp_modem.dir/src/esp_modem_api.cpp.obj
[1648/2107] Building C object esp-idf/espressif__network_provisioning/CMakeFiles/__idf_espressif__network_provisioning.dir/src/network_config.c.obj
[1649/2107] Linking C static library esp-idf/espressif__esp_insights/libespressif__esp_insights.a
[1650/2107] Building C object esp-idf/espressif__network_provisioning/CMakeFiles/__idf_espressif__network_provisioning.dir/proto-c/network_config.pb-c.c.obj
[1651/2107] Building C object esp-idf/espressif__network_provisioning/CMakeFiles/__idf_espressif__network_provisioning.dir/src/network_scan.c.obj
[1652/2107] Building C object esp-idf/espressif__esp_schedule/CMakeFiles/__idf_espressif__esp_schedule.dir/src/esp_schedule.c.obj
[1653/2107] Building C object esp-idf/espressif__network_provisioning/CMakeFiles/__idf_espressif__network_provisioning.dir/proto-c/network_constants.pb-c.c.obj
[1654/2107] Building C object esp-idf/espressif__network_provisioning/CMakeFiles/__idf_espressif__network_provisioning.dir/proto-c/network_scan.pb-c.c.obj
[1655/2107] Linking C static library esp-idf/espressif__esp_schedule/libespressif__esp_schedule.a
[1656/2107] Building C object esp-idf/espressif__network_provisioning/CMakeFiles/__idf_espressif__network_provisioning.dir/proto-c/network_ctrl.pb-c.c.obj
[1657/2107] Building CXX object esp-idf/espressif__esp_modem/CMakeFiles/__idf_espressif__esp_modem.dir/src/esp_modem_c_api.cpp.obj
[1658/2107] Building C object esp-idf/espressif__network_provisioning/CMakeFiles/__idf_espressif__network_provisioning.dir/src/handlers.c.obj
[1659/2107] Building C object esp-idf/espressif__esp-serial-flasher/CMakeFiles/__idf_espressif__esp-serial-flasher.dir/src/md5_hash.c.obj
[1660/2107] Building C object esp-idf/espressif__esp-serial-flasher/CMakeFiles/__idf_espressif__esp-serial-flasher.dir/src/protocol.c.obj
[1661/2107] Building C object esp-idf/espressif__esp-serial-flasher/CMakeFiles/__idf_espressif__esp-serial-flasher.dir/src/slip.c.obj
[1662/2107] Building C object esp-idf/espressif__network_provisioning/CMakeFiles/__idf_espressif__network_provisioning.dir/src/scheme_console.c.obj
[1663/2107] Building C object esp-idf/espressif__esp-serial-flasher/CMakeFiles/__idf_espressif__esp-serial-flasher.dir/src/esp_loader.c.obj
[1664/2107] Building C object esp-idf/espressif__qrcode/CMakeFiles/__idf_espressif__qrcode.dir/esp_qrcode_main.c.obj
[1665/2107] Building C object esp-idf/espressif__qrcode/CMakeFiles/__idf_espressif__qrcode.dir/qrcodegen.c.obj
[1666/2107] Building C object esp-idf/espressif__qrcode/CMakeFiles/__idf_espressif__qrcode.dir/esp_qrcode_wrapper.c.obj
[1667/2107] Building C object esp-idf/espressif__network_provisioning/CMakeFiles/__idf_espressif__network_provisioning.dir/src/scheme_ble.c.obj
[1668/2107] Building C object esp-idf/espressif__network_provisioning/CMakeFiles/__idf_espressif__network_provisioning.dir/src/scheme_softap.c.obj
[1669/2107] Building C object esp-idf/espressif__network_provisioning/CMakeFiles/__idf_espressif__network_provisioning.dir/src/manager.c.obj
[1670/2107] Linking C static library esp-idf/espressif__qrcode/libespressif__qrcode.a
[1671/2107] Building C object esp-idf/joltwallet__littlefs/CMakeFiles/__idf_joltwallet__littlefs.dir/src/littlefs/lfs_util.c.obj
[1672/2107] Building C object esp-idf/espressif__esp_secure_cert_mgr/CMakeFiles/__idf_espressif__esp_secure_cert_mgr.dir/srcs/esp_secure_cert_tlv_read.c.obj
[1673/2107] Building C object esp-idf/espressif__lan86xx_common/CMakeFiles/__idf_espressif__lan86xx_common.dir/src/esp_eth_phy_lan86xx.c.obj
[1674/2107] Building C object esp-idf/espressif__lan867x/CMakeFiles/__idf_espressif__lan867x.dir/src/esp_eth_phy_lan867x.c.obj
[1675/2107] Building C object esp-idf/espressif__esp_rcp_update/CMakeFiles/__idf_espressif__esp_rcp_update.dir/src/esp_rcp_update.c.obj
[1676/2107] Linking C static library esp-idf/espressif__network_provisioning/libespressif__network_provisioning.a
[1677/2107] Linking C static library esp-idf/espressif__lan86xx_common/libespressif__lan86xx_common.a
[1678/2107] Building C object esp-idf/espressif__esp-serial-flasher/CMakeFiles/__idf_espressif__esp-serial-flasher.dir/port/esp32_port.c.obj
[1679/2107] Building C object esp-idf/espressif__esp_secure_cert_mgr/CMakeFiles/__idf_espressif__esp_secure_cert_mgr.dir/srcs/esp_secure_cert_crypto.c.obj
[1680/2107] Linking C static library esp-idf/espressif__lan867x/libespressif__lan867x.a
[1681/2107] Building C object esp-idf/joltwallet__littlefs/CMakeFiles/__idf_joltwallet__littlefs.dir/src/lfs_config.c.obj
[1682/2107] Linking C static library esp-idf/espressif__esp-serial-flasher/libespressif__esp-serial-flasher.a
[1683/2107] Linking C static library esp-idf/espressif__esp_secure_cert_mgr/libespressif__esp_secure_cert_mgr.a
[1684/2107] Linking C static library esp-idf/espressif__esp_rcp_update/libespressif__esp_rcp_update.a
[1685/2107] Building CXX object esp-idf/espressif__esp_modem/CMakeFiles/__idf_espressif__esp_modem.dir/src/esp_modem_modules.cpp.obj
[1686/2107] Building CXX object esp-idf/espressif__esp_modem/CMakeFiles/__idf_espressif__esp_modem.dir/src/esp_modem_vfs_socket_creator.cpp.obj
[1687/2107] Building CXX object esp-idf/espressif__esp_modem/CMakeFiles/__idf_espressif__esp_modem.dir/src/esp_modem_factory.cpp.obj
[1688/2107] Building C object esp-idf/espressif__esp_rainmaker/CMakeFiles/__idf_espressif__esp_rainmaker.dir/src/core/esp_rmaker_device.c.obj
[1689/2107] Building C object esp-idf/espressif__esp_rainmaker/CMakeFiles/__idf_espressif__esp_rainmaker.dir/src/core/esp_rmaker_time_service.c.obj
[1690/2107] Building C object esp-idf/espressif__esp_rainmaker/CMakeFiles/__idf_espressif__esp_rainmaker.dir/src/core/esp_rmaker_node_config.c.obj
[1691/2107] Building C object esp-idf/espressif__esp_rainmaker/CMakeFiles/__idf_espressif__esp_rainmaker.dir/src/core/esp_rmaker_param.c.obj
[1692/2107] Building C object esp-idf/espressif__esp_rainmaker/CMakeFiles/__idf_espressif__esp_rainmaker.dir/src/core/esp_rmaker_system_service.c.obj
[1693/2107] Building C object esp-idf/espressif__esp_rainmaker/CMakeFiles/__idf_espressif__esp_rainmaker.dir/src/core/esp_rmaker_node.c.obj
[1694/2107] Building C object esp-idf/espressif__esp_rainmaker/CMakeFiles/__idf_espressif__esp_rainmaker.dir/src/core/esp_rmaker_user_mapping.pb-c.c.obj
[1695/2107] Building C object esp-idf/espressif__esp_rainmaker/CMakeFiles/__idf_espressif__esp_rainmaker.dir/src/core/esp_rmaker_user_mapping.c.obj
[1696/2107] Building C object esp-idf/espressif__esp_rainmaker/CMakeFiles/__idf_espressif__esp_rainmaker.dir/src/core/esp_rmaker_core.c.obj
[1697/2107] Linking C static library esp-idf/espressif__esp_modem/libespressif__esp_modem.a
[1698/2107] Building C object esp-idf/espressif__esp_rainmaker/CMakeFiles/__idf_espressif__esp_rainmaker.dir/src/core/esp_rmaker_client_data.c.obj
[1699/2107] Building C object esp-idf/espressif__esp_rainmaker/CMakeFiles/__idf_espressif__esp_rainmaker.dir/src/core/esp_rmaker_claim.pb-c.c.obj
[1700/2107] Building C object esp-idf/espressif__esp_rainmaker/CMakeFiles/__idf_espressif__esp_rainmaker.dir/src/core/esp_rmaker_cmd_resp_manager.c.obj
[1701/2107] Building C object esp-idf/espressif__esp_rainmaker/CMakeFiles/__idf_espressif__esp_rainmaker.dir/src/core/esp_rmaker_scenes.c.obj
[1702/2107] Building C object esp-idf/espressif__esp_rainmaker/CMakeFiles/__idf_espressif__esp_rainmaker.dir/src/core/esp_rmaker_secure_boot_digest.c.obj
[1703/2107] Building C object esp-idf/espressif__esp_rainmaker/CMakeFiles/__idf_espressif__esp_rainmaker.dir/src/core/esp_rmaker_schedule.c.obj
[1704/2107] Building C object esp-idf/espressif__esp_rainmaker/CMakeFiles/__idf_espressif__esp_rainmaker.dir/src/mqtt/esp_rmaker_mqtt.c.obj
[1705/2107] Building C object esp-idf/espressif__esp_rainmaker/CMakeFiles/__idf_espressif__esp_rainmaker.dir/src/ota/esp_rmaker_ota_using_params.c.obj
[1706/2107] Building C object esp-idf/espressif__esp_rainmaker/CMakeFiles/__idf_espressif__esp_rainmaker.dir/src/core/esp_rmaker_node_auth.c.obj
[1707/2107] Building C object esp-idf/espressif__esp_rainmaker/CMakeFiles/__idf_espressif__esp_rainmaker.dir/src/standard_types/esp_rmaker_standard_services.c.obj
[1708/2107] Building C object esp-idf/espressif__esp_rainmaker/CMakeFiles/__idf_espressif__esp_rainmaker.dir/src/mqtt/esp_rmaker_mqtt_budget.c.obj
[1709/2107] Building C object esp-idf/espressif__esp_rainmaker/CMakeFiles/__idf_espressif__esp_rainmaker.dir/src/standard_types/esp_rmaker_standard_params.c.obj
[1710/2107] Building C object esp-idf/espressif__esp_rainmaker/CMakeFiles/__idf_espressif__esp_rainmaker.dir/src/ota/esp_rmaker_ota_using_topics.c.obj
[1711/2107] Building C object esp-idf/espressif__esp_rainmaker/CMakeFiles/__idf_espressif__esp_rainmaker.dir/src/console/esp_rmaker_console.c.obj
[1712/2107] Building C object esp-idf/espressif__esp_rainmaker/CMakeFiles/__idf_espressif__esp_rainmaker.dir/src/standard_types/esp_rmaker_standard_devices.c.obj
[1713/2107] Building C object esp-idf/joltwallet__littlefs/CMakeFiles/__idf_joltwallet__littlefs.dir/src/littlefs_esp_part.c.obj
[1714/2107] Building C object esp-idf/espressif__arduino-esp32/CMakeFiles/__idf_espressif__arduino-esp32.dir/cores/esp32/esp32-hal-hosted.c.obj
[1715/2107] Building C object esp-idf/espressif__arduino-esp32/CMakeFiles/__idf_espressif__arduino-esp32.dir/cores/esp32/ColorFormat.c.obj
[1716/2107] Building CXX object esp-idf/espressif__arduino-esp32/CMakeFiles/__idf_espressif__arduino-esp32.dir/cores/esp32/cbuf.cpp.obj
[1717/2107] Building C object esp-idf/espressif__arduino-esp32/CMakeFiles/__idf_espressif__arduino-esp32.dir/cores/esp32/esp32-hal-i2c.c.obj
[1718/2107] Building C object esp-idf/espressif__esp_rainmaker/CMakeFiles/__idf_espressif__esp_rainmaker.dir/src/console/esp_rmaker_commands.c.obj
[1719/2107] Building C object esp-idf/espressif__esp_rainmaker/CMakeFiles/__idf_espressif__esp_rainmaker.dir/src/core/esp_rmaker_claim.c.obj
[1720/2107] Building C object esp-idf/espressif__arduino-esp32/CMakeFiles/__idf_espressif__arduino-esp32.dir/cores/esp32/esp32-hal-bt.c.obj
[1721/2107] Building C object esp-idf/espressif__arduino-esp32/CMakeFiles/__idf_espressif__arduino-esp32.dir/cores/esp32/esp32-hal-adc.c.obj
[1722/2107] Building C object esp-idf/espressif__esp_rainmaker/CMakeFiles/__idf_espressif__esp_rainmaker.dir/src/ota/esp_rmaker_ota.c.obj
[1723/2107] Building C object esp-idf/espressif__arduino-esp32/CMakeFiles/__idf_espressif__arduino-esp32.dir/cores/esp32/esp32-hal-dac.c.obj
[1724/2107] Linking C static library esp-idf/espressif__esp_rainmaker/libespressif__esp_rainmaker.a
[1725/2107] Building C object esp-idf/espressif__arduino-esp32/CMakeFiles/__idf_espressif__arduino-esp32.dir/cores/esp32/esp32-hal-cpu.c.obj
[1726/2107] Building C object esp-idf/espressif__arduino-esp32/CMakeFiles/__idf_espressif__arduino-esp32.dir/cores/esp32/esp32-hal-matrix.c.obj
[1727/2107] Building C object esp-idf/espressif__arduino-esp32/CMakeFiles/__idf_espressif__arduino-esp32.dir/cores/esp32/esp32-hal-i2c-ng.c.obj
[1728/2107] Building C object esp-idf/espressif__arduino-esp32/CMakeFiles/__idf_espressif__arduino-esp32.dir/cores/esp32/esp32-hal-i2c-slave.c.obj
[1729/2107] Building C object esp-idf/espressif__arduino-esp32/CMakeFiles/__idf_espressif__arduino-esp32.dir/cores/esp32/esp32-hal-tinyusb.c.obj
[1730/2107] Building C object esp-idf/espressif__arduino-esp32/CMakeFiles/__idf_espressif__arduino-esp32.dir/cores/esp32/esp32-hal-ledc.c.obj
[1731/2107] Building C object esp-idf/espressif__arduino-esp32/CMakeFiles/__idf_espressif__arduino-esp32.dir/cores/esp32/esp32-hal-touch.c.obj
[1732/2107] Building C object esp-idf/espressif__arduino-esp32/CMakeFiles/__idf_espressif__arduino-esp32.dir/cores/esp32/esp32-hal-gpio.c.obj
[1733/2107] Building C object esp-idf/espressif__arduino-esp32/CMakeFiles/__idf_espressif__arduino-esp32.dir/cores/esp32/esp32-hal-psram.c.obj
[1734/2107] Building C object esp-idf/espressif__arduino-esp32/CMakeFiles/__idf_espressif__arduino-esp32.dir/cores/esp32/esp32-hal-periman.c.obj
[1735/2107] Building C object esp-idf/espressif__arduino-esp32/CMakeFiles/__idf_espressif__arduino-esp32.dir/cores/esp32/esp32-hal-misc.c.obj
[1736/2107] Building C object esp-idf/espressif__arduino-esp32/CMakeFiles/__idf_espressif__arduino-esp32.dir/cores/esp32/esp32-hal-sigmadelta.c.obj
[1737/2107] Building C object esp-idf/joltwallet__littlefs/CMakeFiles/__idf_joltwallet__littlefs.dir/src/esp_littlefs.c.obj
[1738/2107] Building C object esp-idf/espressif__arduino-esp32/CMakeFiles/__idf_espressif__arduino-esp32.dir/cores/esp32/esp32-hal-timer.c.obj
[1739/2107] Building CXX object esp-idf/espressif__arduino-esp32/CMakeFiles/__idf_espressif__arduino-esp32.dir/cores/esp32/freertos_stats.cpp.obj
[1740/2107] Building C object esp-idf/espressif__arduino-esp32/CMakeFiles/__idf_espressif__arduino-esp32.dir/cores/esp32/esp32-hal-spi.c.obj
[1741/2107] Building C object esp-idf/espressif__arduino-esp32/CMakeFiles/__idf_espressif__arduino-esp32.dir/cores/esp32/esp32-hal-rgb-led.c.obj
[1742/2107] Building CXX object esp-idf/espressif__arduino-esp32/CMakeFiles/__idf_espressif__arduino-esp32.dir/cores/esp32/base64.cpp.obj
[1743/2107] Building C object esp-idf/espressif__arduino-esp32/CMakeFiles/__idf_espressif__arduino-esp32.dir/cores/esp32/esp32-hal-touch-ng.c.obj
[1744/2107] Building C object esp-idf/espressif__arduino-esp32/CMakeFiles/__idf_espressif__arduino-esp32.dir/cores/esp32/esp32-hal-time.c.obj
[1745/2107] Building CXX object esp-idf/espressif__arduino-esp32/CMakeFiles/__idf_espressif__arduino-esp32.dir/cores/esp32/HEXBuilder.cpp.obj
[1746/2107] Building CXX object esp-idf/espressif__arduino-esp32/CMakeFiles/__idf_espressif__arduino-esp32.dir/cores/esp32/MacAddress.cpp.obj
[1747/2107] Building CXX object esp-idf/espressif__arduino-esp32/CMakeFiles/__idf_espressif__arduino-esp32.dir/cores/esp32/HashBuilder.cpp.obj
[1748/2107] Building CXX object esp-idf/espressif__arduino-esp32/CMakeFiles/__idf_espressif__arduino-esp32.dir/cores/esp32/MD5Builder.cpp.obj
[1749/2107] Building C object esp-idf/espressif__arduino-esp32/CMakeFiles/__idf_espressif__arduino-esp32.dir/cores/esp32/esp32-hal-uart.c.obj
[1750/2107] Building C object esp-idf/espressif__arduino-esp32/CMakeFiles/__idf_espressif__arduino-esp32.dir/cores/esp32/stdlib_noniso.c.obj
[1751/2107] Building CXX object esp-idf/espressif__arduino-esp32/CMakeFiles/__idf_espressif__arduino-esp32.dir/cores/esp32/USB.cpp.obj
[1752/2107] Building CXX object esp-idf/espressif__arduino-esp32/CMakeFiles/__idf_espressif__arduino-esp32.dir/cores/esp32/HWCDC.cpp.obj
[1753/2107] Building CXX object esp-idf/espressif__arduino-esp32/CMakeFiles/__idf_espressif__arduino-esp32.dir/cores/esp32/USBMSC.cpp.obj
[1754/2107] Building CXX object esp-idf/espressif__arduino-esp32/CMakeFiles/__idf_espressif__arduino-esp32.dir/cores/esp32/FirmwareMSC.cpp.obj
[1755/2107] Building CXX object esp-idf/espressif__arduino-esp32/CMakeFiles/__idf_espressif__arduino-esp32.dir/cores/esp32/USBCDC.cpp.obj
[1756/2107] Building CXX object esp-idf/espressif__arduino-esp32/CMakeFiles/__idf_espressif__arduino-esp32.dir/cores/esp32/IPAddress.cpp.obj
[1757/2107] Building C object esp-idf/espressif__arduino-esp32/CMakeFiles/__idf_espressif__arduino-esp32.dir/cores/esp32/wiring_pulse.c.obj
[1758/2107] Building C object esp-idf/espressif__arduino-esp32/CMakeFiles/__idf_espressif__arduino-esp32.dir/cores/esp32/firmware_msc_fat.c.obj
[1759/2107] Building CXX object esp-idf/espressif__arduino-esp32/CMakeFiles/__idf_espressif__arduino-esp32.dir/cores/esp32/FunctionalInterrupt.cpp.obj
[1760/2107] Building C object esp-idf/espressif__arduino-esp32/CMakeFiles/__idf_espressif__arduino-esp32.dir/cores/esp32/esp32-hal-rmt.c.obj
[1761/2107] Building CXX object esp-idf/espressif__arduino-esp32/CMakeFiles/__idf_espressif__arduino-esp32.dir/cores/esp32/WMath.cpp.obj
[1762/2107] Building CXX object esp-idf/espressif__arduino-esp32/CMakeFiles/__idf_espressif__arduino-esp32.dir/cores/esp32/HardwareSerial.cpp.obj
[1763/2107] Building CXX object esp-idf/espressif__arduino-esp32/CMakeFiles/__idf_espressif__arduino-esp32.dir/cores/esp32/main.cpp.obj
[1764/2107] Building CXX object esp-idf/espressif__arduino-esp32/CMakeFiles/__idf_espressif__arduino-esp32.dir/cores/esp32/Stream.cpp.obj
[1765/2107] Building C object esp-idf/espressif__arduino-esp32/CMakeFiles/__idf_espressif__arduino-esp32.dir/cores/esp32/wiring_shift.c.obj
[1766/2107] Building C object esp-idf/joltwallet__littlefs/CMakeFiles/__idf_joltwallet__littlefs.dir/src/littlefs/lfs.c.obj
[1767/2107] Building CXX object esp-idf/espressif__arduino-esp32/CMakeFiles/__idf_espressif__arduino-esp32.dir/cores/esp32/StreamString.cpp.obj
[1768/2107] Linking C static library esp-idf/joltwallet__littlefs/libjoltwallet__littlefs.a
[1769/2107] Building CXX object esp-idf/espressif__arduino-esp32/CMakeFiles/__idf_espressif__arduino-esp32.dir/cores/esp32/Tone.cpp.obj
[1770/2107] Building CXX object esp-idf/espressif__arduino-esp32/CMakeFiles/__idf_espressif__arduino-esp32.dir/cores/esp32/Print.cpp.obj
[1771/2107] Building CXX object esp-idf/espressif__arduino-esp32/CMakeFiles/__idf_espressif__arduino-esp32.dir/libraries/BLE/src/BLEBeacon.cpp.obj
[1772/2107] Building CXX object esp-idf/espressif__arduino-esp32/CMakeFiles/__idf_espressif__arduino-esp32.dir/cores/esp32/Esp.cpp.obj
[1773/2107] Building CXX object esp-idf/espressif__arduino-esp32/CMakeFiles/__idf_espressif__arduino-esp32.dir/libraries/AsyncUDP/src/AsyncUDP.cpp.obj
[1774/2107] Building CXX object esp-idf/espressif__arduino-esp32/CMakeFiles/__idf_espressif__arduino-esp32.dir/cores/esp32/WString.cpp.obj
[1775/2107] Building CXX object esp-idf/espressif__arduino-esp32/CMakeFiles/__idf_espressif__arduino-esp32.dir/libraries/BLE/src/BLEAddress.cpp.obj
[1776/2107] Building CXX object esp-idf/espressif__arduino-esp32/CMakeFiles/__idf_espressif__arduino-esp32.dir/libraries/BLE/src/BLEExceptions.cpp.obj
[1777/2107] Building CXX object esp-idf/espressif__arduino-esp32/CMakeFiles/__idf_espressif__arduino-esp32.dir/libraries/BLE/src/BLE2901.cpp.obj
[1778/2107] Building CXX object esp-idf/espressif__arduino-esp32/CMakeFiles/__idf_espressif__arduino-esp32.dir/libraries/BLE/src/BLE2902.cpp.obj
[1779/2107] Building CXX object esp-idf/espressif__arduino-esp32/CMakeFiles/__idf_espressif__arduino-esp32.dir/libraries/BLE/src/BLEAdvertisedDevice.cpp.obj
[1780/2107] Building CXX object esp-idf/espressif__arduino-esp32/CMakeFiles/__idf_espressif__arduino-esp32.dir/libraries/ArduinoOTA/src/ArduinoOTA.cpp.obj
[1781/2107] Building CXX object esp-idf/espressif__arduino-esp32/CMakeFiles/__idf_espressif__arduino-esp32.dir/libraries/BLE/src/BLEDescriptor.cpp.obj
[1782/2107] Building CXX object esp-idf/espressif__arduino-esp32/CMakeFiles/__idf_espressif__arduino-esp32.dir/libraries/BLE/src/BLECharacteristicMap.cpp.obj
[1783/2107] Building CXX object esp-idf/espressif__arduino-esp32/CMakeFiles/__idf_espressif__arduino-esp32.dir/libraries/BLE/src/BLEAdvertising.cpp.obj
[1784/2107] Building CXX object esp-idf/espressif__arduino-esp32/CMakeFiles/__idf_espressif__arduino-esp32.dir/libraries/BLE/src/BLEClient.cpp.obj
[1785/2107] Building CXX object esp-idf/espressif__arduino-esp32/CMakeFiles/__idf_espressif__arduino-esp32.dir/libraries/BLE/src/BLECharacteristic.cpp.obj
[1786/2107] Building CXX object esp-idf/espressif__arduino-esp32/CMakeFiles/__idf_espressif__arduino-esp32.dir/libraries/BLE/src/BLE2904.cpp.obj
[1787/2107] Building CXX object esp-idf/espressif__arduino-esp32/CMakeFiles/__idf_espressif__arduino-esp32.dir/libraries/BLE/src/BLEDevice.cpp.obj
[1788/2107] Building CXX object esp-idf/espressif__arduino-esp32/CMakeFiles/__idf_espressif__arduino-esp32.dir/libraries/BLE/src/BLEHIDDevice.cpp.obj
[1789/2107] Building CXX object esp-idf/espressif__arduino-esp32/CMakeFiles/__idf_espressif__arduino-esp32.dir/cores/esp32/chip-debug-report.cpp.obj
[1790/2107] Building CXX object esp-idf/espressif__arduino-esp32/CMakeFiles/__idf_espressif__arduino-esp32.dir/libraries/BLE/src/BLEValue.cpp.obj
[1791/2107] Building CXX object esp-idf/espressif__arduino-esp32/CMakeFiles/__idf_espressif__arduino-esp32.dir/libraries/BLE/src/BLEEddystoneURL.cpp.obj
[1792/2107] Building CXX object esp-idf/espressif__arduino-esp32/CMakeFiles/__idf_espressif__arduino-esp32.dir/libraries/BLE/src/BLEDescriptorMap.cpp.obj
[1793/2107] Building CXX object esp-idf/espressif__arduino-esp32/CMakeFiles/__idf_espressif__arduino-esp32.dir/libraries/BLE/src/BLERemoteService.cpp.obj
[1794/2107] Building CXX object esp-idf/espressif__arduino-esp32/CMakeFiles/__idf_espressif__arduino-esp32.dir/libraries/BLE/src/BLEServer.cpp.obj
[1795/2107] Building CXX object esp-idf/espressif__arduino-esp32/CMakeFiles/__idf_espressif__arduino-esp32.dir/libraries/BLE/src/BLESecurity.cpp.obj
[1796/2107] Building CXX object esp-idf/espressif__arduino-esp32/CMakeFiles/__idf_espressif__arduino-esp32.dir/libraries/BLE/src/BLERemoteCharacteristic.cpp.obj
[1797/2107] Building CXX object esp-idf/espressif__arduino-esp32/CMakeFiles/__idf_espressif__arduino-esp32.dir/libraries/BLE/src/BLEScan.cpp.obj
[1798/2107] Building CXX object esp-idf/espressif__arduino-esp32/CMakeFiles/__idf_espressif__arduino-esp32.dir/libraries/BLE/src/BLEUtils.cpp.obj
[1799/2107] Building CXX object esp-idf/espressif__arduino-esp32/CMakeFiles/__idf_espressif__arduino-esp32.dir/libraries/BLE/src/BLEUUID.cpp.obj
[1800/2107] Building CXX object esp-idf/espressif__arduino-esp32/CMakeFiles/__idf_espressif__arduino-esp32.dir/libraries/ESP_SR/src/ESP_SR.cpp.obj
[1801/2107] Building CXX object esp-idf/espressif__arduino-esp32/CMakeFiles/__idf_espressif__arduino-esp32.dir/libraries/ESP_NOW/src/ESP32_NOW.cpp.obj
[1802/2107] Building C object esp-idf/espressif__arduino-esp32/CMakeFiles/__idf_espressif__arduino-esp32.dir/libraries/ESP_SR/src/esp32-hal-sr.c.obj
[1803/2107] Building CXX object esp-idf/espressif__arduino-esp32/CMakeFiles/__idf_espressif__arduino-esp32.dir/libraries/BLE/src/BLEServiceMap.cpp.obj
[1804/2107] Building CXX object esp-idf/espressif__arduino-esp32/CMakeFiles/__idf_espressif__arduino-esp32.dir/libraries/ESP_NOW/src/ESP32_NOW_Serial.cpp.obj
[1805/2107] Building CXX object esp-idf/espressif__arduino-esp32/CMakeFiles/__idf_espressif__arduino-esp32.dir/libraries/BLE/src/BLERemoteDescriptor.cpp.obj
[1806/2107] Building CXX object esp-idf/espressif__arduino-esp32/CMakeFiles/__idf_espressif__arduino-esp32.dir/libraries/BluetoothSerial/src/BTAdvertisedDeviceSet.cpp.obj
[1807/2107] Building CXX object esp-idf/espressif__arduino-esp32/CMakeFiles/__idf_espressif__arduino-esp32.dir/libraries/BLE/src/BLEService.cpp.obj
[1808/2107] Building CXX object esp-idf/espressif__arduino-esp32/CMakeFiles/__idf_espressif__arduino-esp32.dir/libraries/BLE/src/FreeRTOS.cpp.obj
[1809/2107] Building CXX object esp-idf/espressif__arduino-esp32/CMakeFiles/__idf_espressif__arduino-esp32.dir/libraries/EEPROM/src/EEPROM.cpp.obj
[1810/2107] Building CXX object esp-idf/espressif__arduino-esp32/CMakeFiles/__idf_espressif__arduino-esp32.dir/libraries/BluetoothSerial/src/BTScanResultsSet.cpp.obj
[1811/2107] Building CXX object esp-idf/espressif__arduino-esp32/CMakeFiles/__idf_espressif__arduino-esp32.dir/libraries/ESP_I2S/src/ESP_I2S.cpp.obj
/workspaces/PR-ESPIDFCodebase/managed_components/espressif__arduino-esp32/libraries/ESP_I2S/src/ESP_I2S.cpp: In member function 'bool I2SClass::initSTD(uint32_t, i2s_data_bit_width_t, i2s_slot_mode_t, int8_t)':
/workspaces/PR-ESPIDFCodebase/managed_components/espressif__arduino-esp32/libraries/ESP_I2S/src/ESP_I2S.cpp:26:3: warning: missing initializer for member 'i2s_chan_config_t::allow_pd' [-Wmissing-field-initializers]
   26 |   }
      |   ^
/workspaces/PR-ESPIDFCodebase/managed_components/espressif__arduino-esp32/libraries/ESP_I2S/src/ESP_I2S.cpp:344:32: note: in expansion of macro 'I2S_DEFAULT_CFG'
  344 |   i2s_chan_config_t chan_cfg = I2S_DEFAULT_CFG();
      |                                ^~~~~~~~~~~~~~~
/workspaces/PR-ESPIDFCodebase/managed_components/espressif__arduino-esp32/libraries/ESP_I2S/src/ESP_I2S.cpp: In member function 'bool I2SClass::initPDMtx(uint32_t, i2s_data_bit_width_t, i2s_slot_mode_t)':
/workspaces/PR-ESPIDFCodebase/managed_components/espressif__arduino-esp32/libraries/ESP_I2S/src/ESP_I2S.cpp:26:3: warning: missing initializer for member 'i2s_chan_config_t::allow_pd' [-Wmissing-field-initializers]
   26 |   }
      |   ^
/workspaces/PR-ESPIDFCodebase/managed_components/espressif__arduino-esp32/libraries/ESP_I2S/src/ESP_I2S.cpp:544:32: note: in expansion of macro 'I2S_DEFAULT_CFG'
  544 |   i2s_chan_config_t chan_cfg = I2S_DEFAULT_CFG();
      |                                ^~~~~~~~~~~~~~~
/workspaces/PR-ESPIDFCodebase/managed_components/espressif__arduino-esp32/libraries/ESP_I2S/src/ESP_I2S.cpp: In member function 'bool I2SClass::initPDMrx(uint32_t, i2s_data_bit_width_t, i2s_slot_mode_t)':
/workspaces/PR-ESPIDFCodebase/managed_components/espressif__arduino-esp32/libraries/ESP_I2S/src/ESP_I2S.cpp:26:3: warning: missing initializer for member 'i2s_chan_config_t::allow_pd' [-Wmissing-field-initializers]
   26 |   }
      |   ^
/workspaces/PR-ESPIDFCodebase/managed_components/espressif__arduino-esp32/libraries/ESP_I2S/src/ESP_I2S.cpp:628:32: note: in expansion of macro 'I2S_DEFAULT_CFG'
  628 |   i2s_chan_config_t chan_cfg = I2S_DEFAULT_CFG();
      |                                ^~~~~~~~~~~~~~~
[1812/2107] Building CXX object esp-idf/espressif__arduino-esp32/CMakeFiles/__idf_espressif__arduino-esp32.dir/libraries/ESPmDNS/src/ESPmDNS.cpp.obj
[1813/2107] Building CXX object esp-idf/espressif__arduino-esp32/CMakeFiles/__idf_espressif__arduino-esp32.dir/libraries/BluetoothSerial/src/BTAddress.cpp.obj
[1814/2107] Building CXX object esp-idf/espressif__arduino-esp32/CMakeFiles/__idf_espressif__arduino-esp32.dir/libraries/Hash/src/SHA2Builder.cpp.obj
[1815/2107] Building CXX object esp-idf/espressif__arduino-esp32/CMakeFiles/__idf_espressif__arduino-esp32.dir/libraries/Insights/src/Insights.cpp.obj
[1816/2107] Building CXX object esp-idf/espressif__arduino-esp32/CMakeFiles/__idf_espressif__arduino-esp32.dir/libraries/Hash/src/SHA3Builder.cpp.obj
[1817/2107] Building CXX object esp-idf/espressif__arduino-esp32/CMakeFiles/__idf_espressif__arduino-esp32.dir/libraries/Matter/src/MatterEndpoints/MatterOnOffLight.cpp.obj
[1818/2107] Building CXX object esp-idf/espressif__arduino-esp32/CMakeFiles/__idf_espressif__arduino-esp32.dir/libraries/BluetoothSerial/src/BluetoothSerial.cpp.obj
[1819/2107] Building CXX object esp-idf/espressif__arduino-esp32/CMakeFiles/__idf_espressif__arduino-esp32.dir/libraries/BLE/src/GeneralUtils.cpp.obj
[1820/2107] Building CXX object esp-idf/espressif__arduino-esp32/CMakeFiles/__idf_espressif__arduino-esp32.dir/libraries/Matter/src/MatterEndpoints/MatterGenericSwitch.cpp.obj
[1821/2107] Building CXX object esp-idf/espressif__arduino-esp32/CMakeFiles/__idf_espressif__arduino-esp32.dir/libraries/Matter/src/MatterEndpoints/MatterColorLight.cpp.obj
[1822/2107] Building CXX object esp-idf/espressif__arduino-esp32/CMakeFiles/__idf_espressif__arduino-esp32.dir/libraries/Matter/src/MatterEndpoints/MatterDimmableLight.cpp.obj
[1823/2107] Building CXX object esp-idf/espressif__arduino-esp32/CMakeFiles/__idf_espressif__arduino-esp32.dir/libraries/Matter/src/MatterEndpoints/MatterFan.cpp.obj
[1824/2107] Building CXX object esp-idf/espressif__arduino-esp32/CMakeFiles/__idf_espressif__arduino-esp32.dir/libraries/Matter/src/MatterEndpoints/MatterTemperatureSensor.cpp.obj
[1825/2107] Building CXX object esp-idf/espressif__arduino-esp32/CMakeFiles/__idf_espressif__arduino-esp32.dir/libraries/Matter/src/MatterEndpoints/MatterColorTemperatureLight.cpp.obj
[1826/2107] Building CXX object esp-idf/espressif__arduino-esp32/CMakeFiles/__idf_espressif__arduino-esp32.dir/libraries/Matter/src/MatterEndpoints/MatterHumiditySensor.cpp.obj
[1827/2107] Building CXX object esp-idf/espressif__arduino-esp32/CMakeFiles/__idf_espressif__arduino-esp32.dir/libraries/DNSServer/src/DNSServer.cpp.obj
[1828/2107] Building CXX object esp-idf/espressif__arduino-esp32/CMakeFiles/__idf_espressif__arduino-esp32.dir/libraries/BLE/src/BLEEddystoneTLM.cpp.obj
[1829/2107] Building CXX object esp-idf/espressif__arduino-esp32/CMakeFiles/__idf_espressif__arduino-esp32.dir/libraries/Matter/src/MatterEndpoints/MatterContactSensor.cpp.obj
[1830/2107] Building CXX object esp-idf/espressif__arduino-esp32/CMakeFiles/__idf_espressif__arduino-esp32.dir/libraries/Matter/src/MatterEndpoints/MatterOccupancySensor.cpp.obj
[1831/2107] Building CXX object esp-idf/espressif__arduino-esp32/CMakeFiles/__idf_espressif__arduino-esp32.dir/libraries/Matter/src/MatterEndpoints/MatterEnhancedColorLight.cpp.obj
[1832/2107] Building CXX object esp-idf/espressif__arduino-esp32/CMakeFiles/__idf_espressif__arduino-esp32.dir/libraries/Matter/src/MatterEndpoints/MatterOnOffPlugin.cpp.obj
[1833/2107] Building CXX object esp-idf/espressif__arduino-esp32/CMakeFiles/__idf_espressif__arduino-esp32.dir/libraries/Matter/src/MatterEndpoints/MatterThermostat.cpp.obj
[1834/2107] Building CXX object esp-idf/espressif__arduino-esp32/CMakeFiles/__idf_espressif__arduino-esp32.dir/libraries/Matter/src/MatterEndpoints/MatterPressureSensor.cpp.obj
[1835/2107] Building CXX object esp-idf/espressif__arduino-esp32/CMakeFiles/__idf_espressif__arduino-esp32.dir/libraries/Matter/src/Matter.cpp.obj
[1836/2107] Building CXX object esp-idf/espressif__arduino-esp32/CMakeFiles/__idf_espressif__arduino-esp32.dir/libraries/Hash/src/SHA1Builder.cpp.obj
[1837/2107] Building CXX object esp-idf/espressif__arduino-esp32/CMakeFiles/__idf_espressif__arduino-esp32.dir/libraries/Matter/src/MatterEndPoint.cpp.obj
[1838/2107] Building CXX object esp-idf/espressif__arduino-esp32/CMakeFiles/__idf_espressif__arduino-esp32.dir/libraries/FS/src/FS.cpp.obj
[1839/2107] Building CXX object esp-idf/espressif__arduino-esp32/CMakeFiles/__idf_espressif__arduino-esp32.dir/libraries/FFat/src/FFat.cpp.obj
[1840/2107] Building CXX object esp-idf/espressif__arduino-esp32/CMakeFiles/__idf_espressif__arduino-esp32.dir/libraries/OpenThread/src/OThreadCLI.cpp.obj
[1841/2107] Building CXX object esp-idf/espressif__arduino-esp32/CMakeFiles/__idf_espressif__arduino-esp32.dir/libraries/OpenThread/src/OThread.cpp.obj
[1842/2107] Building CXX object esp-idf/espressif__arduino-esp32/CMakeFiles/__idf_espressif__arduino-esp32.dir/libraries/Hash/src/PBKDF2_HMACBuilder.cpp.obj
[1843/2107] Building CXX object esp-idf/espressif__arduino-esp32/CMakeFiles/__idf_espressif__arduino-esp32.dir/libraries/OpenThread/src/OThreadCLI_Util.cpp.obj
[1844/2107] Building C object esp-idf/espressif__arduino-esp32/CMakeFiles/__idf_espressif__arduino-esp32.dir/libraries/PPP/src/ppp.c.obj
[1845/2107] Building CXX object esp-idf/espressif__arduino-esp32/CMakeFiles/__idf_espressif__arduino-esp32.dir/libraries/PPP/src/PPP.cpp.obj
[1846/2107] Building CXX object esp-idf/espressif__arduino-esp32/CMakeFiles/__idf_espressif__arduino-esp32.dir/libraries/Ethernet/src/ETH.cpp.obj
[1847/2107] Building CXX object esp-idf/espressif__arduino-esp32/CMakeFiles/__idf_espressif__arduino-esp32.dir/libraries/FS/src/vfs_api.cpp.obj
[1848/2107] Building CXX object esp-idf/espressif__arduino-esp32/CMakeFiles/__idf_espressif__arduino-esp32.dir/libraries/NetBIOS/src/NetBIOS.cpp.obj
[1849/2107] Building CXX object esp-idf/espressif__arduino-esp32/CMakeFiles/__idf_espressif__arduino-esp32.dir/libraries/Network/src/NetworkUdp.cpp.obj
[1850/2107] Building CXX object esp-idf/espressif__arduino-esp32/CMakeFiles/__idf_espressif__arduino-esp32.dir/libraries/Network/src/NetworkEvents.cpp.obj
[1851/2107] Building CXX object esp-idf/espressif__arduino-esp32/CMakeFiles/__idf_espressif__arduino-esp32.dir/libraries/RainMaker/src/RMakerParam.cpp.obj
[1852/2107] Building CXX object esp-idf/espressif__arduino-esp32/CMakeFiles/__idf_espressif__arduino-esp32.dir/libraries/Network/src/NetworkManager.cpp.obj
[1853/2107] Building CXX object esp-idf/espressif__arduino-esp32/CMakeFiles/__idf_espressif__arduino-esp32.dir/libraries/HTTPClient/src/HTTPClient.cpp.obj
[1854/2107] Building CXX object esp-idf/espressif__arduino-esp32/CMakeFiles/__idf_espressif__arduino-esp32.dir/libraries/RainMaker/src/AppInsights.cpp.obj
[1855/2107] Building CXX object esp-idf/espressif__arduino-esp32/CMakeFiles/__idf_espressif__arduino-esp32.dir/libraries/RainMaker/src/RMakerDevice.cpp.obj
[1856/2107] Building CXX object esp-idf/espressif__arduino-esp32/CMakeFiles/__idf_espressif__arduino-esp32.dir/libraries/RainMaker/src/RMakerType.cpp.obj
[1857/2107] Building CXX object esp-idf/espressif__arduino-esp32/CMakeFiles/__idf_espressif__arduino-esp32.dir/libraries/RainMaker/src/RMakerNode.cpp.obj
[1858/2107] Building CXX object esp-idf/espressif__arduino-esp32/CMakeFiles/__idf_espressif__arduino-esp32.dir/libraries/Network/src/NetworkServer.cpp.obj
[1859/2107] Building CXX object esp-idf/espressif__arduino-esp32/CMakeFiles/__idf_espressif__arduino-esp32.dir/libraries/Preferences/src/Preferences.cpp.obj
[1860/2107] Building CXX object esp-idf/espressif__arduino-esp32/CMakeFiles/__idf_espressif__arduino-esp32.dir/libraries/Network/src/NetworkInterface.cpp.obj
[1861/2107] Building CXX object esp-idf/espressif__arduino-esp32/CMakeFiles/__idf_espressif__arduino-esp32.dir/libraries/LittleFS/src/LittleFS.cpp.obj
[1862/2107] Building CXX object esp-idf/espressif__arduino-esp32/CMakeFiles/__idf_espressif__arduino-esp32.dir/libraries/USB/src/USBHID.cpp.obj
[1863/2107] Building CXX object esp-idf/espressif__arduino-esp32/CMakeFiles/__idf_espressif__arduino-esp32.dir/libraries/USB/src/USBMIDI.cpp.obj
[1864/2107] Building CXX object esp-idf/espressif__arduino-esp32/CMakeFiles/__idf_espressif__arduino-esp32.dir/libraries/HTTPUpdate/src/HTTPUpdate.cpp.obj
[1865/2107] Building CXX object esp-idf/espressif__arduino-esp32/CMakeFiles/__idf_espressif__arduino-esp32.dir/libraries/Network/src/NetworkClient.cpp.obj
[1866/2107] Building CXX object esp-idf/espressif__arduino-esp32/CMakeFiles/__idf_espressif__arduino-esp32.dir/libraries/Update/src/HttpsOTAUpdate.cpp.obj
[1867/2107] Building CXX object esp-idf/espressif__arduino-esp32/CMakeFiles/__idf_espressif__arduino-esp32.dir/libraries/USB/src/USBHIDKeyboard.cpp.obj
[1868/2107] Building CXX object esp-idf/espressif__arduino-esp32/CMakeFiles/__idf_espressif__arduino-esp32.dir/libraries/USB/src/USBHIDMouse.cpp.obj
[1869/2107] Building CXX object esp-idf/espressif__arduino-esp32/CMakeFiles/__idf_espressif__arduino-esp32.dir/libraries/RainMaker/src/RMakerQR.cpp.obj
[1870/2107] Building CXX object esp-idf/espressif__arduino-esp32/CMakeFiles/__idf_espressif__arduino-esp32.dir/libraries/Ticker/src/Ticker.cpp.obj
[1871/2107] Building CXX object esp-idf/espressif__arduino-esp32/CMakeFiles/__idf_espressif__arduino-esp32.dir/libraries/RainMaker/src/RMakerUtils.cpp.obj
[1872/2107] Building CXX object esp-idf/espressif__arduino-esp32/CMakeFiles/__idf_espressif__arduino-esp32.dir/libraries/SD/src/sd_diskio.cpp.obj
[1873/2107] Building CXX object esp-idf/espressif__arduino-esp32/CMakeFiles/__idf_espressif__arduino-esp32.dir/libraries/RainMaker/src/RMaker.cpp.obj
[1874/2107] Building CXX object esp-idf/espressif__arduino-esp32/CMakeFiles/__idf_espressif__arduino-esp32.dir/libraries/Update/src/Updater.cpp.obj
[1875/2107] Building CXX object esp-idf/espressif__arduino-esp32/CMakeFiles/__idf_espressif__arduino-esp32.dir/libraries/SimpleBLE/src/SimpleBLE.cpp.obj
[1876/2107] Building CXX object esp-idf/espressif__arduino-esp32/CMakeFiles/__idf_espressif__arduino-esp32.dir/libraries/USB/src/USBHIDGamepad.cpp.obj
[1877/2107] Building CXX object esp-idf/espressif__arduino-esp32/CMakeFiles/__idf_espressif__arduino-esp32.dir/libraries/USB/src/keyboardLayout/KeyboardLayout_de_DE.cpp.obj
[1878/2107] Building CXX object esp-idf/espressif__arduino-esp32/CMakeFiles/__idf_espressif__arduino-esp32.dir/libraries/USB/src/USBHIDConsumerControl.cpp.obj
[1879/2107] Building CXX object esp-idf/espressif__arduino-esp32/CMakeFiles/__idf_espressif__arduino-esp32.dir/libraries/USB/src/USBHIDSystemControl.cpp.obj
[1880/2107] Building CXX object esp-idf/espressif__arduino-esp32/CMakeFiles/__idf_espressif__arduino-esp32.dir/libraries/USB/src/USBVendor.cpp.obj
[1881/2107] Building CXX object esp-idf/espressif__arduino-esp32/CMakeFiles/__idf_espressif__arduino-esp32.dir/libraries/USB/src/USBHIDVendor.cpp.obj
[1882/2107] Building CXX object esp-idf/espressif__arduino-esp32/CMakeFiles/__idf_espressif__arduino-esp32.dir/libraries/SPI/src/SPI.cpp.obj
[1883/2107] Building CXX object esp-idf/espressif__arduino-esp32/CMakeFiles/__idf_espressif__arduino-esp32.dir/libraries/USB/src/keyboardLayout/KeyboardLayout_da_DK.cpp.obj
[1884/2107] Building CXX object esp-idf/espressif__arduino-esp32/CMakeFiles/__idf_espressif__arduino-esp32.dir/libraries/USB/src/keyboardLayout/KeyboardLayout_es_ES.cpp.obj
[1885/2107] Building CXX object esp-idf/espressif__arduino-esp32/CMakeFiles/__idf_espressif__arduino-esp32.dir/libraries/SPIFFS/src/SPIFFS.cpp.obj
[1886/2107] Building CXX object esp-idf/espressif__arduino-esp32/CMakeFiles/__idf_espressif__arduino-esp32.dir/libraries/USB/src/keyboardLayout/KeyboardLayout_en_US.cpp.obj
[1887/2107] Building CXX object esp-idf/espressif__arduino-esp32/CMakeFiles/__idf_espressif__arduino-esp32.dir/libraries/USB/src/keyboardLayout/KeyboardLayout_hu_HU.cpp.obj
[1888/2107] Building CXX object esp-idf/espressif__arduino-esp32/CMakeFiles/__idf_espressif__arduino-esp32.dir/libraries/SD_MMC/src/SD_MMC.cpp.obj
[1889/2107] Building CXX object esp-idf/espressif__arduino-esp32/CMakeFiles/__idf_espressif__arduino-esp32.dir/libraries/WebServer/src/middleware/MiddlewareChain.cpp.obj
[1890/2107] Building CXX object esp-idf/espressif__arduino-esp32/CMakeFiles/__idf_espressif__arduino-esp32.dir/libraries/USB/src/keyboardLayout/KeyboardLayout_pt_BR.cpp.obj
[1891/2107] Building CXX object esp-idf/espressif__arduino-esp32/CMakeFiles/__idf_espressif__arduino-esp32.dir/libraries/USB/src/keyboardLayout/KeyboardLayout_fr_FR.cpp.obj
[1892/2107] Building CXX object esp-idf/espressif__arduino-esp32/CMakeFiles/__idf_espressif__arduino-esp32.dir/libraries/SD/src/SD.cpp.obj
[1893/2107] Building CXX object esp-idf/espressif__arduino-esp32/CMakeFiles/__idf_espressif__arduino-esp32.dir/libraries/USB/src/keyboardLayout/KeyboardLayout_pt_PT.cpp.obj
[1894/2107] Building CXX object esp-idf/espressif__arduino-esp32/CMakeFiles/__idf_espressif__arduino-esp32.dir/libraries/USB/src/keyboardLayout/KeyboardLayout_it_IT.cpp.obj
[1895/2107] Building CXX object esp-idf/espressif__arduino-esp32/CMakeFiles/__idf_espressif__arduino-esp32.dir/libraries/USB/src/keyboardLayout/KeyboardLayout_sv_SE.cpp.obj
[1896/2107] Building CXX object esp-idf/espressif__arduino-esp32/CMakeFiles/__idf_espressif__arduino-esp32.dir/libraries/NetworkClientSecure/src/ssl_client.cpp.obj
/workspaces/PR-ESPIDFCodebase/managed_components/espressif__arduino-esp32/libraries/NetworkClientSecure/src/ssl_client.cpp:23:2: warning: #warning "Please call `idf.py menuconfig` then go to Component config -> mbedTLS -> TLS Key Exchange Methods -> Enable pre-shared-key ciphersuites and then check `Enable PSK based ciphersuite modes`. Save and Quit." [-Wcpp]
   23 | #warning \
      |  ^~~~~~~
[1897/2107] Building CXX object esp-idf/espressif__arduino-esp32/CMakeFiles/__idf_espressif__arduino-esp32.dir/libraries/WebServer/src/middleware/LoggingMiddleware.cpp.obj
[1898/2107] Building CXX object esp-idf/espressif__arduino-esp32/CMakeFiles/__idf_espressif__arduino-esp32.dir/libraries/WebServer/src/middleware/CorsMiddleware.cpp.obj
[1899/2107] Building CXX object esp-idf/espressif__arduino-esp32/CMakeFiles/__idf_espressif__arduino-esp32.dir/libraries/Zigbee/src/ZigbeeCore.cpp.obj
[1900/2107] Building CXX object esp-idf/espressif__arduino-esp32/CMakeFiles/__idf_espressif__arduino-esp32.dir/libraries/Zigbee/src/ZigbeeEP.cpp.obj
[1901/2107] Building CXX object esp-idf/espressif__arduino-esp32/CMakeFiles/__idf_espressif__arduino-esp32.dir/libraries/NetworkClientSecure/src/NetworkClientSecure.cpp.obj
[1902/2107] Building CXX object esp-idf/espressif__arduino-esp32/CMakeFiles/__idf_espressif__arduino-esp32.dir/libraries/WebServer/src/Parsing.cpp.obj
[1903/2107] Building CXX object esp-idf/espressif__arduino-esp32/CMakeFiles/__idf_espressif__arduino-esp32.dir/libraries/Zigbee/src/ep/ZigbeeColorDimmerSwitch.cpp.obj
[1904/2107] Building CXX object esp-idf/espressif__arduino-esp32/CMakeFiles/__idf_espressif__arduino-esp32.dir/libraries/WebServer/src/WebServer.cpp.obj
[1905/2107] Building CXX object esp-idf/espressif__arduino-esp32/CMakeFiles/__idf_espressif__arduino-esp32.dir/libraries/Zigbee/src/ep/ZigbeeDimmableLight.cpp.obj
[1906/2107] Building CXX object esp-idf/espressif__arduino-esp32/CMakeFiles/__idf_espressif__arduino-esp32.dir/libraries/Zigbee/src/ep/ZigbeeLight.cpp.obj
[1907/2107] Building CXX object esp-idf/espressif__arduino-esp32/CMakeFiles/__idf_espressif__arduino-esp32.dir/libraries/Zigbee/src/ep/ZigbeeSwitch.cpp.obj
[1908/2107] Building CXX object esp-idf/espressif__arduino-esp32/CMakeFiles/__idf_espressif__arduino-esp32.dir/libraries/WiFi/src/WiFiAP.cpp.obj
[1909/2107] Building CXX object esp-idf/espressif__arduino-esp32/CMakeFiles/__idf_espressif__arduino-esp32.dir/libraries/WiFi/src/WiFi.cpp.obj
[1910/2107] Building CXX object esp-idf/espressif__arduino-esp32/CMakeFiles/__idf_espressif__arduino-esp32.dir/libraries/Zigbee/src/ep/ZigbeeTempSensor.cpp.obj
[1911/2107] Building CXX object esp-idf/espressif__arduino-esp32/CMakeFiles/__idf_espressif__arduino-esp32.dir/libraries/Zigbee/src/ep/ZigbeeFlowSensor.cpp.obj
[1912/2107] Building CXX object esp-idf/espressif__arduino-esp32/CMakeFiles/__idf_espressif__arduino-esp32.dir/libraries/WebServer/src/middleware/AuthenticationMiddleware.cpp.obj
[1913/2107] Building CXX object esp-idf/espressif__arduino-esp32/CMakeFiles/__idf_espressif__arduino-esp32.dir/libraries/Zigbee/src/ep/ZigbeeOccupancySensor.cpp.obj
[1914/2107] Building CXX object esp-idf/espressif__arduino-esp32/CMakeFiles/__idf_espressif__arduino-esp32.dir/libraries/Zigbee/src/ep/ZigbeeThermostat.cpp.obj
[1915/2107] Building CXX object esp-idf/espressif__arduino-esp32/CMakeFiles/__idf_espressif__arduino-esp32.dir/libraries/Zigbee/src/ep/ZigbeeCarbonDioxideSensor.cpp.obj
[1916/2107] Building CXX object esp-idf/espressif__arduino-esp32/CMakeFiles/__idf_espressif__arduino-esp32.dir/libraries/Zigbee/src/ep/ZigbeeContactSwitch.cpp.obj
[1917/2107] Building CXX object esp-idf/espressif__arduino-esp32/CMakeFiles/__idf_espressif__arduino-esp32.dir/libraries/Zigbee/src/ep/ZigbeeDoorWindowHandle.cpp.obj
[1918/2107] Building CXX object esp-idf/espressif__arduino-esp32/CMakeFiles/__idf_espressif__arduino-esp32.dir/libraries/Zigbee/src/ep/ZigbeeColorDimmableLight.cpp.obj
[1919/2107] Building CXX object esp-idf/espressif__arduino-esp32/CMakeFiles/__idf_espressif__arduino-esp32.dir/libraries/Zigbee/src/ep/ZigbeePressureSensor.cpp.obj
[1920/2107] Building CXX object esp-idf/espressif__arduino-esp32/CMakeFiles/__idf_espressif__arduino-esp32.dir/libraries/Zigbee/src/ep/ZigbeeWindowCovering.cpp.obj
[1921/2107] Building CXX object esp-idf/espressif__arduino-esp32/CMakeFiles/__idf_espressif__arduino-esp32.dir/libraries/Zigbee/src/ep/ZigbeeAnalog.cpp.obj
[1922/2107] Building CXX object esp-idf/espressif__arduino-esp32/CMakeFiles/__idf_espressif__arduino-esp32.dir/libraries/WiFi/src/WiFiMulti.cpp.obj
[1923/2107] Building CXX object esp-idf/espressif__arduino-esp32/CMakeFiles/__idf_espressif__arduino-esp32.dir/libraries/Zigbee/src/ep/ZigbeeRangeExtender.cpp.obj
[1924/2107] Building CXX object esp-idf/espressif__arduino-esp32/CMakeFiles/__idf_espressif__arduino-esp32.dir/libraries/Zigbee/src/ep/ZigbeeGateway.cpp.obj
[1925/2107] Building CXX object esp-idf/espressif__arduino-esp32/CMakeFiles/__idf_espressif__arduino-esp32.dir/libraries/Zigbee/src/ep/ZigbeeIlluminanceSensor.cpp.obj
[1926/2107] Building CXX object esp-idf/espressif__arduino-esp32/CMakeFiles/__idf_espressif__arduino-esp32.dir/libraries/Zigbee/src/ep/ZigbeeElectricalMeasurement.cpp.obj
[1927/2107] Building CXX object esp-idf/espressif__arduino-esp32/CMakeFiles/__idf_espressif__arduino-esp32.dir/libraries/Zigbee/src/ep/ZigbeePM25Sensor.cpp.obj
[1928/2107] Building CXX object esp-idf/espressif__arduino-esp32/CMakeFiles/__idf_espressif__arduino-esp32.dir/libraries/WiFi/src/WiFiGeneric.cpp.obj
[1929/2107] Building CXX object esp-idf/espressif__arduino-esp32/CMakeFiles/__idf_espressif__arduino-esp32.dir/libraries/Zigbee/src/ep/ZigbeeWindSpeedSensor.cpp.obj
[1930/2107] Building CXX object esp-idf/espressif__arduino-esp32/CMakeFiles/__idf_espressif__arduino-esp32.dir/libraries/Zigbee/src/ep/ZigbeeVibrationSensor.cpp.obj
[1931/2107] Building CXX object esp-idf/espressif__arduino-esp32/CMakeFiles/__idf_espressif__arduino-esp32.dir/libraries/Zigbee/src/ep/ZigbeeFanControl.cpp.obj
[1932/2107] Building CXX object esp-idf/espressif__arduino-esp32/CMakeFiles/__idf_espressif__arduino-esp32.dir/libraries/WiFi/src/WiFiSTA.cpp.obj
[1933/2107] Building CXX object esp-idf/espressif__arduino-esp32/CMakeFiles/__idf_espressif__arduino-esp32.dir/libraries/Wire/src/Wire.cpp.obj
[1934/2107] Building CXX object esp-idf/espressif__arduino-esp32/CMakeFiles/__idf_espressif__arduino-esp32.dir/libraries/Zigbee/src/ep/ZigbeeMultistate.cpp.obj
[1935/2107] Building CXX object esp-idf/espressif__arduino-esp32/CMakeFiles/__idf_espressif__arduino-esp32.dir/libraries/Zigbee/src/ep/ZigbeeBinary.cpp.obj
[1936/2107] Building CXX object esp-idf/espressif__arduino-esp32/CMakeFiles/__idf_espressif__arduino-esp32.dir/libraries/Zigbee/src/ep/ZigbeePowerOutlet.cpp.obj
[1937/2107] Building CXX object esp-idf/espressif__arduino-esp32/CMakeFiles/__idf_espressif__arduino-esp32.dir/libraries/Zigbee/src/ZigbeeHandlers.cpp.obj
[1938/2107] Building CXX object esp-idf/fastled/CMakeFiles/__idf_fastled.dir/src/transpose8x1_noinline.cpp.obj
[1939/2107] Building CXX object esp-idf/fastled/CMakeFiles/__idf_fastled.dir/src/fl/allocator.cpp.obj
[1940/2107] Building CXX object esp-idf/fastled/CMakeFiles/__idf_fastled.dir/src/FastLED.cpp.obj
In file included from /workspaces/PR-ESPIDFCodebase/managed_components/fastled/src/fl/../lib8tion/math8.h:8,
                 from /workspaces/PR-ESPIDFCodebase/managed_components/fastled/src/fl/../lib8tion.h:234,
                 from /workspaces/PR-ESPIDFCodebase/managed_components/fastled/src/fl/../pixeltypes.h:7,
                 from /workspaces/PR-ESPIDFCodebase/managed_components/fastled/src/fl/fastled.h:61,
                 from /workspaces/PR-ESPIDFCodebase/managed_components/fastled/src/FastLED.h:82,
                 from /workspaces/PR-ESPIDFCodebase/managed_components/fastled/src/FastLED.cpp:2:
/workspaces/PR-ESPIDFCodebase/managed_components/fastled/src/platforms/math8.h: In function 'uint8_t fl::sqrt8(uint8_t)':
/workspaces/PR-ESPIDFCodebase/managed_components/fastled/src/platforms/math8.h:79:29: warning: 'uint16_t fl::map8_to_16(uint8_t)' is deprecated: Use fl::int_scale<uint8_t, uint16_t>(x) instead [-Wdeprecated-declarations]
   79 |     return sqrt16(map8_to_16(x));
      |                   ~~~~~~~~~~^~~
In file included from /workspaces/PR-ESPIDFCodebase/managed_components/fastled/src/fl/../lib8tion/math8.h:5:
/workspaces/PR-ESPIDFCodebase/managed_components/fastled/src/fl/../lib8tion/intmap.h:52:17: note: declared here
   52 | inline uint16_t map8_to_16(uint8_t x) {
      |                 ^~~~~~~~~~
In file included from /workspaces/PR-ESPIDFCodebase/managed_components/fastled/src/fl/fastled.h:66:
/workspaces/PR-ESPIDFCodebase/managed_components/fastled/src/fl/../pixel_controller.h: In member function 'void PixelController<RGB_ORDER, LANES, MASK>::loadAndScale_WS2816_HD(uint16_t*, uint16_t*, uint16_t*)':
/workspaces/PR-ESPIDFCodebase/managed_components/fastled/src/fl/../pixel_controller.h:533:38: warning: 'uint16_t fl::map8_to_16(uint8_t)' is deprecated: Use fl::int_scale<uint8_t, uint16_t>(x) instead [-Wdeprecated-declarations]
  533 |         uint16_t r16 = fl::map8_to_16(mData[0]);
      |                        ~~~~~~~~~~~~~~^~~~~~~~~~
/workspaces/PR-ESPIDFCodebase/managed_components/fastled/src/fl/../lib8tion/intmap.h:52:17: note: declared here
   52 | inline uint16_t map8_to_16(uint8_t x) {
      |                 ^~~~~~~~~~
/workspaces/PR-ESPIDFCodebase/managed_components/fastled/src/fl/../pixel_controller.h:534:38: warning: 'uint16_t fl::map8_to_16(uint8_t)' is deprecated: Use fl::int_scale<uint8_t, uint16_t>(x) instead [-Wdeprecated-declarations]
  534 |         uint16_t g16 = fl::map8_to_16(mData[1]);
      |                        ~~~~~~~~~~~~~~^~~~~~~~~~
/workspaces/PR-ESPIDFCodebase/managed_components/fastled/src/fl/../lib8tion/intmap.h:52:17: note: declared here
   52 | inline uint16_t map8_to_16(uint8_t x) {
      |                 ^~~~~~~~~~
/workspaces/PR-ESPIDFCodebase/managed_components/fastled/src/fl/../pixel_controller.h:535:38: warning: 'uint16_t fl::map8_to_16(uint8_t)' is deprecated: Use fl::int_scale<uint8_t, uint16_t>(x) instead [-Wdeprecated-declarations]
  535 |         uint16_t b16 = fl::map8_to_16(mData[2]);
      |                        ~~~~~~~~~~~~~~^~~~~~~~~~
/workspaces/PR-ESPIDFCodebase/managed_components/fastled/src/fl/../lib8tion/intmap.h:52:17: note: declared here
   52 | inline uint16_t map8_to_16(uint8_t x) {
      |                 ^~~~~~~~~~
In file included from /workspaces/PR-ESPIDFCodebase/managed_components/fastled/src/fl/../platforms/fastpin.h:28,
                 from /workspaces/PR-ESPIDFCodebase/managed_components/fastled/src/fl/fastpin.h:32,
                 from /workspaces/PR-ESPIDFCodebase/managed_components/fastled/src/fl/../platforms/esp/32/fastpin_esp32.h:7,
                 from /workspaces/PR-ESPIDFCodebase/managed_components/fastled/src/fl/../platforms/esp/32/fastled_esp32.h:4,
                 from /workspaces/PR-ESPIDFCodebase/managed_components/fastled/src/fl/../platforms.h:48,
                 from /workspaces/PR-ESPIDFCodebase/managed_components/fastled/src/fl/fastled.h:83:
/workspaces/PR-ESPIDFCodebase/managed_components/fastled/src/platforms/generic_pin.h: At global scope:
/workspaces/PR-ESPIDFCodebase/managed_components/fastled/src/platforms/generic_pin.h:101:9: warning: type qualifiers ignored on function return type [-Wignored-qualifiers]
  101 |         port_t hival() __attribute__ ((always_inline)) {
      |         ^~~~~~
/workspaces/PR-ESPIDFCodebase/managed_components/fastled/src/platforms/generic_pin.h:106:9: warning: type qualifiers ignored on function return type [-Wignored-qualifiers]
  106 |         port_t loval() __attribute__ ((always_inline)) {
      |         ^~~~~~
/workspaces/PR-ESPIDFCodebase/managed_components/fastled/src/platforms/generic_pin.h:113:9: warning: type qualifiers ignored on function return type [-Wignored-qualifiers]
  113 |         port_t mask() __attribute__ ((always_inline)) { return mPinMask; }
      |         ^~~~~~
[1941/2107] Building CXX object esp-idf/espressif__arduino-esp32/CMakeFiles/__idf_espressif__arduino-esp32.dir/libraries/WiFi/src/AP.cpp.obj
[1942/2107] Building CXX object esp-idf/espressif__arduino-esp32/CMakeFiles/__idf_espressif__arduino-esp32.dir/libraries/WiFiProv/src/WiFiProv.cpp.obj
[1943/2107] Building CXX object esp-idf/fastled/CMakeFiles/__idf_fastled.dir/src/fl/async.cpp.obj
[1944/2107] Building CXX object esp-idf/fastled/CMakeFiles/__idf_fastled.dir/src/hsv2rgb.cpp.obj
In file included from /workspaces/PR-ESPIDFCodebase/managed_components/fastled/src/fl/../lib8tion/math8.h:8,
                 from /workspaces/PR-ESPIDFCodebase/managed_components/fastled/src/fl/../lib8tion.h:234,
                 from /workspaces/PR-ESPIDFCodebase/managed_components/fastled/src/fl/../pixeltypes.h:7,
                 from /workspaces/PR-ESPIDFCodebase/managed_components/fastled/src/fl/fastled.h:61,
                 from /workspaces/PR-ESPIDFCodebase/managed_components/fastled/src/hsv2rgb.cpp:8:
/workspaces/PR-ESPIDFCodebase/managed_components/fastled/src/platforms/math8.h: In function 'uint8_t fl::sqrt8(uint8_t)':
/workspaces/PR-ESPIDFCodebase/managed_components/fastled/src/platforms/math8.h:79:29: warning: 'uint16_t fl::map8_to_16(uint8_t)' is deprecated: Use fl::int_scale<uint8_t, uint16_t>(x) instead [-Wdeprecated-declarations]
   79 |     return sqrt16(map8_to_16(x));
      |                   ~~~~~~~~~~^~~
In file included from /workspaces/PR-ESPIDFCodebase/managed_components/fastled/src/fl/../lib8tion/math8.h:5:
/workspaces/PR-ESPIDFCodebase/managed_components/fastled/src/fl/../lib8tion/intmap.h:52:17: note: declared here
   52 | inline uint16_t map8_to_16(uint8_t x) {
      |                 ^~~~~~~~~~
In file included from /workspaces/PR-ESPIDFCodebase/managed_components/fastled/src/fl/fastled.h:66:
/workspaces/PR-ESPIDFCodebase/managed_components/fastled/src/fl/../pixel_controller.h: In member function 'void PixelController<RGB_ORDER, LANES, MASK>::loadAndScale_WS2816_HD(uint16_t*, uint16_t*, uint16_t*)':
/workspaces/PR-ESPIDFCodebase/managed_components/fastled/src/fl/../pixel_controller.h:533:38: warning: 'uint16_t fl::map8_to_16(uint8_t)' is deprecated: Use fl::int_scale<uint8_t, uint16_t>(x) instead [-Wdeprecated-declarations]
  533 |         uint16_t r16 = fl::map8_to_16(mData[0]);
      |                        ~~~~~~~~~~~~~~^~~~~~~~~~
/workspaces/PR-ESPIDFCodebase/managed_components/fastled/src/fl/../lib8tion/intmap.h:52:17: note: declared here
   52 | inline uint16_t map8_to_16(uint8_t x) {
      |                 ^~~~~~~~~~
/workspaces/PR-ESPIDFCodebase/managed_components/fastled/src/fl/../pixel_controller.h:534:38: warning: 'uint16_t fl::map8_to_16(uint8_t)' is deprecated: Use fl::int_scale<uint8_t, uint16_t>(x) instead [-Wdeprecated-declarations]
  534 |         uint16_t g16 = fl::map8_to_16(mData[1]);
      |                        ~~~~~~~~~~~~~~^~~~~~~~~~
/workspaces/PR-ESPIDFCodebase/managed_components/fastled/src/fl/../lib8tion/intmap.h:52:17: note: declared here
   52 | inline uint16_t map8_to_16(uint8_t x) {
      |                 ^~~~~~~~~~
/workspaces/PR-ESPIDFCodebase/managed_components/fastled/src/fl/../pixel_controller.h:535:38: warning: 'uint16_t fl::map8_to_16(uint8_t)' is deprecated: Use fl::int_scale<uint8_t, uint16_t>(x) instead [-Wdeprecated-declarations]
  535 |         uint16_t b16 = fl::map8_to_16(mData[2]);
      |                        ~~~~~~~~~~~~~~^~~~~~~~~~
/workspaces/PR-ESPIDFCodebase/managed_components/fastled/src/fl/../lib8tion/intmap.h:52:17: note: declared here
   52 | inline uint16_t map8_to_16(uint8_t x) {
      |                 ^~~~~~~~~~
In file included from /workspaces/PR-ESPIDFCodebase/managed_components/fastled/src/fl/../fl/../platforms/fastpin.h:28,
                 from /workspaces/PR-ESPIDFCodebase/managed_components/fastled/src/fl/../fl/fastpin.h:32,
                 from /workspaces/PR-ESPIDFCodebase/managed_components/fastled/src/fl/../fastpin.h:11,
                 from /workspaces/PR-ESPIDFCodebase/managed_components/fastled/src/fl/../FastLED.h:101,
                 from /workspaces/PR-ESPIDFCodebase/managed_components/fastled/src/fl/../platforms.h:3,
                 from /workspaces/PR-ESPIDFCodebase/managed_components/fastled/src/fl/fastled.h:83:
/workspaces/PR-ESPIDFCodebase/managed_components/fastled/src/platforms/generic_pin.h: At global scope:
/workspaces/PR-ESPIDFCodebase/managed_components/fastled/src/platforms/generic_pin.h:101:9: warning: type qualifiers ignored on function return type [-Wignored-qualifiers]
  101 |         port_t hival() __attribute__ ((always_inline)) {
      |         ^~~~~~
/workspaces/PR-ESPIDFCodebase/managed_components/fastled/src/platforms/generic_pin.h:106:9: warning: type qualifiers ignored on function return type [-Wignored-qualifiers]
  106 |         port_t loval() __attribute__ ((always_inline)) {
      |         ^~~~~~
/workspaces/PR-ESPIDFCodebase/managed_components/fastled/src/platforms/generic_pin.h:113:9: warning: type qualifiers ignored on function return type [-Wignored-qualifiers]
  113 |         port_t mask() __attribute__ ((always_inline)) { return mPinMask; }
      |         ^~~~~~
[1945/2107] Building CXX object esp-idf/espressif__arduino-esp32/CMakeFiles/__idf_espressif__arduino-esp32.dir/libraries/WiFi/src/WiFiScan.cpp.obj
[1946/2107] Building CXX object esp-idf/fastled/CMakeFiles/__idf_fastled.dir/src/fastled_delay.cpp.obj
In file included from /workspaces/PR-ESPIDFCodebase/managed_components/fastled/src/fl/../lib8tion/math8.h:8,
                 from /workspaces/PR-ESPIDFCodebase/managed_components/fastled/src/fl/../lib8tion.h:234,
                 from /workspaces/PR-ESPIDFCodebase/managed_components/fastled/src/fl/../pixeltypes.h:7,
                 from /workspaces/PR-ESPIDFCodebase/managed_components/fastled/src/fl/fastled.h:61,
                 from /workspaces/PR-ESPIDFCodebase/managed_components/fastled/src/fastled_delay.cpp:6:
/workspaces/PR-ESPIDFCodebase/managed_components/fastled/src/platforms/math8.h: In function 'uint8_t fl::sqrt8(uint8_t)':
/workspaces/PR-ESPIDFCodebase/managed_components/fastled/src/platforms/math8.h:79:29: warning: 'uint16_t fl::map8_to_16(uint8_t)' is deprecated: Use fl::int_scale<uint8_t, uint16_t>(x) instead [-Wdeprecated-declarations]
   79 |     return sqrt16(map8_to_16(x));
      |                   ~~~~~~~~~~^~~
In file included from /workspaces/PR-ESPIDFCodebase/managed_components/fastled/src/fl/../lib8tion/math8.h:5:
/workspaces/PR-ESPIDFCodebase/managed_components/fastled/src/fl/../lib8tion/intmap.h:52:17: note: declared here
   52 | inline uint16_t map8_to_16(uint8_t x) {
      |                 ^~~~~~~~~~
In file included from /workspaces/PR-ESPIDFCodebase/managed_components/fastled/src/fl/fastled.h:66:
/workspaces/PR-ESPIDFCodebase/managed_components/fastled/src/fl/../pixel_controller.h: In member function 'void PixelController<RGB_ORDER, LANES, MASK>::loadAndScale_WS2816_HD(uint16_t*, uint16_t*, uint16_t*)':
/workspaces/PR-ESPIDFCodebase/managed_components/fastled/src/fl/../pixel_controller.h:533:38: warning: 'uint16_t fl::map8_to_16(uint8_t)' is deprecated: Use fl::int_scale<uint8_t, uint16_t>(x) instead [-Wdeprecated-declarations]
  533 |         uint16_t r16 = fl::map8_to_16(mData[0]);
      |                        ~~~~~~~~~~~~~~^~~~~~~~~~
/workspaces/PR-ESPIDFCodebase/managed_components/fastled/src/fl/../lib8tion/intmap.h:52:17: note: declared here
   52 | inline uint16_t map8_to_16(uint8_t x) {
      |                 ^~~~~~~~~~
/workspaces/PR-ESPIDFCodebase/managed_components/fastled/src/fl/../pixel_controller.h:534:38: warning: 'uint16_t fl::map8_to_16(uint8_t)' is deprecated: Use fl::int_scale<uint8_t, uint16_t>(x) instead [-Wdeprecated-declarations]
  534 |         uint16_t g16 = fl::map8_to_16(mData[1]);
      |                        ~~~~~~~~~~~~~~^~~~~~~~~~
/workspaces/PR-ESPIDFCodebase/managed_components/fastled/src/fl/../lib8tion/intmap.h:52:17: note: declared here
   52 | inline uint16_t map8_to_16(uint8_t x) {
      |                 ^~~~~~~~~~
/workspaces/PR-ESPIDFCodebase/managed_components/fastled/src/fl/../pixel_controller.h:535:38: warning: 'uint16_t fl::map8_to_16(uint8_t)' is deprecated: Use fl::int_scale<uint8_t, uint16_t>(x) instead [-Wdeprecated-declarations]
  535 |         uint16_t b16 = fl::map8_to_16(mData[2]);
      |                        ~~~~~~~~~~~~~~^~~~~~~~~~
/workspaces/PR-ESPIDFCodebase/managed_components/fastled/src/fl/../lib8tion/intmap.h:52:17: note: declared here
   52 | inline uint16_t map8_to_16(uint8_t x) {
      |                 ^~~~~~~~~~
In file included from /workspaces/PR-ESPIDFCodebase/managed_components/fastled/src/fl/../fl/../platforms/fastpin.h:28,
                 from /workspaces/PR-ESPIDFCodebase/managed_components/fastled/src/fl/../fl/fastpin.h:32,
                 from /workspaces/PR-ESPIDFCodebase/managed_components/fastled/src/fl/../fastpin.h:11,
                 from /workspaces/PR-ESPIDFCodebase/managed_components/fastled/src/fl/../FastLED.h:101,
                 from /workspaces/PR-ESPIDFCodebase/managed_components/fastled/src/fl/../platforms.h:3,
                 from /workspaces/PR-ESPIDFCodebase/managed_components/fastled/src/fl/fastled.h:83:
/workspaces/PR-ESPIDFCodebase/managed_components/fastled/src/platforms/generic_pin.h: At global scope:
/workspaces/PR-ESPIDFCodebase/managed_components/fastled/src/platforms/generic_pin.h:101:9: warning: type qualifiers ignored on function return type [-Wignored-qualifiers]
  101 |         port_t hival() __attribute__ ((always_inline)) {
      |         ^~~~~~
/workspaces/PR-ESPIDFCodebase/managed_components/fastled/src/platforms/generic_pin.h:106:9: warning: type qualifiers ignored on function return type [-Wignored-qualifiers]
  106 |         port_t loval() __attribute__ ((always_inline)) {
      |         ^~~~~~
/workspaces/PR-ESPIDFCodebase/managed_components/fastled/src/platforms/generic_pin.h:113:9: warning: type qualifiers ignored on function return type [-Wignored-qualifiers]
  113 |         port_t mask() __attribute__ ((always_inline)) { return mPinMask; }
      |         ^~~~~~
[1947/2107] Building CXX object esp-idf/fastled/CMakeFiles/__idf_fastled.dir/src/crgb.cpp.obj
In file included from /workspaces/PR-ESPIDFCodebase/managed_components/fastled/src/fl/../lib8tion/math8.h:8,
                 from /workspaces/PR-ESPIDFCodebase/managed_components/fastled/src/fl/../lib8tion.h:234,
                 from /workspaces/PR-ESPIDFCodebase/managed_components/fastled/src/fl/../pixeltypes.h:7,
                 from /workspaces/PR-ESPIDFCodebase/managed_components/fastled/src/fl/fastled.h:61,
                 from /workspaces/PR-ESPIDFCodebase/managed_components/fastled/src/crgb.cpp:6:
/workspaces/PR-ESPIDFCodebase/managed_components/fastled/src/platforms/math8.h: In function 'uint8_t fl::sqrt8(uint8_t)':
/workspaces/PR-ESPIDFCodebase/managed_components/fastled/src/platforms/math8.h:79:29: warning: 'uint16_t fl::map8_to_16(uint8_t)' is deprecated: Use fl::int_scale<uint8_t, uint16_t>(x) instead [-Wdeprecated-declarations]
   79 |     return sqrt16(map8_to_16(x));
      |                   ~~~~~~~~~~^~~
In file included from /workspaces/PR-ESPIDFCodebase/managed_components/fastled/src/fl/../lib8tion/math8.h:5:
/workspaces/PR-ESPIDFCodebase/managed_components/fastled/src/fl/../lib8tion/intmap.h:52:17: note: declared here
   52 | inline uint16_t map8_to_16(uint8_t x) {
      |                 ^~~~~~~~~~
In file included from /workspaces/PR-ESPIDFCodebase/managed_components/fastled/src/fl/fastled.h:66:
/workspaces/PR-ESPIDFCodebase/managed_components/fastled/src/fl/../pixel_controller.h: In member function 'void PixelController<RGB_ORDER, LANES, MASK>::loadAndScale_WS2816_HD(uint16_t*, uint16_t*, uint16_t*)':
/workspaces/PR-ESPIDFCodebase/managed_components/fastled/src/fl/../pixel_controller.h:533:38: warning: 'uint16_t fl::map8_to_16(uint8_t)' is deprecated: Use fl::int_scale<uint8_t, uint16_t>(x) instead [-Wdeprecated-declarations]
  533 |         uint16_t r16 = fl::map8_to_16(mData[0]);
      |                        ~~~~~~~~~~~~~~^~~~~~~~~~
/workspaces/PR-ESPIDFCodebase/managed_components/fastled/src/fl/../lib8tion/intmap.h:52:17: note: declared here
   52 | inline uint16_t map8_to_16(uint8_t x) {
      |                 ^~~~~~~~~~
/workspaces/PR-ESPIDFCodebase/managed_components/fastled/src/fl/../pixel_controller.h:534:38: warning: 'uint16_t fl::map8_to_16(uint8_t)' is deprecated: Use fl::int_scale<uint8_t, uint16_t>(x) instead [-Wdeprecated-declarations]
  534 |         uint16_t g16 = fl::map8_to_16(mData[1]);
      |                        ~~~~~~~~~~~~~~^~~~~~~~~~
/workspaces/PR-ESPIDFCodebase/managed_components/fastled/src/fl/../lib8tion/intmap.h:52:17: note: declared here
   52 | inline uint16_t map8_to_16(uint8_t x) {
      |                 ^~~~~~~~~~
/workspaces/PR-ESPIDFCodebase/managed_components/fastled/src/fl/../pixel_controller.h:535:38: warning: 'uint16_t fl::map8_to_16(uint8_t)' is deprecated: Use fl::int_scale<uint8_t, uint16_t>(x) instead [-Wdeprecated-declarations]
  535 |         uint16_t b16 = fl::map8_to_16(mData[2]);
      |                        ~~~~~~~~~~~~~~^~~~~~~~~~
/workspaces/PR-ESPIDFCodebase/managed_components/fastled/src/fl/../lib8tion/intmap.h:52:17: note: declared here
   52 | inline uint16_t map8_to_16(uint8_t x) {
      |                 ^~~~~~~~~~
In file included from /workspaces/PR-ESPIDFCodebase/managed_components/fastled/src/fl/../fl/../platforms/fastpin.h:28,
                 from /workspaces/PR-ESPIDFCodebase/managed_components/fastled/src/fl/../fl/fastpin.h:32,
                 from /workspaces/PR-ESPIDFCodebase/managed_components/fastled/src/fl/../fastpin.h:11,
                 from /workspaces/PR-ESPIDFCodebase/managed_components/fastled/src/fl/../FastLED.h:101,
                 from /workspaces/PR-ESPIDFCodebase/managed_components/fastled/src/fl/../platforms.h:3,
                 from /workspaces/PR-ESPIDFCodebase/managed_components/fastled/src/fl/fastled.h:83:
/workspaces/PR-ESPIDFCodebase/managed_components/fastled/src/platforms/generic_pin.h: At global scope:
/workspaces/PR-ESPIDFCodebase/managed_components/fastled/src/platforms/generic_pin.h:101:9: warning: type qualifiers ignored on function return type [-Wignored-qualifiers]
  101 |         port_t hival() __attribute__ ((always_inline)) {
      |         ^~~~~~
/workspaces/PR-ESPIDFCodebase/managed_components/fastled/src/platforms/generic_pin.h:106:9: warning: type qualifiers ignored on function return type [-Wignored-qualifiers]
  106 |         port_t loval() __attribute__ ((always_inline)) {
      |         ^~~~~~
/workspaces/PR-ESPIDFCodebase/managed_components/fastled/src/platforms/generic_pin.h:113:9: warning: type qualifiers ignored on function return type [-Wignored-qualifiers]
  113 |         port_t mask() __attribute__ ((always_inline)) { return mPinMask; }
      |         ^~~~~~
[1948/2107] Building CXX object esp-idf/fastled/CMakeFiles/__idf_fastled.dir/src/fl/bitset.cpp.obj
[1949/2107] Building CXX object esp-idf/fastled/CMakeFiles/__idf_fastled.dir/src/fl/audio_input.cpp.obj
In file included from /workspaces/PR-ESPIDFCodebase/managed_components/fastled/src/platforms/esp/32/audio/devices/i2s.hpp:19,
                 from /workspaces/PR-ESPIDFCodebase/managed_components/fastled/src/platforms/esp/32/audio/audio_impl.hpp:3,
                 from /workspaces/PR-ESPIDFCodebase/managed_components/fastled/src/fl/audio_input.cpp:42:
/workspaces/PR-ESPIDFCodebase/managed_components/fastled/src/platforms/esp/32/audio/devices/idf5_i2s_context.hpp: In function 'fl::esp_i2s::I2SContext fl::esp_i2s::make_context(const fl::AudioConfigI2S&)':
/workspaces/PR-ESPIDFCodebase/managed_components/fastled/src/platforms/esp/32/audio/devices/idf5_i2s_context.hpp:110:61: warning: missing initializer for member 'i2s_std_gpio_config_t::mclk' [-Wmissing-field-initializers]
  110 |                      .din = static_cast<gpio_num_t>(pin_sd)}};
      |                                                             ^
/workspaces/PR-ESPIDFCodebase/managed_components/fastled/src/platforms/esp/32/audio/devices/idf5_i2s_context.hpp:110:61: warning: missing initializer for member 'i2s_std_gpio_config_t::invert_flags' [-Wmissing-field-initializers]
[1950/2107] Building CXX object esp-idf/fastled/CMakeFiles/__idf_fastled.dir/src/cled_controller.cpp.obj
In file included from /workspaces/PR-ESPIDFCodebase/managed_components/fastled/src/fl/../lib8tion/math8.h:8,
                 from /workspaces/PR-ESPIDFCodebase/managed_components/fastled/src/fl/../lib8tion.h:234,
                 from /workspaces/PR-ESPIDFCodebase/managed_components/fastled/src/fl/../pixeltypes.h:7,
                 from /workspaces/PR-ESPIDFCodebase/managed_components/fastled/src/fl/fastled.h:61,
                 from /workspaces/PR-ESPIDFCodebase/managed_components/fastled/src/cled_controller.cpp:5:
/workspaces/PR-ESPIDFCodebase/managed_components/fastled/src/platforms/math8.h: In function 'uint8_t fl::sqrt8(uint8_t)':
/workspaces/PR-ESPIDFCodebase/managed_components/fastled/src/platforms/math8.h:79:29: warning: 'uint16_t fl::map8_to_16(uint8_t)' is deprecated: Use fl::int_scale<uint8_t, uint16_t>(x) instead [-Wdeprecated-declarations]
   79 |     return sqrt16(map8_to_16(x));
      |                   ~~~~~~~~~~^~~
In file included from /workspaces/PR-ESPIDFCodebase/managed_components/fastled/src/fl/../lib8tion/math8.h:5:
/workspaces/PR-ESPIDFCodebase/managed_components/fastled/src/fl/../lib8tion/intmap.h:52:17: note: declared here
   52 | inline uint16_t map8_to_16(uint8_t x) {
      |                 ^~~~~~~~~~
In file included from /workspaces/PR-ESPIDFCodebase/managed_components/fastled/src/fl/fastled.h:66:
/workspaces/PR-ESPIDFCodebase/managed_components/fastled/src/fl/../pixel_controller.h: In member function 'void PixelController<RGB_ORDER, LANES, MASK>::loadAndScale_WS2816_HD(uint16_t*, uint16_t*, uint16_t*)':
/workspaces/PR-ESPIDFCodebase/managed_components/fastled/src/fl/../pixel_controller.h:533:38: warning: 'uint16_t fl::map8_to_16(uint8_t)' is deprecated: Use fl::int_scale<uint8_t, uint16_t>(x) instead [-Wdeprecated-declarations]
  533 |         uint16_t r16 = fl::map8_to_16(mData[0]);
      |                        ~~~~~~~~~~~~~~^~~~~~~~~~
/workspaces/PR-ESPIDFCodebase/managed_components/fastled/src/fl/../lib8tion/intmap.h:52:17: note: declared here
   52 | inline uint16_t map8_to_16(uint8_t x) {
      |                 ^~~~~~~~~~
/workspaces/PR-ESPIDFCodebase/managed_components/fastled/src/fl/../pixel_controller.h:534:38: warning: 'uint16_t fl::map8_to_16(uint8_t)' is deprecated: Use fl::int_scale<uint8_t, uint16_t>(x) instead [-Wdeprecated-declarations]
  534 |         uint16_t g16 = fl::map8_to_16(mData[1]);
      |                        ~~~~~~~~~~~~~~^~~~~~~~~~
/workspaces/PR-ESPIDFCodebase/managed_components/fastled/src/fl/../lib8tion/intmap.h:52:17: note: declared here
   52 | inline uint16_t map8_to_16(uint8_t x) {
      |                 ^~~~~~~~~~
/workspaces/PR-ESPIDFCodebase/managed_components/fastled/src/fl/../pixel_controller.h:535:38: warning: 'uint16_t fl::map8_to_16(uint8_t)' is deprecated: Use fl::int_scale<uint8_t, uint16_t>(x) instead [-Wdeprecated-declarations]
  535 |         uint16_t b16 = fl::map8_to_16(mData[2]);
      |                        ~~~~~~~~~~~~~~^~~~~~~~~~
/workspaces/PR-ESPIDFCodebase/managed_components/fastled/src/fl/../lib8tion/intmap.h:52:17: note: declared here
   52 | inline uint16_t map8_to_16(uint8_t x) {
      |                 ^~~~~~~~~~
In file included from /workspaces/PR-ESPIDFCodebase/managed_components/fastled/src/fl/../fl/../platforms/fastpin.h:28,
                 from /workspaces/PR-ESPIDFCodebase/managed_components/fastled/src/fl/../fl/fastpin.h:32,
                 from /workspaces/PR-ESPIDFCodebase/managed_components/fastled/src/fl/../fastpin.h:11,
                 from /workspaces/PR-ESPIDFCodebase/managed_components/fastled/src/fl/../FastLED.h:101,
                 from /workspaces/PR-ESPIDFCodebase/managed_components/fastled/src/fl/../platforms.h:3,
                 from /workspaces/PR-ESPIDFCodebase/managed_components/fastled/src/fl/fastled.h:83:
/workspaces/PR-ESPIDFCodebase/managed_components/fastled/src/platforms/generic_pin.h: At global scope:
/workspaces/PR-ESPIDFCodebase/managed_components/fastled/src/platforms/generic_pin.h:101:9: warning: type qualifiers ignored on function return type [-Wignored-qualifiers]
  101 |         port_t hival() __attribute__ ((always_inline)) {
      |         ^~~~~~
/workspaces/PR-ESPIDFCodebase/managed_components/fastled/src/platforms/generic_pin.h:106:9: warning: type qualifiers ignored on function return type [-Wignored-qualifiers]
  106 |         port_t loval() __attribute__ ((always_inline)) {
      |         ^~~~~~
/workspaces/PR-ESPIDFCodebase/managed_components/fastled/src/platforms/generic_pin.h:113:9: warning: type qualifiers ignored on function return type [-Wignored-qualifiers]
  113 |         port_t mask() __attribute__ ((always_inline)) { return mPinMask; }
      |         ^~~~~~
[1951/2107] Building CXX object esp-idf/fastled/CMakeFiles/__idf_fastled.dir/src/fl/audio.cpp.obj
[1952/2107] Building CXX object esp-idf/fastled/CMakeFiles/__idf_fastled.dir/src/fl/bytestreammemory.cpp.obj
[1953/2107] Building CXX object esp-idf/fastled/CMakeFiles/__idf_fastled.dir/src/fl/crgb_hsv16.cpp.obj
[1954/2107] Building CXX object esp-idf/fastled/CMakeFiles/__idf_fastled.dir/src/fl/crgb_hsv8.cpp.obj
[1955/2107] Building CXX object esp-idf/fastled/CMakeFiles/__idf_fastled.dir/src/fl/corkscrew.cpp.obj
/workspaces/PR-ESPIDFCodebase/managed_components/fastled/src/fl/corkscrew.cpp: In member function 'void fl::Corkscrew::readFromMulti(const fl::Grid<fl::rgb8>&) const':
/workspaces/PR-ESPIDFCodebase/managed_components/fastled/src/fl/corkscrew.cpp:420:27: warning: comparison is always true due to limited range of data type [-Wtype-limits]
  420 |                 if (pos.x >= 0 && pos.x < width &&
      |                     ~~~~~~^~~~
/workspaces/PR-ESPIDFCodebase/managed_components/fastled/src/fl/corkscrew.cpp:421:27: warning: comparison is always true due to limited range of data type [-Wtype-limits]
  421 |                     pos.y >= 0 && pos.y < height) {
      |                     ~~~~~~^~~~
[1956/2107] Building CXX object esp-idf/espressif__arduino-esp32/CMakeFiles/__idf_espressif__arduino-esp32.dir/libraries/WiFi/src/STA.cpp.obj
[1957/2107] Building CXX object esp-idf/fastled/CMakeFiles/__idf_fastled.dir/src/fl/downscale.cpp.obj
[1958/2107] Building CXX object esp-idf/fastled/CMakeFiles/__idf_fastled.dir/src/fl/audio_reactive.cpp.obj
[1959/2107] Building CXX object esp-idf/fastled/CMakeFiles/__idf_fastled.dir/src/fl/cstring.cpp.obj
[1960/2107] Building CXX object esp-idf/fastled/CMakeFiles/__idf_fastled.dir/src/lib8tion.cpp.obj
In file included from /workspaces/PR-ESPIDFCodebase/managed_components/fastled/src/fl/../lib8tion/math8.h:8,
                 from /workspaces/PR-ESPIDFCodebase/managed_components/fastled/src/fl/../lib8tion.h:234,
                 from /workspaces/PR-ESPIDFCodebase/managed_components/fastled/src/fl/../pixeltypes.h:7,
                 from /workspaces/PR-ESPIDFCodebase/managed_components/fastled/src/fl/fastled.h:61,
                 from /workspaces/PR-ESPIDFCodebase/managed_components/fastled/src/lib8tion.cpp:11:
/workspaces/PR-ESPIDFCodebase/managed_components/fastled/src/platforms/math8.h: In function 'uint8_t fl::sqrt8(uint8_t)':
/workspaces/PR-ESPIDFCodebase/managed_components/fastled/src/platforms/math8.h:79:29: warning: 'uint16_t fl::map8_to_16(uint8_t)' is deprecated: Use fl::int_scale<uint8_t, uint16_t>(x) instead [-Wdeprecated-declarations]
   79 |     return sqrt16(map8_to_16(x));
      |                   ~~~~~~~~~~^~~
In file included from /workspaces/PR-ESPIDFCodebase/managed_components/fastled/src/fl/../lib8tion/math8.h:5:
/workspaces/PR-ESPIDFCodebase/managed_components/fastled/src/fl/../lib8tion/intmap.h:52:17: note: declared here
   52 | inline uint16_t map8_to_16(uint8_t x) {
      |                 ^~~~~~~~~~
In file included from /workspaces/PR-ESPIDFCodebase/managed_components/fastled/src/fl/fastled.h:66:
/workspaces/PR-ESPIDFCodebase/managed_components/fastled/src/fl/../pixel_controller.h: In member function 'void PixelController<RGB_ORDER, LANES, MASK>::loadAndScale_WS2816_HD(uint16_t*, uint16_t*, uint16_t*)':
/workspaces/PR-ESPIDFCodebase/managed_components/fastled/src/fl/../pixel_controller.h:533:38: warning: 'uint16_t fl::map8_to_16(uint8_t)' is deprecated: Use fl::int_scale<uint8_t, uint16_t>(x) instead [-Wdeprecated-declarations]
  533 |         uint16_t r16 = fl::map8_to_16(mData[0]);
      |                        ~~~~~~~~~~~~~~^~~~~~~~~~
/workspaces/PR-ESPIDFCodebase/managed_components/fastled/src/fl/../lib8tion/intmap.h:52:17: note: declared here
   52 | inline uint16_t map8_to_16(uint8_t x) {
      |                 ^~~~~~~~~~
/workspaces/PR-ESPIDFCodebase/managed_components/fastled/src/fl/../pixel_controller.h:534:38: warning: 'uint16_t fl::map8_to_16(uint8_t)' is deprecated: Use fl::int_scale<uint8_t, uint16_t>(x) instead [-Wdeprecated-declarations]
  534 |         uint16_t g16 = fl::map8_to_16(mData[1]);
      |                        ~~~~~~~~~~~~~~^~~~~~~~~~
/workspaces/PR-ESPIDFCodebase/managed_components/fastled/src/fl/../lib8tion/intmap.h:52:17: note: declared here
   52 | inline uint16_t map8_to_16(uint8_t x) {
      |                 ^~~~~~~~~~
/workspaces/PR-ESPIDFCodebase/managed_components/fastled/src/fl/../pixel_controller.h:535:38: warning: 'uint16_t fl::map8_to_16(uint8_t)' is deprecated: Use fl::int_scale<uint8_t, uint16_t>(x) instead [-Wdeprecated-declarations]
  535 |         uint16_t b16 = fl::map8_to_16(mData[2]);
      |                        ~~~~~~~~~~~~~~^~~~~~~~~~
/workspaces/PR-ESPIDFCodebase/managed_components/fastled/src/fl/../lib8tion/intmap.h:52:17: note: declared here
   52 | inline uint16_t map8_to_16(uint8_t x) {
      |                 ^~~~~~~~~~
In file included from /workspaces/PR-ESPIDFCodebase/managed_components/fastled/src/fl/../fl/../platforms/fastpin.h:28,
                 from /workspaces/PR-ESPIDFCodebase/managed_components/fastled/src/fl/../fl/fastpin.h:32,
                 from /workspaces/PR-ESPIDFCodebase/managed_components/fastled/src/fl/../fastpin.h:11,
                 from /workspaces/PR-ESPIDFCodebase/managed_components/fastled/src/fl/../FastLED.h:101,
                 from /workspaces/PR-ESPIDFCodebase/managed_components/fastled/src/fl/../platforms.h:3,
                 from /workspaces/PR-ESPIDFCodebase/managed_components/fastled/src/fl/fastled.h:83:
/workspaces/PR-ESPIDFCodebase/managed_components/fastled/src/platforms/generic_pin.h: At global scope:
/workspaces/PR-ESPIDFCodebase/managed_components/fastled/src/platforms/generic_pin.h:101:9: warning: type qualifiers ignored on function return type [-Wignored-qualifiers]
  101 |         port_t hival() __attribute__ ((always_inline)) {
      |         ^~~~~~
/workspaces/PR-ESPIDFCodebase/managed_components/fastled/src/platforms/generic_pin.h:106:9: warning: type qualifiers ignored on function return type [-Wignored-qualifiers]
  106 |         port_t loval() __attribute__ ((always_inline)) {
      |         ^~~~~~
/workspaces/PR-ESPIDFCodebase/managed_components/fastled/src/platforms/generic_pin.h:113:9: warning: type qualifiers ignored on function return type [-Wignored-qualifiers]
  113 |         port_t mask() __attribute__ ((always_inline)) { return mPinMask; }
      |         ^~~~~~
[1961/2107] Building CXX object esp-idf/fastled/CMakeFiles/__idf_fastled.dir/src/simplex.cpp.obj
In file included from /workspaces/PR-ESPIDFCodebase/managed_components/fastled/src/fl/../lib8tion/math8.h:8,
                 from /workspaces/PR-ESPIDFCodebase/managed_components/fastled/src/fl/../lib8tion.h:234,
                 from /workspaces/PR-ESPIDFCodebase/managed_components/fastled/src/fl/../pixeltypes.h:7,
                 from /workspaces/PR-ESPIDFCodebase/managed_components/fastled/src/fl/fastled.h:61,
                 from /workspaces/PR-ESPIDFCodebase/managed_components/fastled/src/simplex.cpp:5:
/workspaces/PR-ESPIDFCodebase/managed_components/fastled/src/platforms/math8.h: In function 'uint8_t fl::sqrt8(uint8_t)':
/workspaces/PR-ESPIDFCodebase/managed_components/fastled/src/platforms/math8.h:79:29: warning: 'uint16_t fl::map8_to_16(uint8_t)' is deprecated: Use fl::int_scale<uint8_t, uint16_t>(x) instead [-Wdeprecated-declarations]
   79 |     return sqrt16(map8_to_16(x));
      |                   ~~~~~~~~~~^~~
In file included from /workspaces/PR-ESPIDFCodebase/managed_components/fastled/src/fl/../lib8tion/math8.h:5:
/workspaces/PR-ESPIDFCodebase/managed_components/fastled/src/fl/../lib8tion/intmap.h:52:17: note: declared here
   52 | inline uint16_t map8_to_16(uint8_t x) {
      |                 ^~~~~~~~~~
In file included from /workspaces/PR-ESPIDFCodebase/managed_components/fastled/src/fl/fastled.h:66:
/workspaces/PR-ESPIDFCodebase/managed_components/fastled/src/fl/../pixel_controller.h: In member function 'void PixelController<RGB_ORDER, LANES, MASK>::loadAndScale_WS2816_HD(uint16_t*, uint16_t*, uint16_t*)':
/workspaces/PR-ESPIDFCodebase/managed_components/fastled/src/fl/../pixel_controller.h:533:38: warning: 'uint16_t fl::map8_to_16(uint8_t)' is deprecated: Use fl::int_scale<uint8_t, uint16_t>(x) instead [-Wdeprecated-declarations]
  533 |         uint16_t r16 = fl::map8_to_16(mData[0]);
      |                        ~~~~~~~~~~~~~~^~~~~~~~~~
/workspaces/PR-ESPIDFCodebase/managed_components/fastled/src/fl/../lib8tion/intmap.h:52:17: note: declared here
   52 | inline uint16_t map8_to_16(uint8_t x) {
      |                 ^~~~~~~~~~
/workspaces/PR-ESPIDFCodebase/managed_components/fastled/src/fl/../pixel_controller.h:534:38: warning: 'uint16_t fl::map8_to_16(uint8_t)' is deprecated: Use fl::int_scale<uint8_t, uint16_t>(x) instead [-Wdeprecated-declarations]
  534 |         uint16_t g16 = fl::map8_to_16(mData[1]);
      |                        ~~~~~~~~~~~~~~^~~~~~~~~~
/workspaces/PR-ESPIDFCodebase/managed_components/fastled/src/fl/../lib8tion/intmap.h:52:17: note: declared here
   52 | inline uint16_t map8_to_16(uint8_t x) {
      |                 ^~~~~~~~~~
/workspaces/PR-ESPIDFCodebase/managed_components/fastled/src/fl/../pixel_controller.h:535:38: warning: 'uint16_t fl::map8_to_16(uint8_t)' is deprecated: Use fl::int_scale<uint8_t, uint16_t>(x) instead [-Wdeprecated-declarations]
  535 |         uint16_t b16 = fl::map8_to_16(mData[2]);
      |                        ~~~~~~~~~~~~~~^~~~~~~~~~
/workspaces/PR-ESPIDFCodebase/managed_components/fastled/src/fl/../lib8tion/intmap.h:52:17: note: declared here
   52 | inline uint16_t map8_to_16(uint8_t x) {
      |                 ^~~~~~~~~~
In file included from /workspaces/PR-ESPIDFCodebase/managed_components/fastled/src/fl/../fl/../platforms/fastpin.h:28,
                 from /workspaces/PR-ESPIDFCodebase/managed_components/fastled/src/fl/../fl/fastpin.h:32,
                 from /workspaces/PR-ESPIDFCodebase/managed_components/fastled/src/fl/../fastpin.h:11,
                 from /workspaces/PR-ESPIDFCodebase/managed_components/fastled/src/fl/../FastLED.h:101,
                 from /workspaces/PR-ESPIDFCodebase/managed_components/fastled/src/fl/../platforms.h:3,
                 from /workspaces/PR-ESPIDFCodebase/managed_components/fastled/src/fl/fastled.h:83:
/workspaces/PR-ESPIDFCodebase/managed_components/fastled/src/platforms/generic_pin.h: At global scope:
/workspaces/PR-ESPIDFCodebase/managed_components/fastled/src/platforms/generic_pin.h:101:9: warning: type qualifiers ignored on function return type [-Wignored-qualifiers]
  101 |         port_t hival() __attribute__ ((always_inline)) {
      |         ^~~~~~
/workspaces/PR-ESPIDFCodebase/managed_components/fastled/src/platforms/generic_pin.h:106:9: warning: type qualifiers ignored on function return type [-Wignored-qualifiers]
  106 |         port_t loval() __attribute__ ((always_inline)) {
      |         ^~~~~~
/workspaces/PR-ESPIDFCodebase/managed_components/fastled/src/platforms/generic_pin.h:113:9: warning: type qualifiers ignored on function return type [-Wignored-qualifiers]
  113 |         port_t mask() __attribute__ ((always_inline)) { return mPinMask; }
      |         ^~~~~~
[1962/2107] Building CXX object esp-idf/fastled/CMakeFiles/__idf_fastled.dir/src/fl/engine_events.cpp.obj
[1963/2107] Building CXX object esp-idf/fastled/CMakeFiles/__idf_fastled.dir/src/fl/fetch.cpp.obj
[1964/2107] Building CXX object esp-idf/fastled/CMakeFiles/__idf_fastled.dir/src/fl/fill.cpp.obj
[1965/2107] Building CXX object esp-idf/fastled/CMakeFiles/__idf_fastled.dir/src/fl/gamma.cpp.obj
[1966/2107] Building CXX object esp-idf/fastled/CMakeFiles/__idf_fastled.dir/src/fl/fft.cpp.obj
[1967/2107] Building CXX object esp-idf/fastled/CMakeFiles/__idf_fastled.dir/src/noise.cpp.obj
In file included from /workspaces/PR-ESPIDFCodebase/managed_components/fastled/src/fl/../lib8tion/math8.h:8,
                 from /workspaces/PR-ESPIDFCodebase/managed_components/fastled/src/fl/../lib8tion.h:234,
                 from /workspaces/PR-ESPIDFCodebase/managed_components/fastled/src/fl/../pixeltypes.h:7,
                 from /workspaces/PR-ESPIDFCodebase/managed_components/fastled/src/fl/fastled.h:61,
                 from /workspaces/PR-ESPIDFCodebase/managed_components/fastled/src/noise.cpp:10:
/workspaces/PR-ESPIDFCodebase/managed_components/fastled/src/platforms/math8.h: In function 'uint8_t fl::sqrt8(uint8_t)':
/workspaces/PR-ESPIDFCodebase/managed_components/fastled/src/platforms/math8.h:79:29: warning: 'uint16_t fl::map8_to_16(uint8_t)' is deprecated: Use fl::int_scale<uint8_t, uint16_t>(x) instead [-Wdeprecated-declarations]
   79 |     return sqrt16(map8_to_16(x));
      |                   ~~~~~~~~~~^~~
In file included from /workspaces/PR-ESPIDFCodebase/managed_components/fastled/src/fl/../lib8tion/math8.h:5:
/workspaces/PR-ESPIDFCodebase/managed_components/fastled/src/fl/../lib8tion/intmap.h:52:17: note: declared here
   52 | inline uint16_t map8_to_16(uint8_t x) {
      |                 ^~~~~~~~~~
In file included from /workspaces/PR-ESPIDFCodebase/managed_components/fastled/src/fl/fastled.h:66:
/workspaces/PR-ESPIDFCodebase/managed_components/fastled/src/fl/../pixel_controller.h: In member function 'void PixelController<RGB_ORDER, LANES, MASK>::loadAndScale_WS2816_HD(uint16_t*, uint16_t*, uint16_t*)':
/workspaces/PR-ESPIDFCodebase/managed_components/fastled/src/fl/../pixel_controller.h:533:38: warning: 'uint16_t fl::map8_to_16(uint8_t)' is deprecated: Use fl::int_scale<uint8_t, uint16_t>(x) instead [-Wdeprecated-declarations]
  533 |         uint16_t r16 = fl::map8_to_16(mData[0]);
      |                        ~~~~~~~~~~~~~~^~~~~~~~~~
/workspaces/PR-ESPIDFCodebase/managed_components/fastled/src/fl/../lib8tion/intmap.h:52:17: note: declared here
   52 | inline uint16_t map8_to_16(uint8_t x) {
      |                 ^~~~~~~~~~
/workspaces/PR-ESPIDFCodebase/managed_components/fastled/src/fl/../pixel_controller.h:534:38: warning: 'uint16_t fl::map8_to_16(uint8_t)' is deprecated: Use fl::int_scale<uint8_t, uint16_t>(x) instead [-Wdeprecated-declarations]
  534 |         uint16_t g16 = fl::map8_to_16(mData[1]);
      |                        ~~~~~~~~~~~~~~^~~~~~~~~~
/workspaces/PR-ESPIDFCodebase/managed_components/fastled/src/fl/../lib8tion/intmap.h:52:17: note: declared here
   52 | inline uint16_t map8_to_16(uint8_t x) {
      |                 ^~~~~~~~~~
/workspaces/PR-ESPIDFCodebase/managed_components/fastled/src/fl/../pixel_controller.h:535:38: warning: 'uint16_t fl::map8_to_16(uint8_t)' is deprecated: Use fl::int_scale<uint8_t, uint16_t>(x) instead [-Wdeprecated-declarations]
  535 |         uint16_t b16 = fl::map8_to_16(mData[2]);
      |                        ~~~~~~~~~~~~~~^~~~~~~~~~
/workspaces/PR-ESPIDFCodebase/managed_components/fastled/src/fl/../lib8tion/intmap.h:52:17: note: declared here
   52 | inline uint16_t map8_to_16(uint8_t x) {
      |                 ^~~~~~~~~~
In file included from /workspaces/PR-ESPIDFCodebase/managed_components/fastled/src/fl/../fl/../platforms/fastpin.h:28,
                 from /workspaces/PR-ESPIDFCodebase/managed_components/fastled/src/fl/../fl/fastpin.h:32,
                 from /workspaces/PR-ESPIDFCodebase/managed_components/fastled/src/fl/../fastpin.h:11,
                 from /workspaces/PR-ESPIDFCodebase/managed_components/fastled/src/fl/../FastLED.h:101,
                 from /workspaces/PR-ESPIDFCodebase/managed_components/fastled/src/fl/../platforms.h:3,
                 from /workspaces/PR-ESPIDFCodebase/managed_components/fastled/src/fl/fastled.h:83:
/workspaces/PR-ESPIDFCodebase/managed_components/fastled/src/platforms/generic_pin.h: At global scope:
/workspaces/PR-ESPIDFCodebase/managed_components/fastled/src/platforms/generic_pin.h:101:9: warning: type qualifiers ignored on function return type [-Wignored-qualifiers]
  101 |         port_t hival() __attribute__ ((always_inline)) {
      |         ^~~~~~
/workspaces/PR-ESPIDFCodebase/managed_components/fastled/src/platforms/generic_pin.h:106:9: warning: type qualifiers ignored on function return type [-Wignored-qualifiers]
  106 |         port_t loval() __attribute__ ((always_inline)) {
      |         ^~~~~~
/workspaces/PR-ESPIDFCodebase/managed_components/fastled/src/platforms/generic_pin.h:113:9: warning: type qualifiers ignored on function return type [-Wignored-qualifiers]
  113 |         port_t mask() __attribute__ ((always_inline)) { return mPinMask; }
      |         ^~~~~~
[1968/2107] Building CXX object esp-idf/fastled/CMakeFiles/__idf_fastled.dir/src/fl/hsv16.cpp.obj
/workspaces/PR-ESPIDFCodebase/managed_components/fastled/src/fl/hsv16.cpp: In function 'CRGB fl::HSV16toRGB(const HSV16&)':
/workspaces/PR-ESPIDFCodebase/managed_components/fastled/src/fl/hsv16.cpp:129:29: warning: 'uint8_t fl::map16_to_8(uint16_t)' is deprecated: Use fl::int_scale<uint16_t, uint8_t>(x) instead [-Wdeprecated-declarations]
  129 |         u8 gray = map16_to_8(v);
      |                   ~~~~~~~~~~^~~
In file included from /workspaces/PR-ESPIDFCodebase/managed_components/fastled/src/fl/hsv16.cpp:4:
/workspaces/PR-ESPIDFCodebase/managed_components/fastled/src/lib8tion/intmap.h:70:16: note: declared here
   70 | inline uint8_t map16_to_8(uint16_t x) {
      |                ^~~~~~~~~~
/workspaces/PR-ESPIDFCodebase/managed_components/fastled/src/fl/hsv16.cpp:139:24: warning: 'uint16_t fl::map32_to_16(uint32_t)' is deprecated: Use fl::int_scale<uint32_t, uint16_t>(x) instead [-Wdeprecated-declarations]
  139 |     u32 c = map32_to_16(v * s);
      |             ~~~~~~~~~~~^~~~~~~
/workspaces/PR-ESPIDFCodebase/managed_components/fastled/src/lib8tion/intmap.h:76:17: note: declared here
   76 | inline uint16_t map32_to_16(uint32_t x) {
      |                 ^~~~~~~~~~~
/workspaces/PR-ESPIDFCodebase/managed_components/fastled/src/fl/hsv16.cpp:146:24: warning: 'uint16_t fl::map32_to_16(uint32_t)' is deprecated: Use fl::int_scale<uint32_t, uint16_t>(x) instead [-Wdeprecated-declarations]
  146 |         x = map32_to_16(c * (65535 - sector_pos));
      |             ~~~~~~~~~~~^~~~~~~~~~~~~~~~~~~~~~~~~~
/workspaces/PR-ESPIDFCodebase/managed_components/fastled/src/lib8tion/intmap.h:76:17: note: declared here
   76 | inline uint16_t map32_to_16(uint32_t x) {
      |                 ^~~~~~~~~~~
/workspaces/PR-ESPIDFCodebase/managed_components/fastled/src/fl/hsv16.cpp:150:24: warning: 'uint16_t fl::map32_to_16(uint32_t)' is deprecated: Use fl::int_scale<uint32_t, uint16_t>(x) instead [-Wdeprecated-declarations]
  150 |         x = map32_to_16(c * sector_pos);
      |             ~~~~~~~~~~~^~~~~~~~~~~~~~~~
/workspaces/PR-ESPIDFCodebase/managed_components/fastled/src/lib8tion/intmap.h:76:17: note: declared here
   76 | inline uint16_t map32_to_16(uint32_t x) {
      |                 ^~~~~~~~~~~
/workspaces/PR-ESPIDFCodebase/managed_components/fastled/src/fl/hsv16.cpp:166:22: warning: 'uint8_t fl::map16_to_8(uint16_t)' is deprecated: Use fl::int_scale<uint16_t, uint8_t>(x) instead [-Wdeprecated-declarations]
  166 |     u8 R = map16_to_8(u16(r1 + m));
      |            ~~~~~~~~~~^~~~~~~~~~~~~
/workspaces/PR-ESPIDFCodebase/managed_components/fastled/src/lib8tion/intmap.h:70:16: note: declared here
   70 | inline uint8_t map16_to_8(uint16_t x) {
      |                ^~~~~~~~~~
/workspaces/PR-ESPIDFCodebase/managed_components/fastled/src/fl/hsv16.cpp:167:22: warning: 'uint8_t fl::map16_to_8(uint16_t)' is deprecated: Use fl::int_scale<uint16_t, uint8_t>(x) instead [-Wdeprecated-declarations]
  167 |     u8 G = map16_to_8(u16(g1 + m));
      |            ~~~~~~~~~~^~~~~~~~~~~~~
/workspaces/PR-ESPIDFCodebase/managed_components/fastled/src/lib8tion/intmap.h:70:16: note: declared here
   70 | inline uint8_t map16_to_8(uint16_t x) {
      |                ^~~~~~~~~~
/workspaces/PR-ESPIDFCodebase/managed_components/fastled/src/fl/hsv16.cpp:168:22: warning: 'uint8_t fl::map16_to_8(uint16_t)' is deprecated: Use fl::int_scale<uint16_t, uint8_t>(x) instead [-Wdeprecated-declarations]
  168 |     u8 B = map16_to_8(u16(b1 + m));
      |            ~~~~~~~~~~^~~~~~~~~~~~~
/workspaces/PR-ESPIDFCodebase/managed_components/fastled/src/lib8tion/intmap.h:70:16: note: declared here
   70 | inline uint8_t map16_to_8(uint16_t x) {
      |                ^~~~~~~~~~
[1969/2107] Building CXX object esp-idf/fastled/CMakeFiles/__idf_fastled.dir/src/fl/io.cpp.obj
[1970/2107] Building CXX object esp-idf/fastled/CMakeFiles/__idf_fastled.dir/src/fl/istream.cpp.obj
[1971/2107] Building CXX object esp-idf/fastled/CMakeFiles/__idf_fastled.dir/src/fl/file_system.cpp.obj
[1972/2107] Building CXX object esp-idf/fastled/CMakeFiles/__idf_fastled.dir/src/fl/json.cpp.obj
[1973/2107] Building CXX object esp-idf/fastled/CMakeFiles/__idf_fastled.dir/src/fl/gradient.cpp.obj
[1974/2107] Building CXX object esp-idf/fastled/CMakeFiles/__idf_fastled.dir/src/fl/leds.cpp.obj
[1975/2107] Building CXX object esp-idf/fastled/CMakeFiles/__idf_fastled.dir/src/fl/line_simplification.cpp.obj
[1976/2107] Building CXX object esp-idf/fastled/CMakeFiles/__idf_fastled.dir/src/colorpalettes.cpp.obj
In file included from /workspaces/PR-ESPIDFCodebase/managed_components/fastled/src/fl/../lib8tion/math8.h:8,
                 from /workspaces/PR-ESPIDFCodebase/managed_components/fastled/src/fl/../lib8tion.h:234,
                 from /workspaces/PR-ESPIDFCodebase/managed_components/fastled/src/fl/../pixeltypes.h:7,
                 from /workspaces/PR-ESPIDFCodebase/managed_components/fastled/src/fl/fastled.h:61,
                 from /workspaces/PR-ESPIDFCodebase/managed_components/fastled/src/colorpalettes.cpp:5:
/workspaces/PR-ESPIDFCodebase/managed_components/fastled/src/platforms/math8.h: In function 'uint8_t fl::sqrt8(uint8_t)':
/workspaces/PR-ESPIDFCodebase/managed_components/fastled/src/platforms/math8.h:79:29: warning: 'uint16_t fl::map8_to_16(uint8_t)' is deprecated: Use fl::int_scale<uint8_t, uint16_t>(x) instead [-Wdeprecated-declarations]
   79 |     return sqrt16(map8_to_16(x));
      |                   ~~~~~~~~~~^~~
In file included from /workspaces/PR-ESPIDFCodebase/managed_components/fastled/src/fl/../lib8tion/math8.h:5:
/workspaces/PR-ESPIDFCodebase/managed_components/fastled/src/fl/../lib8tion/intmap.h:52:17: note: declared here
   52 | inline uint16_t map8_to_16(uint8_t x) {
      |                 ^~~~~~~~~~
In file included from /workspaces/PR-ESPIDFCodebase/managed_components/fastled/src/fl/fastled.h:66:
/workspaces/PR-ESPIDFCodebase/managed_components/fastled/src/fl/../pixel_controller.h: In member function 'void PixelController<RGB_ORDER, LANES, MASK>::loadAndScale_WS2816_HD(uint16_t*, uint16_t*, uint16_t*)':
/workspaces/PR-ESPIDFCodebase/managed_components/fastled/src/fl/../pixel_controller.h:533:38: warning: 'uint16_t fl::map8_to_16(uint8_t)' is deprecated: Use fl::int_scale<uint8_t, uint16_t>(x) instead [-Wdeprecated-declarations]
  533 |         uint16_t r16 = fl::map8_to_16(mData[0]);
      |                        ~~~~~~~~~~~~~~^~~~~~~~~~
/workspaces/PR-ESPIDFCodebase/managed_components/fastled/src/fl/../lib8tion/intmap.h:52:17: note: declared here
   52 | inline uint16_t map8_to_16(uint8_t x) {
      |                 ^~~~~~~~~~
/workspaces/PR-ESPIDFCodebase/managed_components/fastled/src/fl/../pixel_controller.h:534:38: warning: 'uint16_t fl::map8_to_16(uint8_t)' is deprecated: Use fl::int_scale<uint8_t, uint16_t>(x) instead [-Wdeprecated-declarations]
  534 |         uint16_t g16 = fl::map8_to_16(mData[1]);
      |                        ~~~~~~~~~~~~~~^~~~~~~~~~
/workspaces/PR-ESPIDFCodebase/managed_components/fastled/src/fl/../lib8tion/intmap.h:52:17: note: declared here
   52 | inline uint16_t map8_to_16(uint8_t x) {
      |                 ^~~~~~~~~~
/workspaces/PR-ESPIDFCodebase/managed_components/fastled/src/fl/../pixel_controller.h:535:38: warning: 'uint16_t fl::map8_to_16(uint8_t)' is deprecated: Use fl::int_scale<uint8_t, uint16_t>(x) instead [-Wdeprecated-declarations]
  535 |         uint16_t b16 = fl::map8_to_16(mData[2]);
      |                        ~~~~~~~~~~~~~~^~~~~~~~~~
/workspaces/PR-ESPIDFCodebase/managed_components/fastled/src/fl/../lib8tion/intmap.h:52:17: note: declared here
   52 | inline uint16_t map8_to_16(uint8_t x) {
      |                 ^~~~~~~~~~
In file included from /workspaces/PR-ESPIDFCodebase/managed_components/fastled/src/fl/../fl/../platforms/fastpin.h:28,
                 from /workspaces/PR-ESPIDFCodebase/managed_components/fastled/src/fl/../fl/fastpin.h:32,
                 from /workspaces/PR-ESPIDFCodebase/managed_components/fastled/src/fl/../fastpin.h:11,
                 from /workspaces/PR-ESPIDFCodebase/managed_components/fastled/src/fl/../FastLED.h:101,
                 from /workspaces/PR-ESPIDFCodebase/managed_components/fastled/src/fl/../platforms.h:3,
                 from /workspaces/PR-ESPIDFCodebase/managed_components/fastled/src/fl/fastled.h:83:
/workspaces/PR-ESPIDFCodebase/managed_components/fastled/src/platforms/generic_pin.h: At global scope:
/workspaces/PR-ESPIDFCodebase/managed_components/fastled/src/platforms/generic_pin.h:101:9: warning: type qualifiers ignored on function return type [-Wignored-qualifiers]
  101 |         port_t hival() __attribute__ ((always_inline)) {
      |         ^~~~~~
/workspaces/PR-ESPIDFCodebase/managed_components/fastled/src/platforms/generic_pin.h:106:9: warning: type qualifiers ignored on function return type [-Wignored-qualifiers]
  106 |         port_t loval() __attribute__ ((always_inline)) {
      |         ^~~~~~
/workspaces/PR-ESPIDFCodebase/managed_components/fastled/src/platforms/generic_pin.h:113:9: warning: type qualifiers ignored on function return type [-Wignored-qualifiers]
  113 |         port_t mask() __attribute__ ((always_inline)) { return mPinMask; }
      |         ^~~~~~
[1977/2107] Building CXX object esp-idf/fastled/CMakeFiles/__idf_fastled.dir/src/fl/noise_woryley.cpp.obj
[1978/2107] Building CXX object esp-idf/fastled/CMakeFiles/__idf_fastled.dir/src/fl/id_tracker.cpp.obj
[1979/2107] Building CXX object esp-idf/fastled/CMakeFiles/__idf_fastled.dir/src/fl/ptr.cpp.obj
[1980/2107] Building CXX object esp-idf/fastled/CMakeFiles/__idf_fastled.dir/src/fl/malloc.cpp.obj
[1981/2107] Building CXX object esp-idf/fastled/CMakeFiles/__idf_fastled.dir/src/wiring.cpp.obj
In file included from /workspaces/PR-ESPIDFCodebase/managed_components/fastled/src/fl/../lib8tion/math8.h:8,
                 from /workspaces/PR-ESPIDFCodebase/managed_components/fastled/src/fl/../lib8tion.h:234,
                 from /workspaces/PR-ESPIDFCodebase/managed_components/fastled/src/fl/../pixeltypes.h:7,
                 from /workspaces/PR-ESPIDFCodebase/managed_components/fastled/src/fl/fastled.h:61,
                 from /workspaces/PR-ESPIDFCodebase/managed_components/fastled/src/wiring.cpp:2:
/workspaces/PR-ESPIDFCodebase/managed_components/fastled/src/platforms/math8.h: In function 'uint8_t fl::sqrt8(uint8_t)':
/workspaces/PR-ESPIDFCodebase/managed_components/fastled/src/platforms/math8.h:79:29: warning: 'uint16_t fl::map8_to_16(uint8_t)' is deprecated: Use fl::int_scale<uint8_t, uint16_t>(x) instead [-Wdeprecated-declarations]
   79 |     return sqrt16(map8_to_16(x));
      |                   ~~~~~~~~~~^~~
In file included from /workspaces/PR-ESPIDFCodebase/managed_components/fastled/src/fl/../lib8tion/math8.h:5:
/workspaces/PR-ESPIDFCodebase/managed_components/fastled/src/fl/../lib8tion/intmap.h:52:17: note: declared here
   52 | inline uint16_t map8_to_16(uint8_t x) {
      |                 ^~~~~~~~~~
In file included from /workspaces/PR-ESPIDFCodebase/managed_components/fastled/src/fl/fastled.h:66:
/workspaces/PR-ESPIDFCodebase/managed_components/fastled/src/fl/../pixel_controller.h: In member function 'void PixelController<RGB_ORDER, LANES, MASK>::loadAndScale_WS2816_HD(uint16_t*, uint16_t*, uint16_t*)':
/workspaces/PR-ESPIDFCodebase/managed_components/fastled/src/fl/../pixel_controller.h:533:38: warning: 'uint16_t fl::map8_to_16(uint8_t)' is deprecated: Use fl::int_scale<uint8_t, uint16_t>(x) instead [-Wdeprecated-declarations]
  533 |         uint16_t r16 = fl::map8_to_16(mData[0]);
      |                        ~~~~~~~~~~~~~~^~~~~~~~~~
/workspaces/PR-ESPIDFCodebase/managed_components/fastled/src/fl/../lib8tion/intmap.h:52:17: note: declared here
   52 | inline uint16_t map8_to_16(uint8_t x) {
      |                 ^~~~~~~~~~
/workspaces/PR-ESPIDFCodebase/managed_components/fastled/src/fl/../pixel_controller.h:534:38: warning: 'uint16_t fl::map8_to_16(uint8_t)' is deprecated: Use fl::int_scale<uint8_t, uint16_t>(x) instead [-Wdeprecated-declarations]
  534 |         uint16_t g16 = fl::map8_to_16(mData[1]);
      |                        ~~~~~~~~~~~~~~^~~~~~~~~~
/workspaces/PR-ESPIDFCodebase/managed_components/fastled/src/fl/../lib8tion/intmap.h:52:17: note: declared here
   52 | inline uint16_t map8_to_16(uint8_t x) {
      |                 ^~~~~~~~~~
/workspaces/PR-ESPIDFCodebase/managed_components/fastled/src/fl/../pixel_controller.h:535:38: warning: 'uint16_t fl::map8_to_16(uint8_t)' is deprecated: Use fl::int_scale<uint8_t, uint16_t>(x) instead [-Wdeprecated-declarations]
  535 |         uint16_t b16 = fl::map8_to_16(mData[2]);
      |                        ~~~~~~~~~~~~~~^~~~~~~~~~
/workspaces/PR-ESPIDFCodebase/managed_components/fastled/src/fl/../lib8tion/intmap.h:52:17: note: declared here
   52 | inline uint16_t map8_to_16(uint8_t x) {
      |                 ^~~~~~~~~~
In file included from /workspaces/PR-ESPIDFCodebase/managed_components/fastled/src/fl/../fl/../platforms/fastpin.h:28,
                 from /workspaces/PR-ESPIDFCodebase/managed_components/fastled/src/fl/../fl/fastpin.h:32,
                 from /workspaces/PR-ESPIDFCodebase/managed_components/fastled/src/fl/../fastpin.h:11,
                 from /workspaces/PR-ESPIDFCodebase/managed_components/fastled/src/fl/../FastLED.h:101,
                 from /workspaces/PR-ESPIDFCodebase/managed_components/fastled/src/fl/../platforms.h:3,
                 from /workspaces/PR-ESPIDFCodebase/managed_components/fastled/src/fl/fastled.h:83:
/workspaces/PR-ESPIDFCodebase/managed_components/fastled/src/platforms/generic_pin.h: At global scope:
/workspaces/PR-ESPIDFCodebase/managed_components/fastled/src/platforms/generic_pin.h:101:9: warning: type qualifiers ignored on function return type [-Wignored-qualifiers]
  101 |         port_t hival() __attribute__ ((always_inline)) {
      |         ^~~~~~
/workspaces/PR-ESPIDFCodebase/managed_components/fastled/src/platforms/generic_pin.h:106:9: warning: type qualifiers ignored on function return type [-Wignored-qualifiers]
  106 |         port_t loval() __attribute__ ((always_inline)) {
      |         ^~~~~~
/workspaces/PR-ESPIDFCodebase/managed_components/fastled/src/platforms/generic_pin.h:113:9: warning: type qualifiers ignored on function return type [-Wignored-qualifiers]
  113 |         port_t mask() __attribute__ ((always_inline)) { return mPinMask; }
      |         ^~~~~~
[1982/2107] Building CXX object esp-idf/fastled/CMakeFiles/__idf_fastled.dir/src/fl/delay.cpp.obj
[1983/2107] Building CXX object esp-idf/fastled/CMakeFiles/__idf_fastled.dir/src/fl/random.cpp.obj
[1984/2107] Building CXX object esp-idf/fastled/CMakeFiles/__idf_fastled.dir/src/fl/sin32.cpp.obj
[1985/2107] Building CXX object esp-idf/fastled/CMakeFiles/__idf_fastled.dir/src/power_mgt.cpp.obj
In file included from /workspaces/PR-ESPIDFCodebase/managed_components/fastled/src/fl/../lib8tion/math8.h:8,
                 from /workspaces/PR-ESPIDFCodebase/managed_components/fastled/src/fl/../lib8tion.h:234,
                 from /workspaces/PR-ESPIDFCodebase/managed_components/fastled/src/fl/../pixeltypes.h:7,
                 from /workspaces/PR-ESPIDFCodebase/managed_components/fastled/src/fl/fastled.h:61,
                 from /workspaces/PR-ESPIDFCodebase/managed_components/fastled/src/power_mgt.cpp:6:
/workspaces/PR-ESPIDFCodebase/managed_components/fastled/src/platforms/math8.h: In function 'uint8_t fl::sqrt8(uint8_t)':
/workspaces/PR-ESPIDFCodebase/managed_components/fastled/src/platforms/math8.h:79:29: warning: 'uint16_t fl::map8_to_16(uint8_t)' is deprecated: Use fl::int_scale<uint8_t, uint16_t>(x) instead [-Wdeprecated-declarations]
   79 |     return sqrt16(map8_to_16(x));
      |                   ~~~~~~~~~~^~~
In file included from /workspaces/PR-ESPIDFCodebase/managed_components/fastled/src/fl/../lib8tion/math8.h:5:
/workspaces/PR-ESPIDFCodebase/managed_components/fastled/src/fl/../lib8tion/intmap.h:52:17: note: declared here
   52 | inline uint16_t map8_to_16(uint8_t x) {
      |                 ^~~~~~~~~~
In file included from /workspaces/PR-ESPIDFCodebase/managed_components/fastled/src/fl/fastled.h:66:
/workspaces/PR-ESPIDFCodebase/managed_components/fastled/src/fl/../pixel_controller.h: In member function 'void PixelController<RGB_ORDER, LANES, MASK>::loadAndScale_WS2816_HD(uint16_t*, uint16_t*, uint16_t*)':
/workspaces/PR-ESPIDFCodebase/managed_components/fastled/src/fl/../pixel_controller.h:533:38: warning: 'uint16_t fl::map8_to_16(uint8_t)' is deprecated: Use fl::int_scale<uint8_t, uint16_t>(x) instead [-Wdeprecated-declarations]
  533 |         uint16_t r16 = fl::map8_to_16(mData[0]);
      |                        ~~~~~~~~~~~~~~^~~~~~~~~~
/workspaces/PR-ESPIDFCodebase/managed_components/fastled/src/fl/../lib8tion/intmap.h:52:17: note: declared here
   52 | inline uint16_t map8_to_16(uint8_t x) {
      |                 ^~~~~~~~~~
/workspaces/PR-ESPIDFCodebase/managed_components/fastled/src/fl/../pixel_controller.h:534:38: warning: 'uint16_t fl::map8_to_16(uint8_t)' is deprecated: Use fl::int_scale<uint8_t, uint16_t>(x) instead [-Wdeprecated-declarations]
  534 |         uint16_t g16 = fl::map8_to_16(mData[1]);
      |                        ~~~~~~~~~~~~~~^~~~~~~~~~
/workspaces/PR-ESPIDFCodebase/managed_components/fastled/src/fl/../lib8tion/intmap.h:52:17: note: declared here
   52 | inline uint16_t map8_to_16(uint8_t x) {
      |                 ^~~~~~~~~~
/workspaces/PR-ESPIDFCodebase/managed_components/fastled/src/fl/../pixel_controller.h:535:38: warning: 'uint16_t fl::map8_to_16(uint8_t)' is deprecated: Use fl::int_scale<uint8_t, uint16_t>(x) instead [-Wdeprecated-declarations]
  535 |         uint16_t b16 = fl::map8_to_16(mData[2]);
      |                        ~~~~~~~~~~~~~~^~~~~~~~~~
/workspaces/PR-ESPIDFCodebase/managed_components/fastled/src/fl/../lib8tion/intmap.h:52:17: note: declared here
   52 | inline uint16_t map8_to_16(uint8_t x) {
      |                 ^~~~~~~~~~
In file included from /workspaces/PR-ESPIDFCodebase/managed_components/fastled/src/fl/../fl/../platforms/fastpin.h:28,
                 from /workspaces/PR-ESPIDFCodebase/managed_components/fastled/src/fl/../fl/fastpin.h:32,
                 from /workspaces/PR-ESPIDFCodebase/managed_components/fastled/src/fl/../fastpin.h:11,
                 from /workspaces/PR-ESPIDFCodebase/managed_components/fastled/src/fl/../FastLED.h:101,
                 from /workspaces/PR-ESPIDFCodebase/managed_components/fastled/src/fl/../platforms.h:3,
                 from /workspaces/PR-ESPIDFCodebase/managed_components/fastled/src/fl/fastled.h:83:
/workspaces/PR-ESPIDFCodebase/managed_components/fastled/src/platforms/generic_pin.h: At global scope:
/workspaces/PR-ESPIDFCodebase/managed_components/fastled/src/platforms/generic_pin.h:101:9: warning: type qualifiers ignored on function return type [-Wignored-qualifiers]
  101 |         port_t hival() __attribute__ ((always_inline)) {
      |         ^~~~~~
/workspaces/PR-ESPIDFCodebase/managed_components/fastled/src/platforms/generic_pin.h:106:9: warning: type qualifiers ignored on function return type [-Wignored-qualifiers]
  106 |         port_t loval() __attribute__ ((always_inline)) {
      |         ^~~~~~
/workspaces/PR-ESPIDFCodebase/managed_components/fastled/src/platforms/generic_pin.h:113:9: warning: type qualifiers ignored on function return type [-Wignored-qualifiers]
  113 |         port_t mask() __attribute__ ((always_inline)) { return mPinMask; }
      |         ^~~~~~
[1986/2107] Building CXX object esp-idf/fastled/CMakeFiles/__idf_fastled.dir/src/fl/rectangular_draw_buffer.cpp.obj
[1987/2107] Building CXX object esp-idf/fastled/CMakeFiles/__idf_fastled.dir/src/fl/math.cpp.obj
[1988/2107] Linking C static library esp-idf/espressif__arduino-esp32/libespressif__arduino-esp32.a
[1989/2107] Building CXX object esp-idf/fastled/CMakeFiles/__idf_fastled.dir/src/fl/static_constexpr_defs.cpp.obj
[1990/2107] Building CXX object esp-idf/fastled/CMakeFiles/__idf_fastled.dir/src/fl/splat.cpp.obj
[1991/2107] Building CXX object esp-idf/fastled/CMakeFiles/__idf_fastled.dir/src/fl/raster_sparse.cpp.obj
[1992/2107] Building CXX object esp-idf/fastled/CMakeFiles/__idf_fastled.dir/src/fl/str_ui.cpp.obj
[1993/2107] Building CXX object esp-idf/fastled/CMakeFiles/__idf_fastled.dir/src/fl/str.cpp.obj
[1994/2107] Building CXX object esp-idf/fastled/CMakeFiles/__idf_fastled.dir/src/fl/strstream.cpp.obj
[1995/2107] Building CXX object esp-idf/fastled/CMakeFiles/__idf_fastled.dir/src/fl/tile2x2.cpp.obj
[1996/2107] Building CXX object esp-idf/fastled/CMakeFiles/__idf_fastled.dir/src/fl/time_alpha.cpp.obj
[1997/2107] Building CXX object esp-idf/fastled/CMakeFiles/__idf_fastled.dir/src/fl/task.cpp.obj
[1998/2107] Building CXX object esp-idf/fastled/CMakeFiles/__idf_fastled.dir/src/fl/blur.cpp.obj
In file included from /workspaces/PR-ESPIDFCodebase/managed_components/fastled/src/fl/../lib8tion/math8.h:8,
                 from /workspaces/PR-ESPIDFCodebase/managed_components/fastled/src/fl/../lib8tion.h:234,
                 from /workspaces/PR-ESPIDFCodebase/managed_components/fastled/src/fl/../pixeltypes.h:7,
                 from /workspaces/PR-ESPIDFCodebase/managed_components/fastled/src/fl/fastled.h:61,
                 from /workspaces/PR-ESPIDFCodebase/managed_components/fastled/src/fl/blur.cpp:6:
/workspaces/PR-ESPIDFCodebase/managed_components/fastled/src/platforms/math8.h: In function 'uint8_t fl::sqrt8(uint8_t)':
/workspaces/PR-ESPIDFCodebase/managed_components/fastled/src/platforms/math8.h:79:29: warning: 'uint16_t fl::map8_to_16(uint8_t)' is deprecated: Use fl::int_scale<uint8_t, uint16_t>(x) instead [-Wdeprecated-declarations]
   79 |     return sqrt16(map8_to_16(x));
      |                   ~~~~~~~~~~^~~
In file included from /workspaces/PR-ESPIDFCodebase/managed_components/fastled/src/fl/../lib8tion/math8.h:5:
/workspaces/PR-ESPIDFCodebase/managed_components/fastled/src/fl/../lib8tion/intmap.h:52:17: note: declared here
   52 | inline uint16_t map8_to_16(uint8_t x) {
      |                 ^~~~~~~~~~
In file included from /workspaces/PR-ESPIDFCodebase/managed_components/fastled/src/fl/fastled.h:66:
/workspaces/PR-ESPIDFCodebase/managed_components/fastled/src/fl/../pixel_controller.h: In member function 'void PixelController<RGB_ORDER, LANES, MASK>::loadAndScale_WS2816_HD(uint16_t*, uint16_t*, uint16_t*)':
/workspaces/PR-ESPIDFCodebase/managed_components/fastled/src/fl/../pixel_controller.h:533:38: warning: 'uint16_t fl::map8_to_16(uint8_t)' is deprecated: Use fl::int_scale<uint8_t, uint16_t>(x) instead [-Wdeprecated-declarations]
  533 |         uint16_t r16 = fl::map8_to_16(mData[0]);
      |                        ~~~~~~~~~~~~~~^~~~~~~~~~
/workspaces/PR-ESPIDFCodebase/managed_components/fastled/src/fl/../lib8tion/intmap.h:52:17: note: declared here
   52 | inline uint16_t map8_to_16(uint8_t x) {
      |                 ^~~~~~~~~~
/workspaces/PR-ESPIDFCodebase/managed_components/fastled/src/fl/../pixel_controller.h:534:38: warning: 'uint16_t fl::map8_to_16(uint8_t)' is deprecated: Use fl::int_scale<uint8_t, uint16_t>(x) instead [-Wdeprecated-declarations]
  534 |         uint16_t g16 = fl::map8_to_16(mData[1]);
      |                        ~~~~~~~~~~~~~~^~~~~~~~~~
/workspaces/PR-ESPIDFCodebase/managed_components/fastled/src/fl/../lib8tion/intmap.h:52:17: note: declared here
   52 | inline uint16_t map8_to_16(uint8_t x) {
      |                 ^~~~~~~~~~
/workspaces/PR-ESPIDFCodebase/managed_components/fastled/src/fl/../pixel_controller.h:535:38: warning: 'uint16_t fl::map8_to_16(uint8_t)' is deprecated: Use fl::int_scale<uint8_t, uint16_t>(x) instead [-Wdeprecated-declarations]
  535 |         uint16_t b16 = fl::map8_to_16(mData[2]);
      |                        ~~~~~~~~~~~~~~^~~~~~~~~~
/workspaces/PR-ESPIDFCodebase/managed_components/fastled/src/fl/../lib8tion/intmap.h:52:17: note: declared here
   52 | inline uint16_t map8_to_16(uint8_t x) {
      |                 ^~~~~~~~~~
In file included from /workspaces/PR-ESPIDFCodebase/managed_components/fastled/src/fl/../fl/../platforms/fastpin.h:28,
                 from /workspaces/PR-ESPIDFCodebase/managed_components/fastled/src/fl/../fl/fastpin.h:32,
                 from /workspaces/PR-ESPIDFCodebase/managed_components/fastled/src/fl/../fastpin.h:11,
                 from /workspaces/PR-ESPIDFCodebase/managed_components/fastled/src/fl/../FastLED.h:101,
                 from /workspaces/PR-ESPIDFCodebase/managed_components/fastled/src/fl/../platforms.h:3,
                 from /workspaces/PR-ESPIDFCodebase/managed_components/fastled/src/fl/fastled.h:83:
/workspaces/PR-ESPIDFCodebase/managed_components/fastled/src/platforms/generic_pin.h: At global scope:
/workspaces/PR-ESPIDFCodebase/managed_components/fastled/src/platforms/generic_pin.h:101:9: warning: type qualifiers ignored on function return type [-Wignored-qualifiers]
  101 |         port_t hival() __attribute__ ((always_inline)) {
      |         ^~~~~~
/workspaces/PR-ESPIDFCodebase/managed_components/fastled/src/platforms/generic_pin.h:106:9: warning: type qualifiers ignored on function return type [-Wignored-qualifiers]
  106 |         port_t loval() __attribute__ ((always_inline)) {
      |         ^~~~~~
/workspaces/PR-ESPIDFCodebase/managed_components/fastled/src/platforms/generic_pin.h:113:9: warning: type qualifiers ignored on function return type [-Wignored-qualifiers]
  113 |         port_t mask() __attribute__ ((always_inline)) { return mPinMask; }
      |         ^~~~~~
[1999/2107] Building CXX object esp-idf/fastled/CMakeFiles/__idf_fastled.dir/src/fl/ostream.cpp.obj
[2000/2107] Building CXX object esp-idf/fastled/CMakeFiles/__idf_fastled.dir/src/fl/colorutils.cpp.obj
In file included from /workspaces/PR-ESPIDFCodebase/managed_components/fastled/src/fl/../lib8tion/math8.h:8,
                 from /workspaces/PR-ESPIDFCodebase/managed_components/fastled/src/fl/../lib8tion.h:234,
                 from /workspaces/PR-ESPIDFCodebase/managed_components/fastled/src/fl/../pixeltypes.h:7,
                 from /workspaces/PR-ESPIDFCodebase/managed_components/fastled/src/fl/fastled.h:61,
                 from /workspaces/PR-ESPIDFCodebase/managed_components/fastled/src/fl/colorutils.cpp:12:
/workspaces/PR-ESPIDFCodebase/managed_components/fastled/src/platforms/math8.h: In function 'uint8_t fl::sqrt8(uint8_t)':
/workspaces/PR-ESPIDFCodebase/managed_components/fastled/src/platforms/math8.h:79:29: warning: 'uint16_t fl::map8_to_16(uint8_t)' is deprecated: Use fl::int_scale<uint8_t, uint16_t>(x) instead [-Wdeprecated-declarations]
   79 |     return sqrt16(map8_to_16(x));
      |                   ~~~~~~~~~~^~~
In file included from /workspaces/PR-ESPIDFCodebase/managed_components/fastled/src/fl/../lib8tion/math8.h:5:
/workspaces/PR-ESPIDFCodebase/managed_components/fastled/src/fl/../lib8tion/intmap.h:52:17: note: declared here
   52 | inline uint16_t map8_to_16(uint8_t x) {
      |                 ^~~~~~~~~~
In file included from /workspaces/PR-ESPIDFCodebase/managed_components/fastled/src/fl/fastled.h:66:
/workspaces/PR-ESPIDFCodebase/managed_components/fastled/src/fl/../pixel_controller.h: In member function 'void PixelController<RGB_ORDER, LANES, MASK>::loadAndScale_WS2816_HD(uint16_t*, uint16_t*, uint16_t*)':
/workspaces/PR-ESPIDFCodebase/managed_components/fastled/src/fl/../pixel_controller.h:533:38: warning: 'uint16_t fl::map8_to_16(uint8_t)' is deprecated: Use fl::int_scale<uint8_t, uint16_t>(x) instead [-Wdeprecated-declarations]
  533 |         uint16_t r16 = fl::map8_to_16(mData[0]);
      |                        ~~~~~~~~~~~~~~^~~~~~~~~~
/workspaces/PR-ESPIDFCodebase/managed_components/fastled/src/fl/../lib8tion/intmap.h:52:17: note: declared here
   52 | inline uint16_t map8_to_16(uint8_t x) {
      |                 ^~~~~~~~~~
/workspaces/PR-ESPIDFCodebase/managed_components/fastled/src/fl/../pixel_controller.h:534:38: warning: 'uint16_t fl::map8_to_16(uint8_t)' is deprecated: Use fl::int_scale<uint8_t, uint16_t>(x) instead [-Wdeprecated-declarations]
  534 |         uint16_t g16 = fl::map8_to_16(mData[1]);
      |                        ~~~~~~~~~~~~~~^~~~~~~~~~
/workspaces/PR-ESPIDFCodebase/managed_components/fastled/src/fl/../lib8tion/intmap.h:52:17: note: declared here
   52 | inline uint16_t map8_to_16(uint8_t x) {
      |                 ^~~~~~~~~~
/workspaces/PR-ESPIDFCodebase/managed_components/fastled/src/fl/../pixel_controller.h:535:38: warning: 'uint16_t fl::map8_to_16(uint8_t)' is deprecated: Use fl::int_scale<uint8_t, uint16_t>(x) instead [-Wdeprecated-declarations]
  535 |         uint16_t b16 = fl::map8_to_16(mData[2]);
      |                        ~~~~~~~~~~~~~~^~~~~~~~~~
/workspaces/PR-ESPIDFCodebase/managed_components/fastled/src/fl/../lib8tion/intmap.h:52:17: note: declared here
   52 | inline uint16_t map8_to_16(uint8_t x) {
      |                 ^~~~~~~~~~
In file included from /workspaces/PR-ESPIDFCodebase/managed_components/fastled/src/fl/../fl/../platforms/fastpin.h:28,
                 from /workspaces/PR-ESPIDFCodebase/managed_components/fastled/src/fl/../fl/fastpin.h:32,
                 from /workspaces/PR-ESPIDFCodebase/managed_components/fastled/src/fl/../fastpin.h:11,
                 from /workspaces/PR-ESPIDFCodebase/managed_components/fastled/src/fl/../FastLED.h:101,
                 from /workspaces/PR-ESPIDFCodebase/managed_components/fastled/src/fl/../platforms.h:3,
                 from /workspaces/PR-ESPIDFCodebase/managed_components/fastled/src/fl/fastled.h:83:
/workspaces/PR-ESPIDFCodebase/managed_components/fastled/src/platforms/generic_pin.h: At global scope:
/workspaces/PR-ESPIDFCodebase/managed_components/fastled/src/platforms/generic_pin.h:101:9: warning: type qualifiers ignored on function return type [-Wignored-qualifiers]
  101 |         port_t hival() __attribute__ ((always_inline)) {
      |         ^~~~~~
/workspaces/PR-ESPIDFCodebase/managed_components/fastled/src/platforms/generic_pin.h:106:9: warning: type qualifiers ignored on function return type [-Wignored-qualifiers]
  106 |         port_t loval() __attribute__ ((always_inline)) {
      |         ^~~~~~
/workspaces/PR-ESPIDFCodebase/managed_components/fastled/src/platforms/generic_pin.h:113:9: warning: type qualifiers ignored on function return type [-Wignored-qualifiers]
  113 |         port_t mask() __attribute__ ((always_inline)) { return mPinMask; }
      |         ^~~~~~
[2001/2107] Building CXX object esp-idf/fastled/CMakeFiles/__idf_fastled.dir/src/fl/type_traits.cpp.obj
[2002/2107] Building CXX object esp-idf/fastled/CMakeFiles/__idf_fastled.dir/src/fl/xmap.cpp.obj
[2003/2107] Building CXX object esp-idf/fastled/CMakeFiles/__idf_fastled.dir/src/fl/screenmap.cpp.obj
[2004/2107] Building CXX object esp-idf/fastled/CMakeFiles/__idf_fastled.dir/src/fl/ease.cpp.obj
In file included from /workspaces/PR-ESPIDFCodebase/managed_components/fastled/src/fl/../lib8tion/math8.h:8,
                 from /workspaces/PR-ESPIDFCodebase/managed_components/fastled/src/fl/../lib8tion.h:234,
                 from /workspaces/PR-ESPIDFCodebase/managed_components/fastled/src/fl/../pixeltypes.h:7,
                 from /workspaces/PR-ESPIDFCodebase/managed_components/fastled/src/fl/fastled.h:61,
                 from /workspaces/PR-ESPIDFCodebase/managed_components/fastled/src/fl/ease.cpp:5:
/workspaces/PR-ESPIDFCodebase/managed_components/fastled/src/platforms/math8.h: In function 'uint8_t fl::sqrt8(uint8_t)':
/workspaces/PR-ESPIDFCodebase/managed_components/fastled/src/platforms/math8.h:79:29: warning: 'uint16_t fl::map8_to_16(uint8_t)' is deprecated: Use fl::int_scale<uint8_t, uint16_t>(x) instead [-Wdeprecated-declarations]
   79 |     return sqrt16(map8_to_16(x));
      |                   ~~~~~~~~~~^~~
In file included from /workspaces/PR-ESPIDFCodebase/managed_components/fastled/src/fl/../lib8tion/math8.h:5:
/workspaces/PR-ESPIDFCodebase/managed_components/fastled/src/fl/../lib8tion/intmap.h:52:17: note: declared here
   52 | inline uint16_t map8_to_16(uint8_t x) {
      |                 ^~~~~~~~~~
In file included from /workspaces/PR-ESPIDFCodebase/managed_components/fastled/src/fl/fastled.h:66:
/workspaces/PR-ESPIDFCodebase/managed_components/fastled/src/fl/../pixel_controller.h: In member function 'void PixelController<RGB_ORDER, LANES, MASK>::loadAndScale_WS2816_HD(uint16_t*, uint16_t*, uint16_t*)':
/workspaces/PR-ESPIDFCodebase/managed_components/fastled/src/fl/../pixel_controller.h:533:38: warning: 'uint16_t fl::map8_to_16(uint8_t)' is deprecated: Use fl::int_scale<uint8_t, uint16_t>(x) instead [-Wdeprecated-declarations]
  533 |         uint16_t r16 = fl::map8_to_16(mData[0]);
      |                        ~~~~~~~~~~~~~~^~~~~~~~~~
/workspaces/PR-ESPIDFCodebase/managed_components/fastled/src/fl/../lib8tion/intmap.h:52:17: note: declared here
   52 | inline uint16_t map8_to_16(uint8_t x) {
      |                 ^~~~~~~~~~
/workspaces/PR-ESPIDFCodebase/managed_components/fastled/src/fl/../pixel_controller.h:534:38: warning: 'uint16_t fl::map8_to_16(uint8_t)' is deprecated: Use fl::int_scale<uint8_t, uint16_t>(x) instead [-Wdeprecated-declarations]
  534 |         uint16_t g16 = fl::map8_to_16(mData[1]);
      |                        ~~~~~~~~~~~~~~^~~~~~~~~~
/workspaces/PR-ESPIDFCodebase/managed_components/fastled/src/fl/../lib8tion/intmap.h:52:17: note: declared here
   52 | inline uint16_t map8_to_16(uint8_t x) {
      |                 ^~~~~~~~~~
/workspaces/PR-ESPIDFCodebase/managed_components/fastled/src/fl/../pixel_controller.h:535:38: warning: 'uint16_t fl::map8_to_16(uint8_t)' is deprecated: Use fl::int_scale<uint8_t, uint16_t>(x) instead [-Wdeprecated-declarations]
  535 |         uint16_t b16 = fl::map8_to_16(mData[2]);
      |                        ~~~~~~~~~~~~~~^~~~~~~~~~
/workspaces/PR-ESPIDFCodebase/managed_components/fastled/src/fl/../lib8tion/intmap.h:52:17: note: declared here
   52 | inline uint16_t map8_to_16(uint8_t x) {
      |                 ^~~~~~~~~~
In file included from /workspaces/PR-ESPIDFCodebase/managed_components/fastled/src/fl/../fl/../platforms/fastpin.h:28,
                 from /workspaces/PR-ESPIDFCodebase/managed_components/fastled/src/fl/../fl/fastpin.h:32,
                 from /workspaces/PR-ESPIDFCodebase/managed_components/fastled/src/fl/../fastpin.h:11,
                 from /workspaces/PR-ESPIDFCodebase/managed_components/fastled/src/fl/../FastLED.h:101,
                 from /workspaces/PR-ESPIDFCodebase/managed_components/fastled/src/fl/../platforms.h:3,
                 from /workspaces/PR-ESPIDFCodebase/managed_components/fastled/src/fl/fastled.h:83:
/workspaces/PR-ESPIDFCodebase/managed_components/fastled/src/platforms/generic_pin.h: At global scope:
/workspaces/PR-ESPIDFCodebase/managed_components/fastled/src/platforms/generic_pin.h:101:9: warning: type qualifiers ignored on function return type [-Wignored-qualifiers]
  101 |         port_t hival() __attribute__ ((always_inline)) {
      |         ^~~~~~
/workspaces/PR-ESPIDFCodebase/managed_components/fastled/src/platforms/generic_pin.h:106:9: warning: type qualifiers ignored on function return type [-Wignored-qualifiers]
  106 |         port_t loval() __attribute__ ((always_inline)) {
      |         ^~~~~~
/workspaces/PR-ESPIDFCodebase/managed_components/fastled/src/platforms/generic_pin.h:113:9: warning: type qualifiers ignored on function return type [-Wignored-qualifiers]
  113 |         port_t mask() __attribute__ ((always_inline)) { return mPinMask; }
      |         ^~~~~~
/workspaces/PR-ESPIDFCodebase/managed_components/fastled/src/fl/ease.cpp: In function 'fl::u8 fl::easeOutSine8(u8)':
/workspaces/PR-ESPIDFCodebase/managed_components/fastled/src/fl/ease.cpp:165:29: warning: 'uint16_t fl::map8_to_16(uint8_t)' is deprecated: Use fl::int_scale<uint8_t, uint16_t>(x) instead [-Wdeprecated-declarations]
  165 |     u16 input16 = map8_to_16(i);
      |                   ~~~~~~~~~~^~~
/workspaces/PR-ESPIDFCodebase/managed_components/fastled/src/fl/../lib8tion/intmap.h:52:17: note: declared here
   52 | inline uint16_t map8_to_16(uint8_t x) {
      |                 ^~~~~~~~~~
/workspaces/PR-ESPIDFCodebase/managed_components/fastled/src/fl/ease.cpp:167:22: warning: 'uint8_t fl::map16_to_8(uint16_t)' is deprecated: Use fl::int_scale<uint16_t, uint8_t>(x) instead [-Wdeprecated-declarations]
  167 |     return map16_to_8(result16);
      |            ~~~~~~~~~~^~~~~~~~~~
/workspaces/PR-ESPIDFCodebase/managed_components/fastled/src/fl/../lib8tion/intmap.h:70:16: note: declared here
   70 | inline uint8_t map16_to_8(uint16_t x) {
      |                ^~~~~~~~~~
/workspaces/PR-ESPIDFCodebase/managed_components/fastled/src/fl/ease.cpp: In function 'fl::u8 fl::easeInOutSine8(u8)':
/workspaces/PR-ESPIDFCodebase/managed_components/fastled/src/fl/ease.cpp:174:29: warning: 'uint16_t fl::map8_to_16(uint8_t)' is deprecated: Use fl::int_scale<uint8_t, uint16_t>(x) instead [-Wdeprecated-declarations]
  174 |     u16 input16 = map8_to_16(i);
      |                   ~~~~~~~~~~^~~
/workspaces/PR-ESPIDFCodebase/managed_components/fastled/src/fl/../lib8tion/intmap.h:52:17: note: declared here
   52 | inline uint16_t map8_to_16(uint8_t x) {
      |                 ^~~~~~~~~~
/workspaces/PR-ESPIDFCodebase/managed_components/fastled/src/fl/ease.cpp:176:22: warning: 'uint8_t fl::map16_to_8(uint16_t)' is deprecated: Use fl::int_scale<uint16_t, uint8_t>(x) instead [-Wdeprecated-declarations]
  176 |     return map16_to_8(result16);
      |            ~~~~~~~~~~^~~~~~~~~~
/workspaces/PR-ESPIDFCodebase/managed_components/fastled/src/fl/../lib8tion/intmap.h:70:16: note: declared here
   70 | inline uint8_t map16_to_8(uint16_t x) {
      |                ^~~~~~~~~~
[2005/2107] Building CXX object esp-idf/fastled/CMakeFiles/__idf_fastled.dir/src/fl/upscale.cpp.obj
[2006/2107] Building CXX object esp-idf/fastled/CMakeFiles/__idf_fastled.dir/src/fl/ui.cpp.obj
[2007/2107] Building CXX object esp-idf/fastled/CMakeFiles/__idf_fastled.dir/src/fl/wave_simulation_real.cpp.obj
[2008/2107] Building CXX object esp-idf/fastled/CMakeFiles/__idf_fastled.dir/src/fl/wave_simulation.cpp.obj
[2009/2107] Building CXX object esp-idf/fastled/CMakeFiles/__idf_fastled.dir/src/fl/xymap.cpp.obj
[2010/2107] Building CXX object esp-idf/fastled/CMakeFiles/__idf_fastled.dir/src/fl/transform.cpp.obj
/workspaces/PR-ESPIDFCodebase/managed_components/fastled/src/fl/transform.cpp: In member function 'fl::vec2<short unsigned int> fl::Transform16::transform(const fl::vec2<short unsigned int>&) const':
/workspaces/PR-ESPIDFCodebase/managed_components/fastled/src/fl/transform.cpp:120:28: warning: 'uint16_t fl::map32_to_16(uint32_t)' is deprecated: Use fl::int_scale<uint32_t, uint16_t>(x) instead [-Wdeprecated-declarations]
  120 |         out.x = map32_to_16(tx);
      |                 ~~~~~~~~~~~^~~~
In file included from /workspaces/PR-ESPIDFCodebase/managed_components/fastled/src/fl/transform.cpp:7:
/workspaces/PR-ESPIDFCodebase/managed_components/fastled/src/lib8tion/intmap.h:76:17: note: declared here
   76 | inline uint16_t map32_to_16(uint32_t x) {
      |                 ^~~~~~~~~~~
/workspaces/PR-ESPIDFCodebase/managed_components/fastled/src/fl/transform.cpp:124:28: warning: 'uint16_t fl::map32_to_16(uint32_t)' is deprecated: Use fl::int_scale<uint32_t, uint16_t>(x) instead [-Wdeprecated-declarations]
  124 |         out.y = map32_to_16(ty);
      |                 ~~~~~~~~~~~^~~~
/workspaces/PR-ESPIDFCodebase/managed_components/fastled/src/lib8tion/intmap.h:76:17: note: declared here
   76 | inline uint16_t map32_to_16(uint32_t x) {
      |                 ^~~~~~~~~~~
[2011/2107] Building CXX object esp-idf/fastled/CMakeFiles/__idf_fastled.dir/src/fx/2d/blend.cpp.obj
[2012/2107] Building CXX object esp-idf/fastled/CMakeFiles/__idf_fastled.dir/src/sensors/button.cpp.obj
[2013/2107] Building CXX object esp-idf/fastled/CMakeFiles/__idf_fastled.dir/src/fl/xypath_impls.cpp.obj
[2014/2107] Building CXX object esp-idf/fastled/CMakeFiles/__idf_fastled.dir/src/fx/detail/fx_layer.cpp.obj
[2015/2107] Building CXX object esp-idf/fastled/CMakeFiles/__idf_fastled.dir/src/fl/fft_impl.cpp.obj
In file included from /workspaces/PR-ESPIDFCodebase/managed_components/fastled/src/fl/../lib8tion/math8.h:8,
                 from /workspaces/PR-ESPIDFCodebase/managed_components/fastled/src/fl/../lib8tion.h:234,
                 from /workspaces/PR-ESPIDFCodebase/managed_components/fastled/src/fl/../pixeltypes.h:7,
                 from /workspaces/PR-ESPIDFCodebase/managed_components/fastled/src/fl/fastled.h:61,
                 from /workspaces/PR-ESPIDFCodebase/managed_components/fastled/src/fl/fft_impl.cpp:13:
/workspaces/PR-ESPIDFCodebase/managed_components/fastled/src/platforms/math8.h: In function 'uint8_t fl::sqrt8(uint8_t)':
/workspaces/PR-ESPIDFCodebase/managed_components/fastled/src/platforms/math8.h:79:29: warning: 'uint16_t fl::map8_to_16(uint8_t)' is deprecated: Use fl::int_scale<uint8_t, uint16_t>(x) instead [-Wdeprecated-declarations]
   79 |     return sqrt16(map8_to_16(x));
      |                   ~~~~~~~~~~^~~
In file included from /workspaces/PR-ESPIDFCodebase/managed_components/fastled/src/fl/../lib8tion/math8.h:5:
/workspaces/PR-ESPIDFCodebase/managed_components/fastled/src/fl/../lib8tion/intmap.h:52:17: note: declared here
   52 | inline uint16_t map8_to_16(uint8_t x) {
      |                 ^~~~~~~~~~
In file included from /workspaces/PR-ESPIDFCodebase/managed_components/fastled/src/fl/fastled.h:66:
/workspaces/PR-ESPIDFCodebase/managed_components/fastled/src/fl/../pixel_controller.h: In member function 'void PixelController<RGB_ORDER, LANES, MASK>::loadAndScale_WS2816_HD(uint16_t*, uint16_t*, uint16_t*)':
/workspaces/PR-ESPIDFCodebase/managed_components/fastled/src/fl/../pixel_controller.h:533:38: warning: 'uint16_t fl::map8_to_16(uint8_t)' is deprecated: Use fl::int_scale<uint8_t, uint16_t>(x) instead [-Wdeprecated-declarations]
  533 |         uint16_t r16 = fl::map8_to_16(mData[0]);
      |                        ~~~~~~~~~~~~~~^~~~~~~~~~
/workspaces/PR-ESPIDFCodebase/managed_components/fastled/src/fl/../lib8tion/intmap.h:52:17: note: declared here
   52 | inline uint16_t map8_to_16(uint8_t x) {
      |                 ^~~~~~~~~~
/workspaces/PR-ESPIDFCodebase/managed_components/fastled/src/fl/../pixel_controller.h:534:38: warning: 'uint16_t fl::map8_to_16(uint8_t)' is deprecated: Use fl::int_scale<uint8_t, uint16_t>(x) instead [-Wdeprecated-declarations]
  534 |         uint16_t g16 = fl::map8_to_16(mData[1]);
      |                        ~~~~~~~~~~~~~~^~~~~~~~~~
/workspaces/PR-ESPIDFCodebase/managed_components/fastled/src/fl/../lib8tion/intmap.h:52:17: note: declared here
   52 | inline uint16_t map8_to_16(uint8_t x) {
      |                 ^~~~~~~~~~
/workspaces/PR-ESPIDFCodebase/managed_components/fastled/src/fl/../pixel_controller.h:535:38: warning: 'uint16_t fl::map8_to_16(uint8_t)' is deprecated: Use fl::int_scale<uint8_t, uint16_t>(x) instead [-Wdeprecated-declarations]
  535 |         uint16_t b16 = fl::map8_to_16(mData[2]);
      |                        ~~~~~~~~~~~~~~^~~~~~~~~~
/workspaces/PR-ESPIDFCodebase/managed_components/fastled/src/fl/../lib8tion/intmap.h:52:17: note: declared here
   52 | inline uint16_t map8_to_16(uint8_t x) {
      |                 ^~~~~~~~~~
In file included from /workspaces/PR-ESPIDFCodebase/managed_components/fastled/src/fl/../fl/../platforms/fastpin.h:28,
                 from /workspaces/PR-ESPIDFCodebase/managed_components/fastled/src/fl/../fl/fastpin.h:32,
                 from /workspaces/PR-ESPIDFCodebase/managed_components/fastled/src/fl/../fastpin.h:11,
                 from /workspaces/PR-ESPIDFCodebase/managed_components/fastled/src/fl/../FastLED.h:101,
                 from /workspaces/PR-ESPIDFCodebase/managed_components/fastled/src/fl/../platforms.h:3,
                 from /workspaces/PR-ESPIDFCodebase/managed_components/fastled/src/fl/fastled.h:83:
/workspaces/PR-ESPIDFCodebase/managed_components/fastled/src/platforms/generic_pin.h: At global scope:
/workspaces/PR-ESPIDFCodebase/managed_components/fastled/src/platforms/generic_pin.h:101:9: warning: type qualifiers ignored on function return type [-Wignored-qualifiers]
  101 |         port_t hival() __attribute__ ((always_inline)) {
      |         ^~~~~~
/workspaces/PR-ESPIDFCodebase/managed_components/fastled/src/platforms/generic_pin.h:106:9: warning: type qualifiers ignored on function return type [-Wignored-qualifiers]
  106 |         port_t loval() __attribute__ ((always_inline)) {
      |         ^~~~~~
/workspaces/PR-ESPIDFCodebase/managed_components/fastled/src/platforms/generic_pin.h:113:9: warning: type qualifiers ignored on function return type [-Wignored-qualifiers]
  113 |         port_t mask() __attribute__ ((always_inline)) { return mPinMask; }
      |         ^~~~~~
[2016/2107] Building CXX object esp-idf/fastled/CMakeFiles/__idf_fastled.dir/src/fl/xypath_renderer.cpp.obj
[2017/2107] Building CXX object esp-idf/fastled/CMakeFiles/__idf_fastled.dir/src/fx/frame.cpp.obj
[2018/2107] Building CXX object esp-idf/fastled/CMakeFiles/__idf_fastled.dir/src/fx/time.cpp.obj
[2019/2107] Building CXX object esp-idf/fastled/CMakeFiles/__idf_fastled.dir/src/fx/2d/scale_up.cpp.obj
[2020/2107] Building CXX object esp-idf/fastled/CMakeFiles/__idf_fastled.dir/src/fx/2d/wave.cpp.obj
[2021/2107] Building CXX object esp-idf/fastled/CMakeFiles/__idf_fastled.dir/src/fl/xypath.cpp.obj
[2022/2107] Building CXX object esp-idf/fastled/CMakeFiles/__idf_fastled.dir/src/fl/rgbw.cpp.obj
In file included from /workspaces/PR-ESPIDFCodebase/managed_components/fastled/src/fl/../lib8tion/math8.h:8,
                 from /workspaces/PR-ESPIDFCodebase/managed_components/fastled/src/fl/../lib8tion.h:234,
                 from /workspaces/PR-ESPIDFCodebase/managed_components/fastled/src/fl/../pixeltypes.h:7,
                 from /workspaces/PR-ESPIDFCodebase/managed_components/fastled/src/fl/fastled.h:61,
                 from /workspaces/PR-ESPIDFCodebase/managed_components/fastled/src/fl/rgbw.cpp:7:
/workspaces/PR-ESPIDFCodebase/managed_components/fastled/src/platforms/math8.h: In function 'uint8_t fl::sqrt8(uint8_t)':
/workspaces/PR-ESPIDFCodebase/managed_components/fastled/src/platforms/math8.h:79:29: warning: 'uint16_t fl::map8_to_16(uint8_t)' is deprecated: Use fl::int_scale<uint8_t, uint16_t>(x) instead [-Wdeprecated-declarations]
   79 |     return sqrt16(map8_to_16(x));
      |                   ~~~~~~~~~~^~~
In file included from /workspaces/PR-ESPIDFCodebase/managed_components/fastled/src/fl/../lib8tion/math8.h:5:
/workspaces/PR-ESPIDFCodebase/managed_components/fastled/src/fl/../lib8tion/intmap.h:52:17: note: declared here
   52 | inline uint16_t map8_to_16(uint8_t x) {
      |                 ^~~~~~~~~~
In file included from /workspaces/PR-ESPIDFCodebase/managed_components/fastled/src/fl/fastled.h:66:
/workspaces/PR-ESPIDFCodebase/managed_components/fastled/src/fl/../pixel_controller.h: In member function 'void PixelController<RGB_ORDER, LANES, MASK>::loadAndScale_WS2816_HD(uint16_t*, uint16_t*, uint16_t*)':
/workspaces/PR-ESPIDFCodebase/managed_components/fastled/src/fl/../pixel_controller.h:533:38: warning: 'uint16_t fl::map8_to_16(uint8_t)' is deprecated: Use fl::int_scale<uint8_t, uint16_t>(x) instead [-Wdeprecated-declarations]
  533 |         uint16_t r16 = fl::map8_to_16(mData[0]);
      |                        ~~~~~~~~~~~~~~^~~~~~~~~~
/workspaces/PR-ESPIDFCodebase/managed_components/fastled/src/fl/../lib8tion/intmap.h:52:17: note: declared here
   52 | inline uint16_t map8_to_16(uint8_t x) {
      |                 ^~~~~~~~~~
/workspaces/PR-ESPIDFCodebase/managed_components/fastled/src/fl/../pixel_controller.h:534:38: warning: 'uint16_t fl::map8_to_16(uint8_t)' is deprecated: Use fl::int_scale<uint8_t, uint16_t>(x) instead [-Wdeprecated-declarations]
  534 |         uint16_t g16 = fl::map8_to_16(mData[1]);
      |                        ~~~~~~~~~~~~~~^~~~~~~~~~
/workspaces/PR-ESPIDFCodebase/managed_components/fastled/src/fl/../lib8tion/intmap.h:52:17: note: declared here
   52 | inline uint16_t map8_to_16(uint8_t x) {
      |                 ^~~~~~~~~~
/workspaces/PR-ESPIDFCodebase/managed_components/fastled/src/fl/../pixel_controller.h:535:38: warning: 'uint16_t fl::map8_to_16(uint8_t)' is deprecated: Use fl::int_scale<uint8_t, uint16_t>(x) instead [-Wdeprecated-declarations]
  535 |         uint16_t b16 = fl::map8_to_16(mData[2]);
      |                        ~~~~~~~~~~~~~~^~~~~~~~~~
/workspaces/PR-ESPIDFCodebase/managed_components/fastled/src/fl/../lib8tion/intmap.h:52:17: note: declared here
   52 | inline uint16_t map8_to_16(uint8_t x) {
      |                 ^~~~~~~~~~
In file included from /workspaces/PR-ESPIDFCodebase/managed_components/fastled/src/fl/../fl/../platforms/fastpin.h:28,
                 from /workspaces/PR-ESPIDFCodebase/managed_components/fastled/src/fl/../fl/fastpin.h:32,
                 from /workspaces/PR-ESPIDFCodebase/managed_components/fastled/src/fl/../fastpin.h:11,
                 from /workspaces/PR-ESPIDFCodebase/managed_components/fastled/src/fl/../FastLED.h:101,
                 from /workspaces/PR-ESPIDFCodebase/managed_components/fastled/src/fl/../platforms.h:3,
                 from /workspaces/PR-ESPIDFCodebase/managed_components/fastled/src/fl/fastled.h:83:
/workspaces/PR-ESPIDFCodebase/managed_components/fastled/src/platforms/generic_pin.h: At global scope:
/workspaces/PR-ESPIDFCodebase/managed_components/fastled/src/platforms/generic_pin.h:101:9: warning: type qualifiers ignored on function return type [-Wignored-qualifiers]
  101 |         port_t hival() __attribute__ ((always_inline)) {
      |         ^~~~~~
/workspaces/PR-ESPIDFCodebase/managed_components/fastled/src/platforms/generic_pin.h:106:9: warning: type qualifiers ignored on function return type [-Wignored-qualifiers]
  106 |         port_t loval() __attribute__ ((always_inline)) {
      |         ^~~~~~
/workspaces/PR-ESPIDFCodebase/managed_components/fastled/src/platforms/generic_pin.h:113:9: warning: type qualifiers ignored on function return type [-Wignored-qualifiers]
  113 |         port_t mask() __attribute__ ((always_inline)) { return mPinMask; }
      |         ^~~~~~
[2023/2107] Building CXX object esp-idf/fastled/CMakeFiles/__idf_fastled.dir/src/fx/fx2d_to_1d.cpp.obj
[2024/2107] Building CXX object esp-idf/fastled/CMakeFiles/__idf_fastled.dir/src/fx/fx_engine.cpp.obj
[2025/2107] Building CXX object esp-idf/fastled/CMakeFiles/__idf_fastled.dir/src/fl/time.cpp.obj
[2026/2107] Building CXX object esp-idf/fastled/CMakeFiles/__idf_fastled.dir/src/fx/video.cpp.obj
[2027/2107] Building CXX object esp-idf/fastled/CMakeFiles/__idf_fastled.dir/src/platforms/esp/32/clockless_parlio_esp32p4.cpp.obj
[2028/2107] Building CXX object esp-idf/fastled/CMakeFiles/__idf_fastled.dir/src/fl/fastled_internal.cpp.obj
In file included from /workspaces/PR-ESPIDFCodebase/managed_components/fastled/src/fl/../lib8tion/math8.h:8,
                 from /workspaces/PR-ESPIDFCodebase/managed_components/fastled/src/fl/../lib8tion.h:234,
                 from /workspaces/PR-ESPIDFCodebase/managed_components/fastled/src/fl/../pixeltypes.h:7,
                 from /workspaces/PR-ESPIDFCodebase/managed_components/fastled/src/fl/fastled.h:61,
                 from /workspaces/PR-ESPIDFCodebase/managed_components/fastled/src/fl/fastled_internal.cpp:2:
/workspaces/PR-ESPIDFCodebase/managed_components/fastled/src/platforms/math8.h: In function 'uint8_t fl::sqrt8(uint8_t)':
/workspaces/PR-ESPIDFCodebase/managed_components/fastled/src/platforms/math8.h:79:29: warning: 'uint16_t fl::map8_to_16(uint8_t)' is deprecated: Use fl::int_scale<uint8_t, uint16_t>(x) instead [-Wdeprecated-declarations]
   79 |     return sqrt16(map8_to_16(x));
      |                   ~~~~~~~~~~^~~
In file included from /workspaces/PR-ESPIDFCodebase/managed_components/fastled/src/fl/../lib8tion/math8.h:5:
/workspaces/PR-ESPIDFCodebase/managed_components/fastled/src/fl/../lib8tion/intmap.h:52:17: note: declared here
   52 | inline uint16_t map8_to_16(uint8_t x) {
      |                 ^~~~~~~~~~
In file included from /workspaces/PR-ESPIDFCodebase/managed_components/fastled/src/fl/fastled.h:66:
/workspaces/PR-ESPIDFCodebase/managed_components/fastled/src/fl/../pixel_controller.h: In member function 'void PixelController<RGB_ORDER, LANES, MASK>::loadAndScale_WS2816_HD(uint16_t*, uint16_t*, uint16_t*)':
/workspaces/PR-ESPIDFCodebase/managed_components/fastled/src/fl/../pixel_controller.h:533:38: warning: 'uint16_t fl::map8_to_16(uint8_t)' is deprecated: Use fl::int_scale<uint8_t, uint16_t>(x) instead [-Wdeprecated-declarations]
  533 |         uint16_t r16 = fl::map8_to_16(mData[0]);
      |                        ~~~~~~~~~~~~~~^~~~~~~~~~
/workspaces/PR-ESPIDFCodebase/managed_components/fastled/src/fl/../lib8tion/intmap.h:52:17: note: declared here
   52 | inline uint16_t map8_to_16(uint8_t x) {
      |                 ^~~~~~~~~~
/workspaces/PR-ESPIDFCodebase/managed_components/fastled/src/fl/../pixel_controller.h:534:38: warning: 'uint16_t fl::map8_to_16(uint8_t)' is deprecated: Use fl::int_scale<uint8_t, uint16_t>(x) instead [-Wdeprecated-declarations]
  534 |         uint16_t g16 = fl::map8_to_16(mData[1]);
      |                        ~~~~~~~~~~~~~~^~~~~~~~~~
/workspaces/PR-ESPIDFCodebase/managed_components/fastled/src/fl/../lib8tion/intmap.h:52:17: note: declared here
   52 | inline uint16_t map8_to_16(uint8_t x) {
      |                 ^~~~~~~~~~
/workspaces/PR-ESPIDFCodebase/managed_components/fastled/src/fl/../pixel_controller.h:535:38: warning: 'uint16_t fl::map8_to_16(uint8_t)' is deprecated: Use fl::int_scale<uint8_t, uint16_t>(x) instead [-Wdeprecated-declarations]
  535 |         uint16_t b16 = fl::map8_to_16(mData[2]);
      |                        ~~~~~~~~~~~~~~^~~~~~~~~~
/workspaces/PR-ESPIDFCodebase/managed_components/fastled/src/fl/../lib8tion/intmap.h:52:17: note: declared here
   52 | inline uint16_t map8_to_16(uint8_t x) {
      |                 ^~~~~~~~~~
In file included from /workspaces/PR-ESPIDFCodebase/managed_components/fastled/src/fl/../fl/../platforms/fastpin.h:28,
                 from /workspaces/PR-ESPIDFCodebase/managed_components/fastled/src/fl/../fl/fastpin.h:32,
                 from /workspaces/PR-ESPIDFCodebase/managed_components/fastled/src/fl/../fastpin.h:11,
                 from /workspaces/PR-ESPIDFCodebase/managed_components/fastled/src/fl/../FastLED.h:101,
                 from /workspaces/PR-ESPIDFCodebase/managed_components/fastled/src/fl/../platforms.h:3,
                 from /workspaces/PR-ESPIDFCodebase/managed_components/fastled/src/fl/fastled.h:83:
/workspaces/PR-ESPIDFCodebase/managed_components/fastled/src/platforms/generic_pin.h: At global scope:
/workspaces/PR-ESPIDFCodebase/managed_components/fastled/src/platforms/generic_pin.h:101:9: warning: type qualifiers ignored on function return type [-Wignored-qualifiers]
  101 |         port_t hival() __attribute__ ((always_inline)) {
      |         ^~~~~~
/workspaces/PR-ESPIDFCodebase/managed_components/fastled/src/platforms/generic_pin.h:106:9: warning: type qualifiers ignored on function return type [-Wignored-qualifiers]
  106 |         port_t loval() __attribute__ ((always_inline)) {
      |         ^~~~~~
/workspaces/PR-ESPIDFCodebase/managed_components/fastled/src/platforms/generic_pin.h:113:9: warning: type qualifiers ignored on function return type [-Wignored-qualifiers]
  113 |         port_t mask() __attribute__ ((always_inline)) { return mPinMask; }
      |         ^~~~~~
[2029/2107] Building CXX object esp-idf/fastled/CMakeFiles/__idf_fastled.dir/src/platforms/esp/32/clockless_lcd_i80_esp32.cpp.obj
[2030/2107] Building CXX object esp-idf/fastled/CMakeFiles/__idf_fastled.dir/src/platforms/esp/32/clockless_lcd_rgb_esp32.cpp.obj
[2031/2107] Building CXX object esp-idf/fastled/CMakeFiles/__idf_fastled.dir/src/fx/video/frame_tracker.cpp.obj
[2032/2107] Building CXX object esp-idf/fastled/CMakeFiles/__idf_fastled.dir/src/platforms/esp/32/clockless_i2s_esp32s3.cpp.obj
[2033/2107] Building CXX object esp-idf/fastled/CMakeFiles/__idf_fastled.dir/src/fx/video/pixel_stream.cpp.obj
[2034/2107] Building CXX object esp-idf/fastled/CMakeFiles/__idf_fastled.dir/src/fx/video/video_impl.cpp.obj
[2035/2107] Building CXX object esp-idf/fastled/CMakeFiles/__idf_fastled.dir/src/fx/video/frame_interpolator.cpp.obj
[2036/2107] Building CXX object esp-idf/fastled/CMakeFiles/__idf_fastled.dir/src/platforms/esp/32/isr_esp32.cpp.obj
[2037/2107] Building CXX object esp-idf/fastled/CMakeFiles/__idf_fastled.dir/src/platforms/esp/32/interrupt.cpp.obj
[2038/2107] Building CXX object esp-idf/fastled/CMakeFiles/__idf_fastled.dir/src/platforms/esp/32/rmt_5/rmt5_controller_lowlevel.cpp.obj
[2039/2107] Building CXX object esp-idf/fastled/CMakeFiles/__idf_fastled.dir/src/sensors/digital_pin.cpp.obj
[2040/2107] Building CXX object esp-idf/fastled/CMakeFiles/__idf_fastled.dir/src/fx/2d/luminova.cpp.obj
In file included from /workspaces/PR-ESPIDFCodebase/managed_components/fastled/src/fl/../lib8tion/math8.h:8,
                 from /workspaces/PR-ESPIDFCodebase/managed_components/fastled/src/fl/../lib8tion.h:234,
                 from /workspaces/PR-ESPIDFCodebase/managed_components/fastled/src/fl/../pixeltypes.h:7,
                 from /workspaces/PR-ESPIDFCodebase/managed_components/fastled/src/fl/fastled.h:61,
                 from /workspaces/PR-ESPIDFCodebase/managed_components/fastled/src/fx/2d/luminova.cpp:8:
/workspaces/PR-ESPIDFCodebase/managed_components/fastled/src/platforms/math8.h: In function 'uint8_t fl::sqrt8(uint8_t)':
/workspaces/PR-ESPIDFCodebase/managed_components/fastled/src/platforms/math8.h:79:29: warning: 'uint16_t fl::map8_to_16(uint8_t)' is deprecated: Use fl::int_scale<uint8_t, uint16_t>(x) instead [-Wdeprecated-declarations]
   79 |     return sqrt16(map8_to_16(x));
      |                   ~~~~~~~~~~^~~
In file included from /workspaces/PR-ESPIDFCodebase/managed_components/fastled/src/fl/../lib8tion/math8.h:5:
/workspaces/PR-ESPIDFCodebase/managed_components/fastled/src/fl/../lib8tion/intmap.h:52:17: note: declared here
   52 | inline uint16_t map8_to_16(uint8_t x) {
      |                 ^~~~~~~~~~
In file included from /workspaces/PR-ESPIDFCodebase/managed_components/fastled/src/fl/fastled.h:66:
/workspaces/PR-ESPIDFCodebase/managed_components/fastled/src/fl/../pixel_controller.h: In member function 'void PixelController<RGB_ORDER, LANES, MASK>::loadAndScale_WS2816_HD(uint16_t*, uint16_t*, uint16_t*)':
/workspaces/PR-ESPIDFCodebase/managed_components/fastled/src/fl/../pixel_controller.h:533:38: warning: 'uint16_t fl::map8_to_16(uint8_t)' is deprecated: Use fl::int_scale<uint8_t, uint16_t>(x) instead [-Wdeprecated-declarations]
  533 |         uint16_t r16 = fl::map8_to_16(mData[0]);
      |                        ~~~~~~~~~~~~~~^~~~~~~~~~
/workspaces/PR-ESPIDFCodebase/managed_components/fastled/src/fl/../lib8tion/intmap.h:52:17: note: declared here
   52 | inline uint16_t map8_to_16(uint8_t x) {
      |                 ^~~~~~~~~~
/workspaces/PR-ESPIDFCodebase/managed_components/fastled/src/fl/../pixel_controller.h:534:38: warning: 'uint16_t fl::map8_to_16(uint8_t)' is deprecated: Use fl::int_scale<uint8_t, uint16_t>(x) instead [-Wdeprecated-declarations]
  534 |         uint16_t g16 = fl::map8_to_16(mData[1]);
      |                        ~~~~~~~~~~~~~~^~~~~~~~~~
/workspaces/PR-ESPIDFCodebase/managed_components/fastled/src/fl/../lib8tion/intmap.h:52:17: note: declared here
   52 | inline uint16_t map8_to_16(uint8_t x) {
      |                 ^~~~~~~~~~
/workspaces/PR-ESPIDFCodebase/managed_components/fastled/src/fl/../pixel_controller.h:535:38: warning: 'uint16_t fl::map8_to_16(uint8_t)' is deprecated: Use fl::int_scale<uint8_t, uint16_t>(x) instead [-Wdeprecated-declarations]
  535 |         uint16_t b16 = fl::map8_to_16(mData[2]);
      |                        ~~~~~~~~~~~~~~^~~~~~~~~~
/workspaces/PR-ESPIDFCodebase/managed_components/fastled/src/fl/../lib8tion/intmap.h:52:17: note: declared here
   52 | inline uint16_t map8_to_16(uint8_t x) {
      |                 ^~~~~~~~~~
In file included from /workspaces/PR-ESPIDFCodebase/managed_components/fastled/src/fl/../fl/../platforms/fastpin.h:28,
                 from /workspaces/PR-ESPIDFCodebase/managed_components/fastled/src/fl/../fl/fastpin.h:32,
                 from /workspaces/PR-ESPIDFCodebase/managed_components/fastled/src/fl/../fastpin.h:11,
                 from /workspaces/PR-ESPIDFCodebase/managed_components/fastled/src/fl/../FastLED.h:101,
                 from /workspaces/PR-ESPIDFCodebase/managed_components/fastled/src/fl/../platforms.h:3,
                 from /workspaces/PR-ESPIDFCodebase/managed_components/fastled/src/fl/fastled.h:83:
/workspaces/PR-ESPIDFCodebase/managed_components/fastled/src/platforms/generic_pin.h: At global scope:
/workspaces/PR-ESPIDFCodebase/managed_components/fastled/src/platforms/generic_pin.h:101:9: warning: type qualifiers ignored on function return type [-Wignored-qualifiers]
  101 |         port_t hival() __attribute__ ((always_inline)) {
      |         ^~~~~~
/workspaces/PR-ESPIDFCodebase/managed_components/fastled/src/platforms/generic_pin.h:106:9: warning: type qualifiers ignored on function return type [-Wignored-qualifiers]
  106 |         port_t loval() __attribute__ ((always_inline)) {
      |         ^~~~~~
/workspaces/PR-ESPIDFCodebase/managed_components/fastled/src/platforms/generic_pin.h:113:9: warning: type qualifiers ignored on function return type [-Wignored-qualifiers]
  113 |         port_t mask() __attribute__ ((always_inline)) { return mPinMask; }
      |         ^~~~~~
[2041/2107] Building CXX object esp-idf/fastled/CMakeFiles/__idf_fastled.dir/src/sensors/pir.cpp.obj
In file included from /workspaces/PR-ESPIDFCodebase/managed_components/fastled/src/fl/../lib8tion/math8.h:8,
                 from /workspaces/PR-ESPIDFCodebase/managed_components/fastled/src/fl/../lib8tion.h:234,
                 from /workspaces/PR-ESPIDFCodebase/managed_components/fastled/src/fl/../pixeltypes.h:7,
                 from /workspaces/PR-ESPIDFCodebase/managed_components/fastled/src/fl/fastled.h:61,
                 from /workspaces/PR-ESPIDFCodebase/managed_components/fastled/src/sensors/pir.cpp:5:
/workspaces/PR-ESPIDFCodebase/managed_components/fastled/src/platforms/math8.h: In function 'uint8_t fl::sqrt8(uint8_t)':
/workspaces/PR-ESPIDFCodebase/managed_components/fastled/src/platforms/math8.h:79:29: warning: 'uint16_t fl::map8_to_16(uint8_t)' is deprecated: Use fl::int_scale<uint8_t, uint16_t>(x) instead [-Wdeprecated-declarations]
   79 |     return sqrt16(map8_to_16(x));
      |                   ~~~~~~~~~~^~~
In file included from /workspaces/PR-ESPIDFCodebase/managed_components/fastled/src/fl/../lib8tion/math8.h:5:
/workspaces/PR-ESPIDFCodebase/managed_components/fastled/src/fl/../lib8tion/intmap.h:52:17: note: declared here
   52 | inline uint16_t map8_to_16(uint8_t x) {
      |                 ^~~~~~~~~~
In file included from /workspaces/PR-ESPIDFCodebase/managed_components/fastled/src/fl/fastled.h:66:
/workspaces/PR-ESPIDFCodebase/managed_components/fastled/src/fl/../pixel_controller.h: In member function 'void PixelController<RGB_ORDER, LANES, MASK>::loadAndScale_WS2816_HD(uint16_t*, uint16_t*, uint16_t*)':
/workspaces/PR-ESPIDFCodebase/managed_components/fastled/src/fl/../pixel_controller.h:533:38: warning: 'uint16_t fl::map8_to_16(uint8_t)' is deprecated: Use fl::int_scale<uint8_t, uint16_t>(x) instead [-Wdeprecated-declarations]
  533 |         uint16_t r16 = fl::map8_to_16(mData[0]);
      |                        ~~~~~~~~~~~~~~^~~~~~~~~~
/workspaces/PR-ESPIDFCodebase/managed_components/fastled/src/fl/../lib8tion/intmap.h:52:17: note: declared here
   52 | inline uint16_t map8_to_16(uint8_t x) {
      |                 ^~~~~~~~~~
/workspaces/PR-ESPIDFCodebase/managed_components/fastled/src/fl/../pixel_controller.h:534:38: warning: 'uint16_t fl::map8_to_16(uint8_t)' is deprecated: Use fl::int_scale<uint8_t, uint16_t>(x) instead [-Wdeprecated-declarations]
  534 |         uint16_t g16 = fl::map8_to_16(mData[1]);
      |                        ~~~~~~~~~~~~~~^~~~~~~~~~
/workspaces/PR-ESPIDFCodebase/managed_components/fastled/src/fl/../lib8tion/intmap.h:52:17: note: declared here
   52 | inline uint16_t map8_to_16(uint8_t x) {
      |                 ^~~~~~~~~~
/workspaces/PR-ESPIDFCodebase/managed_components/fastled/src/fl/../pixel_controller.h:535:38: warning: 'uint16_t fl::map8_to_16(uint8_t)' is deprecated: Use fl::int_scale<uint8_t, uint16_t>(x) instead [-Wdeprecated-declarations]
  535 |         uint16_t b16 = fl::map8_to_16(mData[2]);
      |                        ~~~~~~~~~~~~~~^~~~~~~~~~
/workspaces/PR-ESPIDFCodebase/managed_components/fastled/src/fl/../lib8tion/intmap.h:52:17: note: declared here
   52 | inline uint16_t map8_to_16(uint8_t x) {
      |                 ^~~~~~~~~~
In file included from /workspaces/PR-ESPIDFCodebase/managed_components/fastled/src/fl/../fl/../platforms/fastpin.h:28,
                 from /workspaces/PR-ESPIDFCodebase/managed_components/fastled/src/fl/../fl/fastpin.h:32,
                 from /workspaces/PR-ESPIDFCodebase/managed_components/fastled/src/fl/../fastpin.h:11,
                 from /workspaces/PR-ESPIDFCodebase/managed_components/fastled/src/fl/../FastLED.h:101,
                 from /workspaces/PR-ESPIDFCodebase/managed_components/fastled/src/fl/../platforms.h:3,
                 from /workspaces/PR-ESPIDFCodebase/managed_components/fastled/src/fl/fastled.h:83:
/workspaces/PR-ESPIDFCodebase/managed_components/fastled/src/platforms/generic_pin.h: At global scope:
/workspaces/PR-ESPIDFCodebase/managed_components/fastled/src/platforms/generic_pin.h:101:9: warning: type qualifiers ignored on function return type [-Wignored-qualifiers]
  101 |         port_t hival() __attribute__ ((always_inline)) {
      |         ^~~~~~
/workspaces/PR-ESPIDFCodebase/managed_components/fastled/src/platforms/generic_pin.h:106:9: warning: type qualifiers ignored on function return type [-Wignored-qualifiers]
  106 |         port_t loval() __attribute__ ((always_inline)) {
      |         ^~~~~~
/workspaces/PR-ESPIDFCodebase/managed_components/fastled/src/platforms/generic_pin.h:113:9: warning: type qualifiers ignored on function return type [-Wignored-qualifiers]
  113 |         port_t mask() __attribute__ ((always_inline)) { return mPinMask; }
      |         ^~~~~~
[2042/2107] Building CXX object esp-idf/fastled/CMakeFiles/__idf_fastled.dir/src/platforms/esp/32/spi_platform_esp32.cpp.obj
[2043/2107] Building CXX object esp-idf/fastled/CMakeFiles/__idf_fastled.dir/src/fx/2d/noisepalette.cpp.obj
In file included from /workspaces/PR-ESPIDFCodebase/managed_components/fastled/src/fl/../lib8tion/math8.h:8,
                 from /workspaces/PR-ESPIDFCodebase/managed_components/fastled/src/fl/../lib8tion.h:234,
                 from /workspaces/PR-ESPIDFCodebase/managed_components/fastled/src/fl/../pixeltypes.h:7,
                 from /workspaces/PR-ESPIDFCodebase/managed_components/fastled/src/fl/fastled.h:61,
                 from /workspaces/PR-ESPIDFCodebase/managed_components/fastled/src/fx/2d/noisepalette.cpp:7:
/workspaces/PR-ESPIDFCodebase/managed_components/fastled/src/platforms/math8.h: In function 'uint8_t fl::sqrt8(uint8_t)':
/workspaces/PR-ESPIDFCodebase/managed_components/fastled/src/platforms/math8.h:79:29: warning: 'uint16_t fl::map8_to_16(uint8_t)' is deprecated: Use fl::int_scale<uint8_t, uint16_t>(x) instead [-Wdeprecated-declarations]
   79 |     return sqrt16(map8_to_16(x));
      |                   ~~~~~~~~~~^~~
In file included from /workspaces/PR-ESPIDFCodebase/managed_components/fastled/src/fl/../lib8tion/math8.h:5:
/workspaces/PR-ESPIDFCodebase/managed_components/fastled/src/fl/../lib8tion/intmap.h:52:17: note: declared here
   52 | inline uint16_t map8_to_16(uint8_t x) {
      |                 ^~~~~~~~~~
In file included from /workspaces/PR-ESPIDFCodebase/managed_components/fastled/src/fl/fastled.h:66:
/workspaces/PR-ESPIDFCodebase/managed_components/fastled/src/fl/../pixel_controller.h: In member function 'void PixelController<RGB_ORDER, LANES, MASK>::loadAndScale_WS2816_HD(uint16_t*, uint16_t*, uint16_t*)':
/workspaces/PR-ESPIDFCodebase/managed_components/fastled/src/fl/../pixel_controller.h:533:38: warning: 'uint16_t fl::map8_to_16(uint8_t)' is deprecated: Use fl::int_scale<uint8_t, uint16_t>(x) instead [-Wdeprecated-declarations]
  533 |         uint16_t r16 = fl::map8_to_16(mData[0]);
      |                        ~~~~~~~~~~~~~~^~~~~~~~~~
/workspaces/PR-ESPIDFCodebase/managed_components/fastled/src/fl/../lib8tion/intmap.h:52:17: note: declared here
   52 | inline uint16_t map8_to_16(uint8_t x) {
      |                 ^~~~~~~~~~
/workspaces/PR-ESPIDFCodebase/managed_components/fastled/src/fl/../pixel_controller.h:534:38: warning: 'uint16_t fl::map8_to_16(uint8_t)' is deprecated: Use fl::int_scale<uint8_t, uint16_t>(x) instead [-Wdeprecated-declarations]
  534 |         uint16_t g16 = fl::map8_to_16(mData[1]);
      |                        ~~~~~~~~~~~~~~^~~~~~~~~~
/workspaces/PR-ESPIDFCodebase/managed_components/fastled/src/fl/../lib8tion/intmap.h:52:17: note: declared here
   52 | inline uint16_t map8_to_16(uint8_t x) {
      |                 ^~~~~~~~~~
/workspaces/PR-ESPIDFCodebase/managed_components/fastled/src/fl/../pixel_controller.h:535:38: warning: 'uint16_t fl::map8_to_16(uint8_t)' is deprecated: Use fl::int_scale<uint8_t, uint16_t>(x) instead [-Wdeprecated-declarations]
  535 |         uint16_t b16 = fl::map8_to_16(mData[2]);
      |                        ~~~~~~~~~~~~~~^~~~~~~~~~
/workspaces/PR-ESPIDFCodebase/managed_components/fastled/src/fl/../lib8tion/intmap.h:52:17: note: declared here
   52 | inline uint16_t map8_to_16(uint8_t x) {
      |                 ^~~~~~~~~~
In file included from /workspaces/PR-ESPIDFCodebase/managed_components/fastled/src/fl/../fl/../platforms/fastpin.h:28,
                 from /workspaces/PR-ESPIDFCodebase/managed_components/fastled/src/fl/../fl/fastpin.h:32,
                 from /workspaces/PR-ESPIDFCodebase/managed_components/fastled/src/fl/../fastpin.h:11,
                 from /workspaces/PR-ESPIDFCodebase/managed_components/fastled/src/fl/../FastLED.h:101,
                 from /workspaces/PR-ESPIDFCodebase/managed_components/fastled/src/fl/../platforms.h:3,
                 from /workspaces/PR-ESPIDFCodebase/managed_components/fastled/src/fl/fastled.h:83:
/workspaces/PR-ESPIDFCodebase/managed_components/fastled/src/platforms/generic_pin.h: At global scope:
/workspaces/PR-ESPIDFCodebase/managed_components/fastled/src/platforms/generic_pin.h:101:9: warning: type qualifiers ignored on function return type [-Wignored-qualifiers]
  101 |         port_t hival() __attribute__ ((always_inline)) {
      |         ^~~~~~
/workspaces/PR-ESPIDFCodebase/managed_components/fastled/src/platforms/generic_pin.h:106:9: warning: type qualifiers ignored on function return type [-Wignored-qualifiers]
  106 |         port_t loval() __attribute__ ((always_inline)) {
      |         ^~~~~~
/workspaces/PR-ESPIDFCodebase/managed_components/fastled/src/platforms/generic_pin.h:113:9: warning: type qualifiers ignored on function return type [-Wignored-qualifiers]
  113 |         port_t mask() __attribute__ ((always_inline)) { return mPinMask; }
      |         ^~~~~~
[2044/2107] Building CXX object esp-idf/fastled/CMakeFiles/__idf_fastled.dir/src/platforms/esp/32/rmt_5/idf5_rmt.cpp.obj
[2045/2107] Building CXX object esp-idf/fastled/CMakeFiles/__idf_fastled.dir/src/third_party/libnsgif/src/gif.cpp.obj
[2046/2107] Building CXX object esp-idf/fastled/CMakeFiles/__idf_fastled.dir/src/fx/1d/particles.cpp.obj
In file included from /workspaces/PR-ESPIDFCodebase/managed_components/fastled/src/fl/../lib8tion/math8.h:8,
                 from /workspaces/PR-ESPIDFCodebase/managed_components/fastled/src/fl/../lib8tion.h:234,
                 from /workspaces/PR-ESPIDFCodebase/managed_components/fastled/src/fl/../pixeltypes.h:7,
                 from /workspaces/PR-ESPIDFCodebase/managed_components/fastled/src/fl/fastled.h:61,
                 from /workspaces/PR-ESPIDFCodebase/managed_components/fastled/src/fx/1d/particles.h:3,
                 from /workspaces/PR-ESPIDFCodebase/managed_components/fastled/src/fx/1d/particles.cpp:1:
/workspaces/PR-ESPIDFCodebase/managed_components/fastled/src/platforms/math8.h: In function 'uint8_t fl::sqrt8(uint8_t)':
/workspaces/PR-ESPIDFCodebase/managed_components/fastled/src/platforms/math8.h:79:29: warning: 'uint16_t fl::map8_to_16(uint8_t)' is deprecated: Use fl::int_scale<uint8_t, uint16_t>(x) instead [-Wdeprecated-declarations]
   79 |     return sqrt16(map8_to_16(x));
      |                   ~~~~~~~~~~^~~
In file included from /workspaces/PR-ESPIDFCodebase/managed_components/fastled/src/fl/../lib8tion/math8.h:5:
/workspaces/PR-ESPIDFCodebase/managed_components/fastled/src/fl/../lib8tion/intmap.h:52:17: note: declared here
   52 | inline uint16_t map8_to_16(uint8_t x) {
      |                 ^~~~~~~~~~
In file included from /workspaces/PR-ESPIDFCodebase/managed_components/fastled/src/fl/fastled.h:66:
/workspaces/PR-ESPIDFCodebase/managed_components/fastled/src/fl/../pixel_controller.h: In member function 'void PixelController<RGB_ORDER, LANES, MASK>::loadAndScale_WS2816_HD(uint16_t*, uint16_t*, uint16_t*)':
/workspaces/PR-ESPIDFCodebase/managed_components/fastled/src/fl/../pixel_controller.h:533:38: warning: 'uint16_t fl::map8_to_16(uint8_t)' is deprecated: Use fl::int_scale<uint8_t, uint16_t>(x) instead [-Wdeprecated-declarations]
  533 |         uint16_t r16 = fl::map8_to_16(mData[0]);
      |                        ~~~~~~~~~~~~~~^~~~~~~~~~
/workspaces/PR-ESPIDFCodebase/managed_components/fastled/src/fl/../lib8tion/intmap.h:52:17: note: declared here
   52 | inline uint16_t map8_to_16(uint8_t x) {
      |                 ^~~~~~~~~~
/workspaces/PR-ESPIDFCodebase/managed_components/fastled/src/fl/../pixel_controller.h:534:38: warning: 'uint16_t fl::map8_to_16(uint8_t)' is deprecated: Use fl::int_scale<uint8_t, uint16_t>(x) instead [-Wdeprecated-declarations]
  534 |         uint16_t g16 = fl::map8_to_16(mData[1]);
      |                        ~~~~~~~~~~~~~~^~~~~~~~~~
/workspaces/PR-ESPIDFCodebase/managed_components/fastled/src/fl/../lib8tion/intmap.h:52:17: note: declared here
   52 | inline uint16_t map8_to_16(uint8_t x) {
      |                 ^~~~~~~~~~
/workspaces/PR-ESPIDFCodebase/managed_components/fastled/src/fl/../pixel_controller.h:535:38: warning: 'uint16_t fl::map8_to_16(uint8_t)' is deprecated: Use fl::int_scale<uint8_t, uint16_t>(x) instead [-Wdeprecated-declarations]
  535 |         uint16_t b16 = fl::map8_to_16(mData[2]);
      |                        ~~~~~~~~~~~~~~^~~~~~~~~~
/workspaces/PR-ESPIDFCodebase/managed_components/fastled/src/fl/../lib8tion/intmap.h:52:17: note: declared here
   52 | inline uint16_t map8_to_16(uint8_t x) {
      |                 ^~~~~~~~~~
In file included from /workspaces/PR-ESPIDFCodebase/managed_components/fastled/src/fl/../fl/../platforms/fastpin.h:28,
                 from /workspaces/PR-ESPIDFCodebase/managed_components/fastled/src/fl/../fl/fastpin.h:32,
                 from /workspaces/PR-ESPIDFCodebase/managed_components/fastled/src/fl/../fastpin.h:11,
                 from /workspaces/PR-ESPIDFCodebase/managed_components/fastled/src/fl/../FastLED.h:101,
                 from /workspaces/PR-ESPIDFCodebase/managed_components/fastled/src/fl/../platforms.h:3,
                 from /workspaces/PR-ESPIDFCodebase/managed_components/fastled/src/fl/fastled.h:83:
/workspaces/PR-ESPIDFCodebase/managed_components/fastled/src/platforms/generic_pin.h: At global scope:
/workspaces/PR-ESPIDFCodebase/managed_components/fastled/src/platforms/generic_pin.h:101:9: warning: type qualifiers ignored on function return type [-Wignored-qualifiers]
  101 |         port_t hival() __attribute__ ((always_inline)) {
      |         ^~~~~~
/workspaces/PR-ESPIDFCodebase/managed_components/fastled/src/platforms/generic_pin.h:106:9: warning: type qualifiers ignored on function return type [-Wignored-qualifiers]
  106 |         port_t loval() __attribute__ ((always_inline)) {
      |         ^~~~~~
/workspaces/PR-ESPIDFCodebase/managed_components/fastled/src/platforms/generic_pin.h:113:9: warning: type qualifiers ignored on function return type [-Wignored-qualifiers]
  113 |         port_t mask() __attribute__ ((always_inline)) { return mPinMask; }
      |         ^~~~~~
[2047/2107] Building CXX object esp-idf/fastled/CMakeFiles/__idf_fastled.dir/src/third_party/libnsgif/src/lzw.cpp.obj
[2048/2107] Building CXX object esp-idf/fastled/CMakeFiles/__idf_fastled.dir/src/platforms/esp/32/rmt_5/rmt5_worker_oneshot.cpp.obj
[2049/2107] Building CXX object esp-idf/fastled/CMakeFiles/__idf_fastled.dir/src/platforms/esp/32/rmt_5/rmt5_worker.cpp.obj
/workspaces/PR-ESPIDFCodebase/managed_components/fastled/src/platforms/esp/32/rmt_5/rmt5_worker.cpp: In member function 'virtual bool fl::RmtWorker::configure(gpio_num_t, const fl::ChipsetTiming&, uint32_t)':
/workspaces/PR-ESPIDFCodebase/managed_components/fastled/src/platforms/esp/32/rmt_5/rmt5_worker.cpp:242:20: warning: unused variable 'TICKS_PER_NS' [-Wunused-variable]
  242 |     const uint32_t TICKS_PER_NS = 10;  // 10MHz / 1GHz = 10 ticks per ns (actually 0.01, so we need to scale)
      |                    ^~~~~~~~~~~~
[2050/2107] Building CXX object esp-idf/fastled/CMakeFiles/__idf_fastled.dir/src/platforms/esp/32/rmt_5/strip_rmt.cpp.obj
[2051/2107] Building CXX object esp-idf/Utilities/CMakeFiles/__idf_Utilities.dir/MotorTypes.cpp.obj
[2052/2107] Building CXX object esp-idf/fastled/CMakeFiles/__idf_fastled.dir/src/third_party/TJpg_Decoder/src/tjpgd.cpp.obj
[2053/2107] Building CXX object esp-idf/fastled/CMakeFiles/__idf_fastled.dir/src/third_party/espressif/led_strip/src/led_strip_rmt_dev.cpp.obj
/workspaces/PR-ESPIDFCodebase/managed_components/fastled/src/third_party/espressif/led_strip/src/led_strip_rmt_dev.cpp: In function 'esp_err_t led_strip_new_rmt_device(const led_strip_config_t*, const led_strip_rmt_config_t*, led_strip_t**)':
/workspaces/PR-ESPIDFCodebase/managed_components/fastled/src/third_party/espressif/led_strip/src/led_strip_rmt_dev.cpp:219:5: warning: missing initializer for member 'rmt_transmit_config_t::flags' [-Wmissing-field-initializers]
  219 |     };
      |     ^
[2054/2107] Building CXX object esp-idf/fastled/CMakeFiles/__idf_fastled.dir/src/third_party/espressif/led_strip/src/led_strip_rmt_encoder.cpp.obj
[2055/2107] Building CXX object esp-idf/fastled/CMakeFiles/__idf_fastled.dir/src/third_party/espressif/led_strip/src/led_strip_api.cpp.obj
[2056/2107] Building CXX object esp-idf/fastled/CMakeFiles/__idf_fastled.dir/src/platforms/esp/32/spi_hw_8_esp32.cpp.obj
[2057/2107] Building CXX object esp-idf/fastled/CMakeFiles/__idf_fastled.dir/src/fx/audio/beat_detector.cpp.obj
In file included from /workspaces/PR-ESPIDFCodebase/managed_components/fastled/src/fl/../lib8tion/math8.h:8,
                 from /workspaces/PR-ESPIDFCodebase/managed_components/fastled/src/fl/../lib8tion.h:234,
                 from /workspaces/PR-ESPIDFCodebase/managed_components/fastled/src/fl/../pixeltypes.h:7,
                 from /workspaces/PR-ESPIDFCodebase/managed_components/fastled/src/fl/fastled.h:61,
                 from /workspaces/PR-ESPIDFCodebase/managed_components/fastled/src/FastLED.h:82,
                 from /workspaces/PR-ESPIDFCodebase/managed_components/fastled/src/fx/audio/beat_detector.h:46,
                 from /workspaces/PR-ESPIDFCodebase/managed_components/fastled/src/fx/audio/beat_detector.cpp:9:
/workspaces/PR-ESPIDFCodebase/managed_components/fastled/src/platforms/math8.h: In function 'uint8_t fl::sqrt8(uint8_t)':
/workspaces/PR-ESPIDFCodebase/managed_components/fastled/src/platforms/math8.h:79:29: warning: 'uint16_t fl::map8_to_16(uint8_t)' is deprecated: Use fl::int_scale<uint8_t, uint16_t>(x) instead [-Wdeprecated-declarations]
   79 |     return sqrt16(map8_to_16(x));
      |                   ~~~~~~~~~~^~~
In file included from /workspaces/PR-ESPIDFCodebase/managed_components/fastled/src/fl/../lib8tion/math8.h:5:
/workspaces/PR-ESPIDFCodebase/managed_components/fastled/src/fl/../lib8tion/intmap.h:52:17: note: declared here
   52 | inline uint16_t map8_to_16(uint8_t x) {
      |                 ^~~~~~~~~~
In file included from /workspaces/PR-ESPIDFCodebase/managed_components/fastled/src/fl/fastled.h:66:
/workspaces/PR-ESPIDFCodebase/managed_components/fastled/src/fl/../pixel_controller.h: In member function 'void PixelController<RGB_ORDER, LANES, MASK>::loadAndScale_WS2816_HD(uint16_t*, uint16_t*, uint16_t*)':
/workspaces/PR-ESPIDFCodebase/managed_components/fastled/src/fl/../pixel_controller.h:533:38: warning: 'uint16_t fl::map8_to_16(uint8_t)' is deprecated: Use fl::int_scale<uint8_t, uint16_t>(x) instead [-Wdeprecated-declarations]
  533 |         uint16_t r16 = fl::map8_to_16(mData[0]);
      |                        ~~~~~~~~~~~~~~^~~~~~~~~~
/workspaces/PR-ESPIDFCodebase/managed_components/fastled/src/fl/../lib8tion/intmap.h:52:17: note: declared here
   52 | inline uint16_t map8_to_16(uint8_t x) {
      |                 ^~~~~~~~~~
/workspaces/PR-ESPIDFCodebase/managed_components/fastled/src/fl/../pixel_controller.h:534:38: warning: 'uint16_t fl::map8_to_16(uint8_t)' is deprecated: Use fl::int_scale<uint8_t, uint16_t>(x) instead [-Wdeprecated-declarations]
  534 |         uint16_t g16 = fl::map8_to_16(mData[1]);
      |                        ~~~~~~~~~~~~~~^~~~~~~~~~
/workspaces/PR-ESPIDFCodebase/managed_components/fastled/src/fl/../lib8tion/intmap.h:52:17: note: declared here
   52 | inline uint16_t map8_to_16(uint8_t x) {
      |                 ^~~~~~~~~~
/workspaces/PR-ESPIDFCodebase/managed_components/fastled/src/fl/../pixel_controller.h:535:38: warning: 'uint16_t fl::map8_to_16(uint8_t)' is deprecated: Use fl::int_scale<uint8_t, uint16_t>(x) instead [-Wdeprecated-declarations]
  535 |         uint16_t b16 = fl::map8_to_16(mData[2]);
      |                        ~~~~~~~~~~~~~~^~~~~~~~~~
/workspaces/PR-ESPIDFCodebase/managed_components/fastled/src/fl/../lib8tion/intmap.h:52:17: note: declared here
   52 | inline uint16_t map8_to_16(uint8_t x) {
      |                 ^~~~~~~~~~
In file included from /workspaces/PR-ESPIDFCodebase/managed_components/fastled/src/fl/../platforms/fastpin.h:28,
                 from /workspaces/PR-ESPIDFCodebase/managed_components/fastled/src/fl/fastpin.h:32,
                 from /workspaces/PR-ESPIDFCodebase/managed_components/fastled/src/fl/../platforms/esp/32/fastpin_esp32.h:7,
                 from /workspaces/PR-ESPIDFCodebase/managed_components/fastled/src/fl/../platforms/esp/32/fastled_esp32.h:4,
                 from /workspaces/PR-ESPIDFCodebase/managed_components/fastled/src/fl/../platforms.h:48,
                 from /workspaces/PR-ESPIDFCodebase/managed_components/fastled/src/fl/fastled.h:83:
/workspaces/PR-ESPIDFCodebase/managed_components/fastled/src/platforms/generic_pin.h: At global scope:
/workspaces/PR-ESPIDFCodebase/managed_components/fastled/src/platforms/generic_pin.h:101:9: warning: type qualifiers ignored on function return type [-Wignored-qualifiers]
  101 |         port_t hival() __attribute__ ((always_inline)) {
      |         ^~~~~~
/workspaces/PR-ESPIDFCodebase/managed_components/fastled/src/platforms/generic_pin.h:106:9: warning: type qualifiers ignored on function return type [-Wignored-qualifiers]
  106 |         port_t loval() __attribute__ ((always_inline)) {
      |         ^~~~~~
/workspaces/PR-ESPIDFCodebase/managed_components/fastled/src/platforms/generic_pin.h:113:9: warning: type qualifiers ignored on function return type [-Wignored-qualifiers]
  113 |         port_t mask() __attribute__ ((always_inline)) { return mPinMask; }
      |         ^~~~~~
[2058/2107] Building CXX object esp-idf/fastled/CMakeFiles/__idf_fastled.dir/src/third_party/TJpg_Decoder/src/TJpg_Decoder.cpp.obj
[2059/2107] Building CXX object esp-idf/fastled/CMakeFiles/__idf_fastled.dir/src/platforms/esp/32/spi_hw_4_esp32.cpp.obj
[2060/2107] Building CXX object esp-idf/fastled/CMakeFiles/__idf_fastled.dir/src/third_party/espressif/led_strip/src/led_strip_spi_dev.cpp.obj
/workspaces/PR-ESPIDFCodebase/managed_components/fastled/src/third_party/espressif/led_strip/src/led_strip_spi_dev.cpp: In function 'esp_err_t led_strip_new_spi_device(const led_strip_config_t*, const led_strip_spi_config_t*, led_strip_t**)':
/workspaces/PR-ESPIDFCodebase/managed_components/fastled/src/third_party/espressif/led_strip/src/led_strip_spi_dev.cpp:244:5: warning: missing initializer for member 'spi_bus_config_t::data4_io_num' [-Wmissing-field-initializers]
  244 |     };
      |     ^
/workspaces/PR-ESPIDFCodebase/managed_components/fastled/src/third_party/espressif/led_strip/src/led_strip_spi_dev.cpp:244:5: warning: missing initializer for member 'spi_bus_config_t::data5_io_num' [-Wmissing-field-initializers]
/workspaces/PR-ESPIDFCodebase/managed_components/fastled/src/third_party/espressif/led_strip/src/led_strip_spi_dev.cpp:244:5: warning: missing initializer for member 'spi_bus_config_t::data6_io_num' [-Wmissing-field-initializers]
/workspaces/PR-ESPIDFCodebase/managed_components/fastled/src/third_party/espressif/led_strip/src/led_strip_spi_dev.cpp:244:5: warning: missing initializer for member 'spi_bus_config_t::data7_io_num' [-Wmissing-field-initializers]
/workspaces/PR-ESPIDFCodebase/managed_components/fastled/src/third_party/espressif/led_strip/src/led_strip_spi_dev.cpp:244:5: warning: missing initializer for member 'spi_bus_config_t::data_io_default_level' [-Wmissing-field-initializers]
/workspaces/PR-ESPIDFCodebase/managed_components/fastled/src/third_party/espressif/led_strip/src/led_strip_spi_dev.cpp:243:67: warning: narrowing conversion of '((((long unsigned int)led_config->led_strip_config_t::max_leds) * ((long unsigned int)((int)bytes_per_pixel))) * 3)' from 'long unsigned int' to 'int' [-Wnarrowing]
  243 |         .max_transfer_sz = led_config->max_leds * bytes_per_pixel * SPI_BYTES_PER_COLOR_BYTE,
      |                                                                   ^
/workspaces/PR-ESPIDFCodebase/managed_components/fastled/src/third_party/espressif/led_strip/src/led_strip_spi_dev.cpp:244:5: warning: missing initializer for member 'spi_bus_config_t::flags' [-Wmissing-field-initializers]
  244 |     };
      |     ^
/workspaces/PR-ESPIDFCodebase/managed_components/fastled/src/third_party/espressif/led_strip/src/led_strip_spi_dev.cpp:244:5: warning: missing initializer for member 'spi_bus_config_t::isr_cpu_id' [-Wmissing-field-initializers]
/workspaces/PR-ESPIDFCodebase/managed_components/fastled/src/third_party/espressif/led_strip/src/led_strip_spi_dev.cpp:244:5: warning: missing initializer for member 'spi_bus_config_t::intr_flags' [-Wmissing-field-initializers]
[2061/2107] Building CXX object esp-idf/fastled/CMakeFiles/__idf_fastled.dir/src/platforms/esp/32/spi_hw_2_esp32.cpp.obj
[2062/2107] Building CXX object esp-idf/fastled/CMakeFiles/__idf_fastled.dir/src/platforms/esp/32/spi_hw_1_esp32.cpp.obj
[2063/2107] Building C object esp-idf/ps5-esp32/CMakeFiles/__idf_ps5-esp32.dir/upstream/src/ps5.c.obj
[2064/2107] Building C object esp-idf/ps5-esp32/CMakeFiles/__idf_ps5-esp32.dir/upstream/src/ps5_l2cap.c.obj
[2065/2107] Building C object esp-idf/ps5-esp32/CMakeFiles/__idf_ps5-esp32.dir/upstream/src/ps5_spp.c.obj
/workspaces/PR-ESPIDFCodebase/managed_components/ps5-esp32/upstream/src/ps5_spp.c: In function 'sppInit':
/workspaces/PR-ESPIDFCodebase/managed_components/ps5-esp32/upstream/src/ps5_spp.c:66:3: warning: 'esp_spp_init' is deprecated: Please use esp_spp_enhanced_init [-Wdeprecated-declarations]
   66 |   if ((ret = esp_spp_init(ESP_SPP_MODE_CB)) != ESP_OK)
      |   ^~
In file included from /workspaces/PR-ESPIDFCodebase/managed_components/ps5-esp32/upstream/src/ps5_spp.c:5:
/opt/esp/idf/components/bt/host/bluedroid/api/include/api/esp_spp_api.h:276:11: note: declared here
  276 | esp_err_t esp_spp_init(esp_spp_mode_t mode) __attribute__((deprecated("Please use esp_spp_enhanced_init")));
      |           ^~~~~~~~~~~~
[2066/2107] Building CXX object esp-idf/fastled/CMakeFiles/__idf_fastled.dir/src/platforms/esp/32/rmt_5/rmt5_worker_pool.cpp.obj
[2067/2107] Building C object esp-idf/ps5-esp32/CMakeFiles/__idf_ps5-esp32.dir/upstream/src/ps5_parser.c.obj
/workspaces/PR-ESPIDFCodebase/managed_components/ps5-esp32/upstream/src/ps5_parser.c: In function 'parsePacketSensor':
/workspaces/PR-ESPIDFCodebase/managed_components/ps5-esp32/upstream/src/ps5_parser.c:278:10: warning: 'ps5Sensor' is used uninitialized [-Wuninitialized]
  278 |   return ps5Sensor;
      |          ^~~~~~~~~
/workspaces/PR-ESPIDFCodebase/managed_components/ps5-esp32/upstream/src/ps5_parser.c:265:16: note: 'ps5Sensor' declared here
  265 |   ps5_sensor_t ps5Sensor;
      |                ^~~~~~~~~
[2068/2107] Building CXX object esp-idf/pr-lib-motor/CMakeFiles/__idf_pr-lib-motor.dir/MotorInterface.cpp.obj
[2069/2107] Building CXX object esp-idf/Utilities/CMakeFiles/__idf_Utilities.dir/BotTypes.cpp.obj
[2070/2107] Building CXX object esp-idf/Utilities/CMakeFiles/__idf_Utilities.dir/ConfigManager.cpp.obj
[2071/2107] Linking C static library esp-idf/pr-lib-motor/libpr-lib-motor.a
[2072/2107] Building CXX object esp-idf/Drive/CMakeFiles/__idf_Drive.dir/Drive.cpp.obj
In file included from /workspaces/PR-ESPIDFCodebase/components/Motor/MotorControl.h:6,
                 from /workspaces/PR-ESPIDFCodebase/components/Drive/Drive.h:4,
                 from /workspaces/PR-ESPIDFCodebase/components/Drive/Drive.cpp:2:
/workspaces/PR-ESPIDFCodebase/managed_components/pr-lib-motor/include/MotorInterface.h:31:16: warning: 'MotorCount' defined but not used [-Wunused-variable]
   31 | static uint8_t MotorCount = 0;
      |                ^~~~~~~~~~
/workspaces/PR-ESPIDFCodebase/managed_components/pr-lib-motor/include/MotorInterface.h:30:16: warning: 'motors' defined but not used [-Wunused-variable]
   30 | static servo_t motors[MAX_NUM_MOTORS];
      |                ^~~~~~
[2073/2107] Building CXX object esp-idf/Drive/CMakeFiles/__idf_Drive.dir/DriveMecanum.cpp.obj
In file included from /workspaces/PR-ESPIDFCodebase/components/Motor/MotorControl.h:6,
                 from /workspaces/PR-ESPIDFCodebase/components/Drive/Drive.h:4,
                 from /workspaces/PR-ESPIDFCodebase/components/Drive/DriveMecanum.cpp:2:
/workspaces/PR-ESPIDFCodebase/managed_components/pr-lib-motor/include/MotorInterface.h:31:16: warning: 'MotorCount' defined but not used [-Wunused-variable]
   31 | static uint8_t MotorCount = 0;
      |                ^~~~~~~~~~
/workspaces/PR-ESPIDFCodebase/managed_components/pr-lib-motor/include/MotorInterface.h:30:16: warning: 'motors' defined but not used [-Wunused-variable]
   30 | static servo_t motors[MAX_NUM_MOTORS];
      |                ^~~~~~
[2074/2107] Building CXX object esp-idf/Motor/CMakeFiles/__idf_Motor.dir/MotorControl.cpp.obj
In file included from /workspaces/PR-ESPIDFCodebase/components/Motor/MotorControl.h:6,
                 from /workspaces/PR-ESPIDFCodebase/components/Motor/MotorControl.cpp:3:
/workspaces/PR-ESPIDFCodebase/managed_components/pr-lib-motor/include/MotorInterface.h:31:16: warning: 'MotorCount' defined but not used [-Wunused-variable]
   31 | static uint8_t MotorCount = 0;
      |                ^~~~~~~~~~
/workspaces/PR-ESPIDFCodebase/managed_components/pr-lib-motor/include/MotorInterface.h:30:16: warning: 'motors' defined but not used [-Wunused-variable]
   30 | static servo_t motors[MAX_NUM_MOTORS];
      |                ^~~~~~
[2075/2107] Building CXX object esp-idf/adafruit_busio/CMakeFiles/__idf_adafruit_busio.dir/upstream/Adafruit_BusIO_Register.cpp.obj
[2076/2107] Linking C static library esp-idf/fastled/libfastled.a
[2077/2107] Building CXX object esp-idf/Utilities/CMakeFiles/__idf_Utilities.dir/Debouncer.cpp.obj
[2078/2107] Building CXX object esp-idf/adafruit_sensor/CMakeFiles/__idf_adafruit_sensor.dir/upstream/Adafruit_Sensor.cpp.obj
[2079/2107] Linking C static library esp-idf/Utilities/libUtilities.a
[2080/2107] Building CXX object esp-idf/Robot/CMakeFiles/__idf_Robot.dir/Kicker.cpp.obj
In file included from /workspaces/PR-ESPIDFCodebase/components/Robot/Kicker.h:6,
                 from /workspaces/PR-ESPIDFCodebase/components/Robot/Kicker.cpp:1:
/workspaces/PR-ESPIDFCodebase/managed_components/pr-lib-motor/include/MotorInterface.h:31:16: warning: 'MotorCount' defined but not used [-Wunused-variable]
   31 | static uint8_t MotorCount = 0;
      |                ^~~~~~~~~~
/workspaces/PR-ESPIDFCodebase/managed_components/pr-lib-motor/include/MotorInterface.h:30:16: warning: 'motors' defined but not used [-Wunused-variable]
   30 | static servo_t motors[MAX_NUM_MOTORS];
      |                ^~~~~~
[2081/2107] Linking C static library esp-idf/adafruit_sensor/libadafruit_sensor.a
[2082/2107] Building CXX object esp-idf/adafruit_lis3mdl/CMakeFiles/__idf_adafruit_lis3mdl.dir/upstream/Adafruit_LIS3MDL.cpp.obj
[2083/2107] Linking C static library esp-idf/Motor/libMotor.a
[2084/2107] Building CXX object esp-idf/adafruit_busio/CMakeFiles/__idf_adafruit_busio.dir/upstream/Adafruit_SPIDevice.cpp.obj
[2085/2107] Linking C static library esp-idf/Drive/libDrive.a
[2086/2107] Building CXX object esp-idf/Robot/CMakeFiles/__idf_Robot.dir/QuarterbackBase.cpp.obj
In file included from /workspaces/PR-ESPIDFCodebase/components/Robot/QuarterbackBase.cpp:1:
/workspaces/PR-ESPIDFCodebase/components/Robot/QuarterbackBase.h:14:9: warning: "RX2" redefined
   14 | #define RX2 16
      |         ^~~
In file included from /workspaces/PR-ESPIDFCodebase/managed_components/espressif__arduino-esp32/cores/esp32/Arduino.h:202,
                 from /workspaces/PR-ESPIDFCodebase/components/Robot/Robot.h:4,
                 from /workspaces/PR-ESPIDFCodebase/components/Robot/QuarterbackBase.h:6:
/workspaces/PR-ESPIDFCodebase/managed_components/espressif__arduino-esp32/cores/esp32/HardwareSerial.h:243:9: note: this is the location of the previous definition
  243 | #define RX2 (gpio_num_t)4
      |         ^~~
/workspaces/PR-ESPIDFCodebase/components/Robot/QuarterbackBase.h:15:9: warning: "TX2" redefined
   15 | #define TX2 17
      |         ^~~
/workspaces/PR-ESPIDFCodebase/managed_components/espressif__arduino-esp32/cores/esp32/HardwareSerial.h:251:9: note: this is the location of the previous definition
  251 | #define TX2 (gpio_num_t)25
      |         ^~~
In file included from /workspaces/PR-ESPIDFCodebase/components/Motor/MotorControl.h:6,
                 from /workspaces/PR-ESPIDFCodebase/components/Drive/Drive.h:4,
                 from /workspaces/PR-ESPIDFCodebase/components/Robot/Robot.h:6:
/workspaces/PR-ESPIDFCodebase/managed_components/pr-lib-motor/include/MotorInterface.h:31:16: warning: 'MotorCount' defined but not used [-Wunused-variable]
   31 | static uint8_t MotorCount = 0;
      |                ^~~~~~~~~~
/workspaces/PR-ESPIDFCodebase/managed_components/pr-lib-motor/include/MotorInterface.h:30:16: warning: 'motors' defined but not used [-Wunused-variable]
   30 | static servo_t motors[MAX_NUM_MOTORS];
      |                ^~~~~~
[2087/2107] Building CXX object esp-idf/adafruit_busio/CMakeFiles/__idf_adafruit_busio.dir/upstream/Adafruit_GenericDevice.cpp.obj
[2088/2107] Building CXX object esp-idf/ps5-esp32/CMakeFiles/__idf_ps5-esp32.dir/upstream/src/ps5Controller.cpp.obj
In file included from /workspaces/PR-ESPIDFCodebase/managed_components/ps5-esp32/upstream/src/ps5Controller.cpp:3:
/workspaces/PR-ESPIDFCodebase/managed_components/ps5-esp32/upstream/src/ps5Controller.cpp: In member function 'bool ps5Controller::begin(const char*)':
/opt/esp/idf/components/bt/host/bluedroid/api/include/api/esp_bt_defs.h:307:33: warning: format '%x' expects argument of type 'unsigned int*', but argument 3 has type 'uint8_t*' {aka 'unsigned char*'} [-Wformat=]
  307 | #define ESP_BD_ADDR_STR         "%02x:%02x:%02x:%02x:%02x:%02x"
      |                                 ^~~~~~~~~~~~~~~~~~~~~~~~~~~~~~~
/workspaces/PR-ESPIDFCodebase/managed_components/ps5-esp32/upstream/src/ps5Controller.cpp:47:19: note: in expansion of macro 'ESP_BD_ADDR_STR'
   47 |   if (sscanf(mac, ESP_BD_ADDR_STR, ESP_BD_ADDR_HEX_PTR(addr)) != ESP_BD_ADDR_LEN) {
      |                   ^~~~~~~~~~~~~~~
/opt/esp/idf/components/bt/host/bluedroid/api/include/api/esp_bt_defs.h:307:37: note: format string is defined here
  307 | #define ESP_BD_ADDR_STR         "%02x:%02x:%02x:%02x:%02x:%02x"
      |                                  ~~~^
      |                                     |
      |                                     unsigned int*
      |                                  %02hhx
/opt/esp/idf/components/bt/host/bluedroid/api/include/api/esp_bt_defs.h:307:33: warning: format '%x' expects argument of type 'unsigned int*', but argument 4 has type 'uint8_t*' {aka 'unsigned char*'} [-Wformat=]
  307 | #define ESP_BD_ADDR_STR         "%02x:%02x:%02x:%02x:%02x:%02x"
      |                                 ^~~~~~~~~~~~~~~~~~~~~~~~~~~~~~~
/workspaces/PR-ESPIDFCodebase/managed_components/ps5-esp32/upstream/src/ps5Controller.cpp:47:19: note: in expansion of macro 'ESP_BD_ADDR_STR'
   47 |   if (sscanf(mac, ESP_BD_ADDR_STR, ESP_BD_ADDR_HEX_PTR(addr)) != ESP_BD_ADDR_LEN) {
      |                   ^~~~~~~~~~~~~~~
/opt/esp/idf/components/bt/host/bluedroid/api/include/api/esp_bt_defs.h:307:42: note: format string is defined here
  307 | #define ESP_BD_ADDR_STR         "%02x:%02x:%02x:%02x:%02x:%02x"
      |                                       ~~~^
      |                                          |
      |                                          unsigned int*
      |                                       %02hhx
/opt/esp/idf/components/bt/host/bluedroid/api/include/api/esp_bt_defs.h:307:33: warning: format '%x' expects argument of type 'unsigned int*', but argument 5 has type 'uint8_t*' {aka 'unsigned char*'} [-Wformat=]
  307 | #define ESP_BD_ADDR_STR         "%02x:%02x:%02x:%02x:%02x:%02x"
      |                                 ^~~~~~~~~~~~~~~~~~~~~~~~~~~~~~~
/workspaces/PR-ESPIDFCodebase/managed_components/ps5-esp32/upstream/src/ps5Controller.cpp:47:19: note: in expansion of macro 'ESP_BD_ADDR_STR'
   47 |   if (sscanf(mac, ESP_BD_ADDR_STR, ESP_BD_ADDR_HEX_PTR(addr)) != ESP_BD_ADDR_LEN) {
      |                   ^~~~~~~~~~~~~~~
/opt/esp/idf/components/bt/host/bluedroid/api/include/api/esp_bt_defs.h:307:47: note: format string is defined here
  307 | #define ESP_BD_ADDR_STR         "%02x:%02x:%02x:%02x:%02x:%02x"
      |                                            ~~~^
      |                                               |
      |                                               unsigned int*
      |                                            %02hhx
/opt/esp/idf/components/bt/host/bluedroid/api/include/api/esp_bt_defs.h:307:33: warning: format '%x' expects argument of type 'unsigned int*', but argument 6 has type 'uint8_t*' {aka 'unsigned char*'} [-Wformat=]
  307 | #define ESP_BD_ADDR_STR         "%02x:%02x:%02x:%02x:%02x:%02x"
      |                                 ^~~~~~~~~~~~~~~~~~~~~~~~~~~~~~~
/workspaces/PR-ESPIDFCodebase/managed_components/ps5-esp32/upstream/src/ps5Controller.cpp:47:19: note: in expansion of macro 'ESP_BD_ADDR_STR'
   47 |   if (sscanf(mac, ESP_BD_ADDR_STR, ESP_BD_ADDR_HEX_PTR(addr)) != ESP_BD_ADDR_LEN) {
      |                   ^~~~~~~~~~~~~~~
/opt/esp/idf/components/bt/host/bluedroid/api/include/api/esp_bt_defs.h:307:52: note: format string is defined here
  307 | #define ESP_BD_ADDR_STR         "%02x:%02x:%02x:%02x:%02x:%02x"
      |                                                 ~~~^
      |                                                    |
      |                                                    unsigned int*
      |                                                 %02hhx
/opt/esp/idf/components/bt/host/bluedroid/api/include/api/esp_bt_defs.h:307:33: warning: format '%x' expects argument of type 'unsigned int*', but argument 7 has type 'uint8_t*' {aka 'unsigned char*'} [-Wformat=]
  307 | #define ESP_BD_ADDR_STR         "%02x:%02x:%02x:%02x:%02x:%02x"
      |                                 ^~~~~~~~~~~~~~~~~~~~~~~~~~~~~~~
/workspaces/PR-ESPIDFCodebase/managed_components/ps5-esp32/upstream/src/ps5Controller.cpp:47:19: note: in expansion of macro 'ESP_BD_ADDR_STR'
   47 |   if (sscanf(mac, ESP_BD_ADDR_STR, ESP_BD_ADDR_HEX_PTR(addr)) != ESP_BD_ADDR_LEN) {
      |                   ^~~~~~~~~~~~~~~
/opt/esp/idf/components/bt/host/bluedroid/api/include/api/esp_bt_defs.h:307:57: note: format string is defined here
  307 | #define ESP_BD_ADDR_STR         "%02x:%02x:%02x:%02x:%02x:%02x"
      |                                                      ~~~^
      |                                                         |
      |                                                         unsigned int*
      |                                                      %02hhx
/opt/esp/idf/components/bt/host/bluedroid/api/include/api/esp_bt_defs.h:307:33: warning: format '%x' expects argument of type 'unsigned int*', but argument 8 has type 'uint8_t*' {aka 'unsigned char*'} [-Wformat=]
  307 | #define ESP_BD_ADDR_STR         "%02x:%02x:%02x:%02x:%02x:%02x"
      |                                 ^~~~~~~~~~~~~~~~~~~~~~~~~~~~~~~
/workspaces/PR-ESPIDFCodebase/managed_components/ps5-esp32/upstream/src/ps5Controller.cpp:47:19: note: in expansion of macro 'ESP_BD_ADDR_STR'
   47 |   if (sscanf(mac, ESP_BD_ADDR_STR, ESP_BD_ADDR_HEX_PTR(addr)) != ESP_BD_ADDR_LEN) {
      |                   ^~~~~~~~~~~~~~~
/opt/esp/idf/components/bt/host/bluedroid/api/include/api/esp_bt_defs.h:307:62: note: format string is defined here
  307 | #define ESP_BD_ADDR_STR         "%02x:%02x:%02x:%02x:%02x:%02x"
      |                                                           ~~~^
      |                                                              |
      |                                                              unsigned int*
      |                                                           %02hhx
[2089/2107] Linking C static library esp-idf/ps5-esp32/libps5-esp32.a
[2090/2107] Building CXX object esp-idf/adafruit_busio/CMakeFiles/__idf_adafruit_busio.dir/upstream/Adafruit_I2CDevice.cpp.obj
[2091/2107] Linking C static library esp-idf/adafruit_busio/libadafruit_busio.a
[2092/2107] Linking C static library esp-idf/adafruit_lis3mdl/libadafruit_lis3mdl.a
[2093/2107] Building CXX object esp-idf/Robot/CMakeFiles/__idf_Robot.dir/MecanumCenter.cpp.obj
In file included from /workspaces/PR-ESPIDFCodebase/components/Motor/MotorControl.h:6,
                 from /workspaces/PR-ESPIDFCodebase/components/Drive/Drive.h:4,
                 from /workspaces/PR-ESPIDFCodebase/components/Robot/Robot.h:6,
                 from /workspaces/PR-ESPIDFCodebase/components/Robot/MecanumCenter.h:6,
                 from /workspaces/PR-ESPIDFCodebase/components/Robot/MecanumCenter.cpp:1:
/workspaces/PR-ESPIDFCodebase/managed_components/pr-lib-motor/include/MotorInterface.h:31:16: warning: 'MotorCount' defined but not used [-Wunused-variable]
   31 | static uint8_t MotorCount = 0;
      |                ^~~~~~~~~~
/workspaces/PR-ESPIDFCodebase/managed_components/pr-lib-motor/include/MotorInterface.h:30:16: warning: 'motors' defined but not used [-Wunused-variable]
   30 | static servo_t motors[MAX_NUM_MOTORS];
      |                ^~~~~~
[2094/2107] Building CXX object esp-idf/Robot/CMakeFiles/__idf_Robot.dir/builtInLED.cpp.obj
[2095/2107] Building CXX object esp-idf/Robot/CMakeFiles/__idf_Robot.dir/Lights.cpp.obj
In file included from /workspaces/PR-ESPIDFCodebase/managed_components/fastled/src/fl/../lib8tion/math8.h:8,
                 from /workspaces/PR-ESPIDFCodebase/managed_components/fastled/src/fl/../lib8tion.h:234,
                 from /workspaces/PR-ESPIDFCodebase/managed_components/fastled/src/fl/../pixeltypes.h:7,
                 from /workspaces/PR-ESPIDFCodebase/managed_components/fastled/src/fl/fastled.h:61,
                 from /workspaces/PR-ESPIDFCodebase/managed_components/fastled/src/FastLED.h:82,
                 from /workspaces/PR-ESPIDFCodebase/components/Robot/Lights.h:5,
                 from /workspaces/PR-ESPIDFCodebase/components/Robot/Lights.cpp:1:
/workspaces/PR-ESPIDFCodebase/managed_components/fastled/src/platforms/math8.h: In function 'uint8_t fl::sqrt8(uint8_t)':
/workspaces/PR-ESPIDFCodebase/managed_components/fastled/src/platforms/math8.h:79:29: warning: 'uint16_t fl::map8_to_16(uint8_t)' is deprecated: Use fl::int_scale<uint8_t, uint16_t>(x) instead [-Wdeprecated-declarations]
   79 |     return sqrt16(map8_to_16(x));
      |                   ~~~~~~~~~~^~~
In file included from /workspaces/PR-ESPIDFCodebase/managed_components/fastled/src/fl/../lib8tion/math8.h:5:
/workspaces/PR-ESPIDFCodebase/managed_components/fastled/src/fl/../lib8tion/intmap.h:52:17: note: declared here
   52 | inline uint16_t map8_to_16(uint8_t x) {
      |                 ^~~~~~~~~~
In file included from /workspaces/PR-ESPIDFCodebase/managed_components/fastled/src/fl/fastled.h:66:
/workspaces/PR-ESPIDFCodebase/managed_components/fastled/src/fl/../pixel_controller.h: In member function 'void PixelController<RGB_ORDER, LANES, MASK>::loadAndScale_WS2816_HD(uint16_t*, uint16_t*, uint16_t*)':
/workspaces/PR-ESPIDFCodebase/managed_components/fastled/src/fl/../pixel_controller.h:533:38: warning: 'uint16_t fl::map8_to_16(uint8_t)' is deprecated: Use fl::int_scale<uint8_t, uint16_t>(x) instead [-Wdeprecated-declarations]
  533 |         uint16_t r16 = fl::map8_to_16(mData[0]);
      |                        ~~~~~~~~~~~~~~^~~~~~~~~~
/workspaces/PR-ESPIDFCodebase/managed_components/fastled/src/fl/../lib8tion/intmap.h:52:17: note: declared here
   52 | inline uint16_t map8_to_16(uint8_t x) {
      |                 ^~~~~~~~~~
/workspaces/PR-ESPIDFCodebase/managed_components/fastled/src/fl/../pixel_controller.h:534:38: warning: 'uint16_t fl::map8_to_16(uint8_t)' is deprecated: Use fl::int_scale<uint8_t, uint16_t>(x) instead [-Wdeprecated-declarations]
  534 |         uint16_t g16 = fl::map8_to_16(mData[1]);
      |                        ~~~~~~~~~~~~~~^~~~~~~~~~
/workspaces/PR-ESPIDFCodebase/managed_components/fastled/src/fl/../lib8tion/intmap.h:52:17: note: declared here
   52 | inline uint16_t map8_to_16(uint8_t x) {
      |                 ^~~~~~~~~~
/workspaces/PR-ESPIDFCodebase/managed_components/fastled/src/fl/../pixel_controller.h:535:38: warning: 'uint16_t fl::map8_to_16(uint8_t)' is deprecated: Use fl::int_scale<uint8_t, uint16_t>(x) instead [-Wdeprecated-declarations]
  535 |         uint16_t b16 = fl::map8_to_16(mData[2]);
      |                        ~~~~~~~~~~~~~~^~~~~~~~~~
/workspaces/PR-ESPIDFCodebase/managed_components/fastled/src/fl/../lib8tion/intmap.h:52:17: note: declared here
   52 | inline uint16_t map8_to_16(uint8_t x) {
      |                 ^~~~~~~~~~
In file included from /workspaces/PR-ESPIDFCodebase/managed_components/fastled/src/fl/../platforms/fastpin.h:28,
                 from /workspaces/PR-ESPIDFCodebase/managed_components/fastled/src/fl/fastpin.h:32,
                 from /workspaces/PR-ESPIDFCodebase/managed_components/fastled/src/fl/../platforms/esp/32/fastpin_esp32.h:7,
                 from /workspaces/PR-ESPIDFCodebase/managed_components/fastled/src/fl/../platforms/esp/32/fastled_esp32.h:4,
                 from /workspaces/PR-ESPIDFCodebase/managed_components/fastled/src/fl/../platforms.h:48,
                 from /workspaces/PR-ESPIDFCodebase/managed_components/fastled/src/fl/fastled.h:83:
/workspaces/PR-ESPIDFCodebase/managed_components/fastled/src/platforms/generic_pin.h: At global scope:
/workspaces/PR-ESPIDFCodebase/managed_components/fastled/src/platforms/generic_pin.h:101:9: warning: type qualifiers ignored on function return type [-Wignored-qualifiers]
  101 |         port_t hival() __attribute__ ((always_inline)) {
      |         ^~~~~~
/workspaces/PR-ESPIDFCodebase/managed_components/fastled/src/platforms/generic_pin.h:106:9: warning: type qualifiers ignored on function return type [-Wignored-qualifiers]
  106 |         port_t loval() __attribute__ ((always_inline)) {
      |         ^~~~~~
/workspaces/PR-ESPIDFCodebase/managed_components/fastled/src/platforms/generic_pin.h:113:9: warning: type qualifiers ignored on function return type [-Wignored-qualifiers]
  113 |         port_t mask() __attribute__ ((always_inline)) { return mPinMask; }
      |         ^~~~~~
[2096/2107] Building CXX object esp-idf/Robot/CMakeFiles/__idf_Robot.dir/Center.cpp.obj
In file included from /workspaces/PR-ESPIDFCodebase/components/Motor/MotorControl.h:6,
                 from /workspaces/PR-ESPIDFCodebase/components/Drive/Drive.h:4,
                 from /workspaces/PR-ESPIDFCodebase/components/Robot/Robot.h:6,
                 from /workspaces/PR-ESPIDFCodebase/components/Robot/Center.h:6,
                 from /workspaces/PR-ESPIDFCodebase/components/Robot/Center.cpp:1:
/workspaces/PR-ESPIDFCodebase/managed_components/pr-lib-motor/include/MotorInterface.h:31:16: warning: 'MotorCount' defined but not used [-Wunused-variable]
   31 | static uint8_t MotorCount = 0;
      |                ^~~~~~~~~~
/workspaces/PR-ESPIDFCodebase/managed_components/pr-lib-motor/include/MotorInterface.h:30:16: warning: 'motors' defined but not used [-Wunused-variable]
   30 | static servo_t motors[MAX_NUM_MOTORS];
      |                ^~~~~~
[2097/2107] Building CXX object esp-idf/Robot/CMakeFiles/__idf_Robot.dir/QuarterbackTurret.cpp.obj
/workspaces/PR-ESPIDFCodebase/components/Robot/QuarterbackTurret.cpp: In member function 'void QuarterbackTurret::zeroTurret()':
/workspaces/PR-ESPIDFCodebase/components/Robot/QuarterbackTurret.cpp:1019:11: warning: unused variable 'restTimestamp' [-Wunused-variable]
 1019 |   int32_t restTimestamp = millis();
      |           ^~~~~~~~~~~~~
/workspaces/PR-ESPIDFCodebase/components/Robot/QuarterbackTurret.cpp: In member function 'void QuarterbackTurret::holdTurretStill()':
/workspaces/PR-ESPIDFCodebase/components/Robot/QuarterbackTurret.cpp:1541:9: warning: variable 'maxSpeed' set but not used [-Wunused-but-set-variable]
 1541 |     int maxSpeed = .2;
      |         ^~~~~~~~
In file included from /workspaces/PR-ESPIDFCodebase/components/Motor/MotorControl.h:6,
                 from /workspaces/PR-ESPIDFCodebase/components/Drive/Drive.h:4,
                 from /workspaces/PR-ESPIDFCodebase/components/Robot/Robot.h:6,
                 from /workspaces/PR-ESPIDFCodebase/components/Robot/QuarterbackTurret.h:14,
                 from /workspaces/PR-ESPIDFCodebase/components/Robot/QuarterbackTurret.cpp:1:
/workspaces/PR-ESPIDFCodebase/managed_components/pr-lib-motor/include/MotorInterface.h: At global scope:
/workspaces/PR-ESPIDFCodebase/managed_components/pr-lib-motor/include/MotorInterface.h:31:16: warning: 'MotorCount' defined but not used [-Wunused-variable]
   31 | static uint8_t MotorCount = 0;
      |                ^~~~~~~~~~
/workspaces/PR-ESPIDFCodebase/managed_components/pr-lib-motor/include/MotorInterface.h:30:16: warning: 'motors' defined but not used [-Wunused-variable]
   30 | static servo_t motors[MAX_NUM_MOTORS];
      |                ^~~~~~
[2098/2107] Building CXX object esp-idf/Robot/CMakeFiles/__idf_Robot.dir/Quarterback.cpp.obj
In file included from /workspaces/PR-ESPIDFCodebase/components/Motor/MotorControl.h:6,
                 from /workspaces/PR-ESPIDFCodebase/components/Drive/Drive.h:4,
                 from /workspaces/PR-ESPIDFCodebase/components/Robot/Robot.h:6,
                 from /workspaces/PR-ESPIDFCodebase/components/Robot/Quarterback.h:6,
                 from /workspaces/PR-ESPIDFCodebase/components/Robot/Quarterback.cpp:1:
/workspaces/PR-ESPIDFCodebase/managed_components/pr-lib-motor/include/MotorInterface.h:31:16: warning: 'MotorCount' defined but not used [-Wunused-variable]
   31 | static uint8_t MotorCount = 0;
      |                ^~~~~~~~~~
/workspaces/PR-ESPIDFCodebase/managed_components/pr-lib-motor/include/MotorInterface.h:30:16: warning: 'motors' defined but not used [-Wunused-variable]
   30 | static servo_t motors[MAX_NUM_MOTORS];
      |                ^~~~~~
[2099/2107] Linking C static library esp-idf/Robot/libRobot.a
[2100/2107] Building CXX object esp-idf/main/CMakeFiles/__idf_main.dir/main.cpp.obj
In file included from /workspaces/PR-ESPIDFCodebase/main/main.cpp:32:
/workspaces/PR-ESPIDFCodebase/components/Robot/QuarterbackBase.h:14:9: warning: "RX2" redefined
   14 | #define RX2 16
      |         ^~~
In file included from /workspaces/PR-ESPIDFCodebase/managed_components/espressif__arduino-esp32/cores/esp32/Arduino.h:202,
                 from /workspaces/PR-ESPIDFCodebase/main/main.cpp:10:
/workspaces/PR-ESPIDFCodebase/managed_components/espressif__arduino-esp32/cores/esp32/HardwareSerial.h:243:9: note: this is the location of the previous definition
  243 | #define RX2 (gpio_num_t)4
      |         ^~~
/workspaces/PR-ESPIDFCodebase/components/Robot/QuarterbackBase.h:15:9: warning: "TX2" redefined
   15 | #define TX2 17
      |         ^~~
/workspaces/PR-ESPIDFCodebase/managed_components/espressif__arduino-esp32/cores/esp32/HardwareSerial.h:251:9: note: this is the location of the previous definition
  251 | #define TX2 (gpio_num_t)25
      |         ^~~
In file included from /workspaces/PR-ESPIDFCodebase/managed_components/fastled/src/fl/../lib8tion/math8.h:8,
                 from /workspaces/PR-ESPIDFCodebase/managed_components/fastled/src/fl/../lib8tion.h:234,
                 from /workspaces/PR-ESPIDFCodebase/managed_components/fastled/src/fl/../pixeltypes.h:7,
                 from /workspaces/PR-ESPIDFCodebase/managed_components/fastled/src/fl/fastled.h:61,
                 from /workspaces/PR-ESPIDFCodebase/managed_components/fastled/src/FastLED.h:82,
                 from /workspaces/PR-ESPIDFCodebase/components/Robot/Lights.h:5,
                 from /workspaces/PR-ESPIDFCodebase/main/main.cpp:25:
/workspaces/PR-ESPIDFCodebase/managed_components/fastled/src/platforms/math8.h: In function 'uint8_t fl::sqrt8(uint8_t)':
/workspaces/PR-ESPIDFCodebase/managed_components/fastled/src/platforms/math8.h:79:29: warning: 'uint16_t fl::map8_to_16(uint8_t)' is deprecated: Use fl::int_scale<uint8_t, uint16_t>(x) instead [-Wdeprecated-declarations]
   79 |     return sqrt16(map8_to_16(x));
      |                   ~~~~~~~~~~^~~
In file included from /workspaces/PR-ESPIDFCodebase/managed_components/fastled/src/fl/../lib8tion/math8.h:5:
/workspaces/PR-ESPIDFCodebase/managed_components/fastled/src/fl/../lib8tion/intmap.h:52:17: note: declared here
   52 | inline uint16_t map8_to_16(uint8_t x) {
      |                 ^~~~~~~~~~
In file included from /workspaces/PR-ESPIDFCodebase/managed_components/fastled/src/fl/fastled.h:66:
/workspaces/PR-ESPIDFCodebase/managed_components/fastled/src/fl/../pixel_controller.h: In member function 'void PixelController<RGB_ORDER, LANES, MASK>::loadAndScale_WS2816_HD(uint16_t*, uint16_t*, uint16_t*)':
/workspaces/PR-ESPIDFCodebase/managed_components/fastled/src/fl/../pixel_controller.h:533:38: warning: 'uint16_t fl::map8_to_16(uint8_t)' is deprecated: Use fl::int_scale<uint8_t, uint16_t>(x) instead [-Wdeprecated-declarations]
  533 |         uint16_t r16 = fl::map8_to_16(mData[0]);
      |                        ~~~~~~~~~~~~~~^~~~~~~~~~
/workspaces/PR-ESPIDFCodebase/managed_components/fastled/src/fl/../lib8tion/intmap.h:52:17: note: declared here
   52 | inline uint16_t map8_to_16(uint8_t x) {
      |                 ^~~~~~~~~~
/workspaces/PR-ESPIDFCodebase/managed_components/fastled/src/fl/../pixel_controller.h:534:38: warning: 'uint16_t fl::map8_to_16(uint8_t)' is deprecated: Use fl::int_scale<uint8_t, uint16_t>(x) instead [-Wdeprecated-declarations]
  534 |         uint16_t g16 = fl::map8_to_16(mData[1]);
      |                        ~~~~~~~~~~~~~~^~~~~~~~~~
/workspaces/PR-ESPIDFCodebase/managed_components/fastled/src/fl/../lib8tion/intmap.h:52:17: note: declared here
   52 | inline uint16_t map8_to_16(uint8_t x) {
      |                 ^~~~~~~~~~
/workspaces/PR-ESPIDFCodebase/managed_components/fastled/src/fl/../pixel_controller.h:535:38: warning: 'uint16_t fl::map8_to_16(uint8_t)' is deprecated: Use fl::int_scale<uint8_t, uint16_t>(x) instead [-Wdeprecated-declarations]
  535 |         uint16_t b16 = fl::map8_to_16(mData[2]);
      |                        ~~~~~~~~~~~~~~^~~~~~~~~~
/workspaces/PR-ESPIDFCodebase/managed_components/fastled/src/fl/../lib8tion/intmap.h:52:17: note: declared here
   52 | inline uint16_t map8_to_16(uint8_t x) {
      |                 ^~~~~~~~~~
In file included from /workspaces/PR-ESPIDFCodebase/managed_components/fastled/src/fl/../platforms/fastpin.h:28,
                 from /workspaces/PR-ESPIDFCodebase/managed_components/fastled/src/fl/fastpin.h:32,
                 from /workspaces/PR-ESPIDFCodebase/managed_components/fastled/src/fl/../platforms/esp/32/fastpin_esp32.h:7,
                 from /workspaces/PR-ESPIDFCodebase/managed_components/fastled/src/fl/../platforms/esp/32/fastled_esp32.h:4,
                 from /workspaces/PR-ESPIDFCodebase/managed_components/fastled/src/fl/../platforms.h:48,
                 from /workspaces/PR-ESPIDFCodebase/managed_components/fastled/src/fl/fastled.h:83:
/workspaces/PR-ESPIDFCodebase/managed_components/fastled/src/platforms/generic_pin.h: At global scope:
/workspaces/PR-ESPIDFCodebase/managed_components/fastled/src/platforms/generic_pin.h:101:9: warning: type qualifiers ignored on function return type [-Wignored-qualifiers]
  101 |         port_t hival() __attribute__ ((always_inline)) {
      |         ^~~~~~
/workspaces/PR-ESPIDFCodebase/managed_components/fastled/src/platforms/generic_pin.h:106:9: warning: type qualifiers ignored on function return type [-Wignored-qualifiers]
  106 |         port_t loval() __attribute__ ((always_inline)) {
      |         ^~~~~~
/workspaces/PR-ESPIDFCodebase/managed_components/fastled/src/platforms/generic_pin.h:113:9: warning: type qualifiers ignored on function return type [-Wignored-qualifiers]
  113 |         port_t mask() __attribute__ ((always_inline)) { return mPinMask; }
      |         ^~~~~~
In file included from /workspaces/PR-ESPIDFCodebase/components/Motor/MotorControl.h:6,
                 from /workspaces/PR-ESPIDFCodebase/components/Drive/Drive.h:4,
                 from /workspaces/PR-ESPIDFCodebase/components/Robot/Robot.h:6,
                 from /workspaces/PR-ESPIDFCodebase/main/main.cpp:26:
/workspaces/PR-ESPIDFCodebase/managed_components/pr-lib-motor/include/MotorInterface.h:31:16: warning: 'MotorCount' defined but not used [-Wunused-variable]
   31 | static uint8_t MotorCount = 0;
      |                ^~~~~~~~~~
/workspaces/PR-ESPIDFCodebase/managed_components/pr-lib-motor/include/MotorInterface.h:30:16: warning: 'motors' defined but not used [-Wunused-variable]
   30 | static servo_t motors[MAX_NUM_MOTORS];
      |                ^~~~~~
[2101/2107] Building CXX object esp-idf/Pairing/CMakeFiles/__idf_Pairing.dir/pairing.cpp.obj
In file included from /workspaces/PR-ESPIDFCodebase/managed_components/fastled/src/fl/../lib8tion/math8.h:8,
                 from /workspaces/PR-ESPIDFCodebase/managed_components/fastled/src/fl/../lib8tion.h:234,
                 from /workspaces/PR-ESPIDFCodebase/managed_components/fastled/src/fl/../pixeltypes.h:7,
                 from /workspaces/PR-ESPIDFCodebase/managed_components/fastled/src/fl/fastled.h:61,
                 from /workspaces/PR-ESPIDFCodebase/managed_components/fastled/src/FastLED.h:82,
                 from /workspaces/PR-ESPIDFCodebase/components/Robot/Lights.h:5,
                 from /workspaces/PR-ESPIDFCodebase/components/Pairing/pairing.cpp:37:
/workspaces/PR-ESPIDFCodebase/managed_components/fastled/src/platforms/math8.h: In function 'uint8_t fl::sqrt8(uint8_t)':
/workspaces/PR-ESPIDFCodebase/managed_components/fastled/src/platforms/math8.h:79:29: warning: 'uint16_t fl::map8_to_16(uint8_t)' is deprecated: Use fl::int_scale<uint8_t, uint16_t>(x) instead [-Wdeprecated-declarations]
   79 |     return sqrt16(map8_to_16(x));
      |                   ~~~~~~~~~~^~~
In file included from /workspaces/PR-ESPIDFCodebase/managed_components/fastled/src/fl/../lib8tion/math8.h:5:
/workspaces/PR-ESPIDFCodebase/managed_components/fastled/src/fl/../lib8tion/intmap.h:52:17: note: declared here
   52 | inline uint16_t map8_to_16(uint8_t x) {
      |                 ^~~~~~~~~~
In file included from /workspaces/PR-ESPIDFCodebase/managed_components/fastled/src/fl/fastled.h:66:
/workspaces/PR-ESPIDFCodebase/managed_components/fastled/src/fl/../pixel_controller.h: In member function 'void PixelController<RGB_ORDER, LANES, MASK>::loadAndScale_WS2816_HD(uint16_t*, uint16_t*, uint16_t*)':
/workspaces/PR-ESPIDFCodebase/managed_components/fastled/src/fl/../pixel_controller.h:533:38: warning: 'uint16_t fl::map8_to_16(uint8_t)' is deprecated: Use fl::int_scale<uint8_t, uint16_t>(x) instead [-Wdeprecated-declarations]
  533 |         uint16_t r16 = fl::map8_to_16(mData[0]);
      |                        ~~~~~~~~~~~~~~^~~~~~~~~~
/workspaces/PR-ESPIDFCodebase/managed_components/fastled/src/fl/../lib8tion/intmap.h:52:17: note: declared here
   52 | inline uint16_t map8_to_16(uint8_t x) {
      |                 ^~~~~~~~~~
/workspaces/PR-ESPIDFCodebase/managed_components/fastled/src/fl/../pixel_controller.h:534:38: warning: 'uint16_t fl::map8_to_16(uint8_t)' is deprecated: Use fl::int_scale<uint8_t, uint16_t>(x) instead [-Wdeprecated-declarations]
  534 |         uint16_t g16 = fl::map8_to_16(mData[1]);
      |                        ~~~~~~~~~~~~~~^~~~~~~~~~
/workspaces/PR-ESPIDFCodebase/managed_components/fastled/src/fl/../lib8tion/intmap.h:52:17: note: declared here
   52 | inline uint16_t map8_to_16(uint8_t x) {
      |                 ^~~~~~~~~~
/workspaces/PR-ESPIDFCodebase/managed_components/fastled/src/fl/../pixel_controller.h:535:38: warning: 'uint16_t fl::map8_to_16(uint8_t)' is deprecated: Use fl::int_scale<uint8_t, uint16_t>(x) instead [-Wdeprecated-declarations]
  535 |         uint16_t b16 = fl::map8_to_16(mData[2]);
      |                        ~~~~~~~~~~~~~~^~~~~~~~~~
/workspaces/PR-ESPIDFCodebase/managed_components/fastled/src/fl/../lib8tion/intmap.h:52:17: note: declared here
   52 | inline uint16_t map8_to_16(uint8_t x) {
      |                 ^~~~~~~~~~
In file included from /workspaces/PR-ESPIDFCodebase/managed_components/fastled/src/fl/../platforms/fastpin.h:28,
                 from /workspaces/PR-ESPIDFCodebase/managed_components/fastled/src/fl/fastpin.h:32,
                 from /workspaces/PR-ESPIDFCodebase/managed_components/fastled/src/fl/../platforms/esp/32/fastpin_esp32.h:7,
                 from /workspaces/PR-ESPIDFCodebase/managed_components/fastled/src/fl/../platforms/esp/32/fastled_esp32.h:4,
                 from /workspaces/PR-ESPIDFCodebase/managed_components/fastled/src/fl/../platforms.h:48,
                 from /workspaces/PR-ESPIDFCodebase/managed_components/fastled/src/fl/fastled.h:83:
/workspaces/PR-ESPIDFCodebase/managed_components/fastled/src/platforms/generic_pin.h: At global scope:
/workspaces/PR-ESPIDFCodebase/managed_components/fastled/src/platforms/generic_pin.h:101:9: warning: type qualifiers ignored on function return type [-Wignored-qualifiers]
  101 |         port_t hival() __attribute__ ((always_inline)) {
      |         ^~~~~~
/workspaces/PR-ESPIDFCodebase/managed_components/fastled/src/platforms/generic_pin.h:106:9: warning: type qualifiers ignored on function return type [-Wignored-qualifiers]
  106 |         port_t loval() __attribute__ ((always_inline)) {
      |         ^~~~~~
/workspaces/PR-ESPIDFCodebase/managed_components/fastled/src/platforms/generic_pin.h:113:9: warning: type qualifiers ignored on function return type [-Wignored-qualifiers]
  113 |         port_t mask() __attribute__ ((always_inline)) { return mPinMask; }
      |         ^~~~~~
/workspaces/PR-ESPIDFCodebase/components/Pairing/pairing.cpp:52:17: warning: 'BluetoothSerial' is deprecated: BluetoothSerial won't be supported in version 4.0.0 by default [-Wdeprecated-declarations]
   52 | BluetoothSerial SerialBT;
      |                 ^~~~~~~~
In file included from /workspaces/PR-ESPIDFCodebase/components/Pairing/pairing.cpp:32:
/workspaces/PR-ESPIDFCodebase/managed_components/espressif__arduino-esp32/libraries/BluetoothSerial/src/BluetoothSerial.h:38:88: note: declared here
   38 | class [[deprecated("BluetoothSerial won't be supported in version 4.0.0 by default")]] BluetoothSerial : public Stream {
      |                                                                                        ^~~~~~~~~~~~~~~
/workspaces/PR-ESPIDFCodebase/components/Pairing/pairing.cpp: In function 'void activatePairing(bool, int)':
/workspaces/PR-ESPIDFCodebase/components/Pairing/pairing.cpp:233:14: warning: unused variable 'name' [-Wunused-variable]
  233 |         auto name = device->getName().c_str();  // get name to print and check
      |              ^~~~
/workspaces/PR-ESPIDFCodebase/components/Pairing/pairing.cpp:234:14: warning: unused variable 'addrStr' [-Wunused-variable]
  234 |         auto addrStr = addr.toString().c_str(); // std::string doesn't work with Serial.print for some reason
      |              ^~~~~~~
/workspaces/PR-ESPIDFCodebase/components/Pairing/pairing.cpp:227:11: warning: unused variable 'channel' [-Wunused-variable]
  227 |       int channel = 0;
      |           ^~~~~~~
[2102/2107] Linking C static library esp-idf/Pairing/libPairing.a
[2103/2107] Linking C static library esp-idf/main/libmain.a
[2104/2107] Generating esp-idf/esp_system/ld/sections.ld
[2105/2107] Linking CXX executable PR-ESPIDFCodebase.elf
[2106/2107] Generating binary image from built executable
esptool.py v4.10.0
Creating esp32 image...
Merged 2 ELF sections
Successfully created esp32 image.
Generated /workspaces/PR-ESPIDFCodebase/build/PR-ESPIDFCodebase.bin
[2107/2107] cd /workspaces/PR-ESPIDFCodebase/build/esp-idf/esptool_py && /opt/esp/python_env/idf5.5_py3.12_env/bin/python /opt/esp/idf/components/partition_table/check_sizes.py --offset 0x8000 partition --type app /workspaces/PR-ESPIDFCodebase/build/partition_table/partition-table.bin /workspaces/PR-ESPIDFCodebase/build/PR-ESPIDFCodebase.bin
PR-ESPIDFCodebase.bin binary size 0x100430 bytes. Smallest app partition is 0x177000 bytes. 0x76bd0 bytes (32%) free.

Project build complete. To flash, run:
 idf.py flash
or
 idf.py -p PORT flash
or
 python -m esptool --chip esp32 -b 460800 --before default_reset --after hard_reset write_flash --flash_mode dio --flash_size 2MB --flash_freq 40m 0x1000 build/bootloader/bootloader.bin 0x8000 build/partition_table/partition-table.bin 0x10000 build/PR-ESPIDFCodebase.bin
or from the "/workspaces/PR-ESPIDFCodebase/build" directory
 python -m esptool --chip esp32 -b 460800 --before default_reset --after hard_reset write_flash "@flash_args"
